Date,^BVSP,SPY,IEF,BRL=X,EURUSD=X,JPY=X,GLD,DBC
2003-01-01,,,,,,118.7100,,
2003-01-02,11603.00,59.32901,42.79612,,,120.2100,,
2003-01-03,11600.00,59.51141,42.86683,,,119.6700,,
2003-01-06,12020.00,60.56028,42.76078,,,119.3600,,
2003-01-07,11876.00,60.41044,42.89706,,,120.2200,,
2003-01-08,11786.00,59.53746,42.99800,,,119.1100,,
2003-01-09,11912.00,60.46252,42.47818,,,119.3800,,
2003-01-10,12243.00,60.62542,42.52356,,,119.3000,,
2003-01-13,12110.00,60.60587,42.59929,,,119.2400,,
2003-01-14,12175.00,60.80133,42.70020,,,118.0000,,
2003-01-15,11971.00,60.19545,42.79612,,,118.1100,,
2003-01-16,11952.00,59.94789,42.78096,,,117.8200,,
2003-01-17,11676.00,59.06192,42.95762,,,117.7800,,
2003-01-20,11648.00,,,,,118.0100,,
2003-01-21,11435.00,58.14334,43.10400,,,118.1600,,
2003-01-22,11142.00,57.43974,43.28070,,,118.3400,,
2003-01-23,11162.00,57.79155,43.18984,,,118.1200,,
2003-01-24,10784.00,56.27361,43.27565,,,117.8100,,
2003-01-27,10530.00,55.50489,43.14441,,,118.5500,,
2003-01-28,10517.00,55.91533,43.14945,,,118.6800,,
2003-01-29,10863.00,56.33877,42.96270,,,118.6300,,
2003-01-30,10751.00,55.00327,43.12925,,,119.0400,,
2003-01-31,10941.00,56.06513,43.14945,,,119.9100,,
2003-02-03,10910.00,56.17590,43.08260,,,120.3000,,
2003-02-04,10577.00,55.62215,43.22437,,,119.8400,,
2003-02-05,10592.00,55.27688,43.05727,,,120.1400,,
2003-02-06,10566.00,55.01627,43.22437,,,119.8900,,
2003-02-07,10381.00,54.34528,43.24464,,,120.2200,,
2003-02-10,10480.00,54.72965,43.16361,,,121.2100,,
2003-02-11,10509.00,54.35184,43.20412,,,120.9500,,
2003-02-12,10510.00,53.48535,43.39146,,,121.3200,,
2003-02-13,10108.00,53.64822,43.54846,,,120.3300,,
2003-02-14,10081.00,54.82085,43.39653,,,120.3000,,
2003-02-17,10189.00,,,,,120.2100,,
2003-02-18,10450.00,55.78504,43.39653,,,119.0400,,
2003-02-19,10252.00,55.49184,43.55859,,,118.6800,,
2003-02-20,10217.00,54.93813,43.71051,,,118.3000,,
2003-02-21,10331.00,55.49184,43.54846,,,118.6100,,
2003-02-24,10254.00,54.59284,43.72063,,,118.1500,,
2003-02-25,10192.00,55.02930,43.78139,,,117.4600,,
2003-02-26,9995.000,54.22801,43.91307,,,117.0900,,
2003-02-27,10126.00,54.94461,43.95357,,,117.7100,,
2003-02-28,10281.00,55.30944,44.10041,,,118.0900,,
2003-03-03,,54.78177,44.19181,,,117.6500,,
2003-03-04,,53.90879,44.27813,,,117.1400,,
2003-03-05,10306.00,54.36484,44.35936,,,117.2900,,
2003-03-06,10615.00,53.90879,44.26795,,,117.3000,,
2003-03-07,10724.00,54.28014,44.41522,,,117.0500,,
2003-03-10,10309.00,52.97718,44.56248,,,116.8500,,
2003-03-11,10340.00,52.45602,44.55235,,,117.1200,,
2003-03-12,10577.00,52.80783,44.45078,,,117.4900,,
2003-03-13,10783.00,54.63192,43.95827,,,118.6600,,
2003-03-14,10817.00,54.80782,44.10041,,,118.3000,,
2003-03-17,10875.00,56.53419,43.75514,,,118.8100,,
2003-03-18,11151.00,56.86646,43.51649,,,118.6000,,
2003-03-19,11006.00,57.30294,43.30828,,,120.0600,,
2003-03-20,11159.00,57.42672,43.33875,,,120.3000,,
2003-03-21,11377.00,58.65246,42.94266,,,121.4600,,
2003-03-24,11053.00,56.70328,43.35905,,,120.6800,,
2003-03-25,11232.00,57.24619,43.36413,,,119.9100,,
2003-03-26,11206.00,56.95835,43.46568,,,119.9800,,
2003-03-27,11233.00,57.00418,43.54692,,,119.9700,,
2003-03-28,11396.00,56.71638,43.61800,,,119.7200,,
2003-03-30,,,,,,118.0100,,
2003-03-31,11274.00,55.42783,43.93285,,,117.7900,,
2003-04-01,11592.00,56.27811,43.87631,,,119.1400,,
2003-04-02,11872.00,57.63863,43.56566,,,118.7300,,
2003-04-03,12006.00,57.36393,43.64207,,,119.9500,,
2003-04-04,12066.00,57.70402,43.56566,,,,,
2003-04-06,,,,,,119.8900,,
2003-04-07,12136.00,57.59287,43.46384,,,119.7100,,
2003-04-08,11779.00,57.68444,43.62682,,,120.0800,,
2003-04-09,11759.00,56.92566,43.77453,,,119.5400,,
2003-04-10,11591.00,57.23963,43.65735,,,120.5200,,
2003-04-11,11719.00,57.00418,43.54531,,,,,
2003-04-13,,,,,,120.2900,,
2003-04-14,11874.00,58.18153,43.42309,,,120.3100,,
2003-04-15,12106.00,58.72445,43.57585,,,119.5600,,
2003-04-16,12043.00,57.72367,43.67263,,,119.6500,,
2003-04-17,12395.00,58.58055,43.61662,,,119.8100,,
2003-04-20,,,,,,120.5300,,
2003-04-21,,58.63938,43.53511,,,119.8700,,
2003-04-22,12452.00,59.74485,43.54531,,,120.4700,,
2003-04-23,12394.00,60.29424,43.52497,,,119.7600,,
2003-04-24,12120.00,59.75791,43.77956,,,120.1600,,
2003-04-25,12126.00,59.01879,43.85089,,,,,
2003-04-27,,,,,,120.4800,,
2003-04-28,12462.00,60.03915,43.80504,,,119.8600,,
2003-04-29,12678.00,60.24847,43.72864,,,118.8200,,
2003-04-30,12557.00,60.11766,43.99344,,,118.4500,,
2003-05-01,,60.11109,44.03021,,,119.0300,,
2003-05-02,12810.00,60.96796,43.78997,,,,,
2003-05-04,,,,,,118.4500,,
2003-05-05,12833.00,60.85023,43.92801,,,117.5900,,
2003-05-06,12644.00,61.42583,44.19898,,,116.4200,,
2003-05-07,12956.00,61.08569,44.50574,,,117.0800,,
2003-05-08,12921.00,60.47087,44.55172,,,117.3500,,
2003-05-09,13214.00,61.30809,44.62330,,,,,
2003-05-11,,,,,,117.0000,,
2003-05-12,13320.00,62.06032,44.81251,,,116.7700,,
2003-05-13,13421.00,61.94913,44.85336,,,116.2100,,
2003-05-14,13459.00,61.81828,45.09882,,,116.4300,,
2003-05-15,13130.00,62.21077,45.05280,,,116.0100,,
2003-05-16,13225.00,62.05378,45.29306,,,,,
2003-05-18,,,,,,117.0800,,
2003-05-19,12746.00,60.60167,45.28285,,,116.6400,,
2003-05-20,12745.00,60.47741,45.58451,,,117.6000,,
2003-05-21,13034.00,60.60167,45.44138,,,117.2500,,
2003-05-22,13101.00,61.20345,45.65611,,,116.9500,,
2003-05-23,13143.00,61.32772,45.60496,,,,,
2003-05-25,,,,,,116.8600,,
2003-05-26,12852.00,,,,,117.2700,,
2003-05-27,13246.00,62.40041,45.43626,,,118.5500,,
2003-05-28,13294.00,62.57705,45.44645,,,118.1700,,
2003-05-29,13405.00,62.41351,45.68673,,,119.3000,,
2003-05-30,13422.00,63.41429,45.66115,,,,,
2003-06-01,,,,,,118.6500,,
2003-06-02,13229.00,63.67593,45.48381,,,119.1400,,
2003-06-03,13350.00,63.93753,45.78627,,,118.8300,,
2003-06-04,13718.00,64.85983,45.91960,,,117.7200,,
2003-06-05,13780.00,65.18033,45.75551,,,118.6300,,
2003-06-06,13923.00,64.92522,45.70427,,,,,
2003-06-08,,,,,,118.1800,,
2003-06-09,13846.00,64.26459,45.95544,,,117.6700,,
2003-06-10,13894.00,64.91865,46.21182,,,117.6900,,
2003-06-11,13877.00,65.60551,46.11440,,,117.6200,,
2003-06-12,13983.00,65.80825,46.29384,,,117.3900,,
2003-06-13,13734.00,65.12148,46.46302,,,,,
2003-06-15,,,,,,117.6400,,
2003-06-16,13833.00,66.49505,46.22206,,,118.0900,,
2003-06-17,13777.00,66.49505,45.97084,,,117.9400,,
2003-06-18,13511.00,66.43620,45.69399,,,118.4500,,
2003-06-19,,65.42233,45.76062,,,118.3300,,
2003-06-20,13131.00,65.27792,45.68889,,,,,
2003-06-22,,,,,,117.7100,,
2003-06-23,12991.00,64.60835,45.86319,,,117.9200,,
2003-06-24,13108.00,64.67395,46.07854,,,117.9300,,
2003-06-25,13026.00,64.02410,45.72987,,,119.2600,,
2003-06-26,13112.00,64.85776,45.27877,,,119.5300,,
2003-06-27,13024.00,64.10944,45.23772,,,,,
2003-06-29,,,,,,119.6700,,
2003-06-30,12973.00,64.08970,45.34541,,,119.2400,,
2003-07-01,13291.00,64.68053,45.46576,,,118.1500,,
2003-07-02,13310.00,65.49453,45.51223,,,118.1700,,
2003-07-03,13134.00,64.81842,45.22295,,,118.3300,,
2003-07-04,13281.00,,,,,,,
2003-07-06,,,,,,118.0900,,
2003-07-07,13402.00,66.10506,44.98020,,,118.2500,,
2003-07-08,13619.00,66.40044,44.99572,,,117.8100,,
2003-07-09,,66.02629,45.07837,,,117.6700,,
2003-07-10,13501.00,65.18604,45.18166,,,117.9100,,
2003-07-11,13321.00,65.80306,45.34180,,,,,
2003-07-13,,,,,,117.7200,,
2003-07-14,13588.00,66.12476,45.07837,,,117.8600,,
2003-07-15,13614.00,65.98032,44.46368,,,118.0200,,
2003-07-16,13487.00,65.59297,44.47919,,,118.8200,,
2003-07-17,13622.00,64.66082,44.38618,,,118.4200,,
2003-07-18,13794.00,65.32385,44.27254,,,,,
2003-07-20,,,,,,118.5500,,
2003-07-21,13676.00,64.51646,43.69402,,,119.0200,,
2003-07-22,13835.00,65.10066,43.84898,,,118.7200,,
2003-07-23,13799.00,65.14661,43.98324,,,118.9500,,
2003-07-24,13761.00,64.65431,43.81281,,,118.7600,,
2003-07-25,13750.00,65.79652,43.75605,,,,,
2003-07-27,,,,,,119.4100,,
2003-07-28,13643.00,65.55363,43.43574,,,119.8200,,
2003-07-29,13623.00,65.25168,43.01217,,,120.2800,,
2003-07-30,13475.00,65.09409,43.35828,,,120.5600,,
2003-07-31,13572.00,65.24509,43.06901,,,120.1300,,
2003-08-01,13130.00,64.66740,43.24456,,,,,
2003-08-03,,,,,,120.3100,,
2003-08-04,12939.00,64.66740,43.56244,,,119.9000,,
2003-08-05,13059.00,63.29543,43.27065,,,120.2000,,
2003-08-06,12888.00,63.66302,43.71347,,,119.1100,,
2003-08-07,13328.00,64.33265,43.86981,,,119.0300,,
2003-08-08,13500.00,64.51646,43.86462,,,,,
2003-08-10,,,,,,118.5000,,
2003-08-11,13560.00,64.75928,43.68224,,,118.6000,,
2003-08-12,13602.00,65.35017,43.60411,,,119.2000,,
2003-08-13,13682.00,65.01534,43.11953,,,118.9700,,
2003-08-14,13812.00,65.19260,43.20810,,,119.1300,,
2003-08-15,13890.00,65.39609,43.19250,,,,,
2003-08-17,,,,,,119.4000,,
2003-08-18,14146.00,65.96068,43.32275,,,118.5700,,
2003-08-19,14158.00,66.21008,43.66663,,,118.0600,,
2003-08-20,14467.00,65.94096,43.45821,,,117.8300,,
2003-08-21,14670.00,66.15099,43.29667,,,117.4900,,
2003-08-22,14613.00,65.49453,43.32796,,,,,
2003-08-24,,,,,,117.2300,,
2003-08-25,14473.00,65.59959,43.14037,,,117.3000,,
2003-08-26,14878.00,65.71775,43.29667,,,117.4800,,
2003-08-27,15143.00,65.73744,43.19250,,,117.3200,,
2003-08-28,15065.00,66.14445,43.49467,,,116.8900,,
2003-08-29,15174.00,66.59083,43.37483,,,,,
2003-08-31,,,,,,116.5000,,
2003-09-01,15352.00,,,,,116.4400,,
2003-09-02,15454.00,67.48359,43.19816,,,115.9100,,
2003-09-03,15634.00,67.85123,43.30857,,,116.8500,,
2003-09-04,15705.00,67.88405,43.58730,,,116.7900,,
2003-09-05,15900.00,67.50330,44.13943,,,,,
2003-09-07,,,,,,116.6100,,
2003-09-08,16050.00,68.06127,43.93435,,,116.8100,,
2003-09-09,15718.00,67.61495,44.14470,,,117.0700,,
2003-09-10,15983.00,66.93221,44.44441,,,117.0800,,
2003-09-11,16292.00,67.12917,44.28666,,,117.2700,,
2003-09-12,16421.00,67.25387,44.46541,,,,,
2003-09-14,,,,,,117.4100,,
2003-09-15,16342.00,67.01752,44.54437,,,116.1900,,
2003-09-16,16270.00,67.99561,44.50753,,,116.1100,,
2003-09-17,16492.00,67.86434,44.75465,,,115.2300,,
2003-09-18,16889.00,68.66522,44.74940,,,113.9100,,
2003-09-19,16851.00,68.31596,44.74940,,,,,
2003-09-21,,,,,,112.0700,,
2003-09-22,16486.00,67.57793,44.55486,,,112.2700,,
2003-09-23,16444.00,67.83490,44.66002,,,111.8900,,
2003-09-24,16058.00,66.62900,44.88615,,,112.1000,,
2003-09-25,15806.00,66.08204,44.94925,,,111.6900,,
2003-09-26,15811.00,65.86461,45.29102,,,,,
2003-09-28,,,,,,110.8200,,
2003-09-29,16109.00,66.51034,45.09647,,,111.2900,,
2003-09-30,16011.00,65.86461,45.53292,,,111.2300,,
2003-10-01,16579.00,67.26819,45.73496,,,110.8700,,
2003-10-02,16894.00,67.51200,45.57052,,,110.8100,,
2003-10-03,17089.00,68.13148,44.93946,,,,,
2003-10-05,,,,,,110.9300,,
2003-10-06,17273.00,68.44120,45.07204,,,109.9100,,
2003-10-07,17470.00,68.70476,44.81222,,,109.5200,,
2003-10-08,17805.00,68.53344,44.89175,,,109.1000,,
2003-10-09,17708.00,68.71793,44.74858,,,108.5600,,
2003-10-10,17676.00,68.90904,44.88115,,,,,
2003-10-12,,,,,,108.9800,,
2003-10-13,18062.00,69.12653,44.81222,,,108.7900,,
2003-10-14,18178.00,69.37037,44.63189,,,109.5100,,
2003-10-15,17942.00,69.18581,44.47280,,,109.7700,,
2003-10-16,17955.00,69.46258,44.22885,,,109.3000,,
2003-10-17,17791.00,68.70476,44.46748,,,,,
2003-10-19,,,,,,110.1800,,
2003-10-20,18370.00,69.21880,44.49927,,,109.5600,,
2003-10-21,18449.00,69.10020,44.57888,,,108.9600,,
2003-10-22,18235.00,68.23029,44.90235,,,109.4200,,
2003-10-23,17690.00,68.10506,44.75919,,,109.2300,,
2003-10-24,17814.00,68.25664,45.07204,,,,,
2003-10-27,17750.00,68.28964,44.95010,,,108.4300,,
2003-10-28,18228.00,69.21880,45.16221,,,108.1500,,
2003-10-29,17945.00,69.31101,44.87053,,,108.2200,,
2003-10-30,18094.00,69.45599,44.70613,,,108.6000,,
2003-10-31,17982.00,69.39010,44.86527,,,110.0000,,
2003-11-03,18517.00,69.84484,44.69446,,,110.8000,,
2003-11-04,18541.00,69.69321,44.85405,,,109.5500,,
2003-11-05,18307.00,69.74595,44.69446,,,109.8600,,
2003-11-06,18613.00,70.11499,44.46563,,,110.1700,,
2003-11-07,18672.00,69.59438,44.39114,,,109.3300,,
2003-11-10,18572.00,69.31101,44.37520,,,108.7300,,
2003-11-11,18409.00,69.29122,44.44438,,,108.7700,,
2003-11-12,18794.00,70.06886,44.58800,,,108.6800,,
2003-11-13,18755.00,70.08866,44.97646,,,108.0300,,
2003-11-14,18986.00,69.49555,45.22116,,,108.3000,,
2003-11-17,18669.00,69.14629,45.27441,,,109.0100,,
2003-11-18,18813.00,68.42796,45.46063,,,108.0600,,
2003-11-19,18807.00,69.00792,45.15201,,,109.1100,,
2003-11-20,19199.00,68.38847,45.43404,,,109.0000,,
2003-11-21,19248.00,68.67181,45.41274,,,108.7500,,
2003-11-24,19691.00,69.58122,45.17331,,,109.3800,,
2003-11-25,19810.00,69.84484,45.28503,,,109.4000,,
2003-11-26,19695.00,70.09521,45.17331,,,109.0500,,
2003-11-27,19961.00,,,,,109.2800,,
2003-11-28,20184.00,70.14791,44.87533,,,109.6200,,
2003-12-01,20521.00,70.90575,44.60114,2.923000,1.196501,109.1700,,
2003-12-02,20458.00,70.72781,44.72917,2.931000,1.208897,108.7300,,
2003-12-03,20540.00,70.61578,44.61183,2.931000,1.212298,108.3000,,
2003-12-04,20414.00,70.90575,44.70781,2.943000,1.208094,108.2700,,
2003-12-05,20880.00,70.41151,45.25199,2.934000,1.218695,107.6200,,
2003-12-08,20889.00,70.88603,45.08128,2.940000,1.222001,107.4100,,
2003-12-09,21260.00,70.33907,44.85720,2.933000,1.224995,107.0900,,
2003-12-10,20973.00,70.33243,44.96925,2.942000,1.219096,108.3800,,
2003-12-11,21296.00,71.12320,45.24132,2.936000,1.222404,107.9800,,
2003-12-12,20974.00,71.26157,45.24132,2.935000,1.227898,107.6800,,
2003-12-15,20710.00,70.90575,45.21999,2.919000,1.231997,107.7400,,
2003-12-16,20760.00,71.27478,45.76423,2.936000,1.232195,107.5100,,
2003-12-17,21199.00,71.49883,45.88274,2.930000,1.240202,107.3800,,
2003-12-18,21489.00,72.30279,46.03904,2.932000,1.242298,107.6500,,
2003-12-19,21386.00,72.10149,46.04446,2.923000,1.238497,107.7100,,
2003-12-22,21630.00,72.60468,45.92052,2.919000,1.239895,107.4900,,
2003-12-23,21688.00,72.65103,45.60798,2.907000,1.240003,107.4300,,
2003-12-24,,72.57823,45.89360,2.907000,1.245299,107.2600,,
2003-12-25,,,,2.907000,1.244803,107.2400,,
2003-12-26,21807.00,72.63120,46.03904,2.901000,1.243194,107.4500,,
2003-12-29,22045.00,73.59784,45.75883,2.860000,1.248393,107.0500,,
2003-12-30,22236.00,73.61105,45.71033,2.901000,1.254894,106.9600,,
2003-12-31,,73.67726,45.79090,2.901000,1.259002,107.4000,,
2004-01-01,,,,2.901000,1.258194,107.3000,,
2004-01-02,22445.00,73.64419,45.42325,2.876000,1.258194,106.9100,,
2004-01-05,23532.00,74.44530,45.38544,2.853000,1.268698,106.2400,,
2004-01-06,23576.00,74.51814,45.72600,2.866000,1.272103,106.2300,,
2004-01-07,23320.00,74.76971,45.82874,2.858000,1.264095,106.1800,,
2004-01-08,23717.00,75.06766,45.82874,2.854000,1.277498,106.1700,,
2004-01-09,23917.00,74.41219,46.36936,2.830000,1.285892,106.5800,,
2004-01-12,24237.00,74.96175,46.36936,2.790000,1.274096,106.6000,,
2004-01-13,23940.00,74.52477,46.61806,2.805000,1.278593,106.2400,,
2004-01-14,23399.00,75.14708,46.70993,2.818000,1.265102,106.2400,,
2004-01-15,22962.00,75.33247,46.73701,2.813000,1.260097,106.2700,,
2004-01-16,23155.00,75.63043,46.54234,2.827000,1.239803,106.7500,,
2004-01-19,23385.00,,,2.838000,1.235407,107.2300,,
2004-01-20,23679.00,75.61057,46.46125,2.838000,1.258907,107.0000,,
2004-01-21,23302.00,76.20642,46.59641,2.843000,1.265903,106.8100,,
2004-01-22,22969.00,76.00783,46.79647,2.828000,1.272508,106.1300,,
2004-01-23,23471.00,75.76284,46.44503,2.840000,1.258305,106.7500,,
2004-01-26,24350.00,76.71627,46.25043,2.844000,1.248798,106.3500,,
2004-01-27,24226.00,75.92840,46.43420,2.868000,1.263695,105.6300,,
2004-01-28,23852.00,75.06104,46.09904,2.894000,1.244199,106.1300,,
2004-01-29,22386.00,75.13387,46.04503,2.930000,1.241003,105.9100,,
2004-01-30,21851.00,75.13387,46.25585,2.932000,1.246805,105.7200,,
2004-02-02,21787.00,75.45829,46.20977,2.941000,1.243302,105.5200,,
2004-02-03,22281.00,75.33247,46.38868,2.916000,1.253494,105.4700,,
2004-02-04,21685.00,74.71675,46.31280,2.918000,1.253997,105.4500,,
2004-02-05,21092.00,74.93525,46.13929,2.930000,1.257197,105.6400,,
2004-02-06,21969.00,75.77608,46.42122,2.932000,1.270002,105.4500,,
2004-02-09,21962.00,75.79597,46.52966,2.924000,1.269406,105.8200,,
2004-02-10,22171.00,76.04090,46.39952,2.918000,1.268504,105.5800,,
2004-02-11,23197.00,76.84866,46.64358,2.905000,1.283005,105.3400,,
2004-02-12,23063.00,76.57059,46.61645,2.895000,1.281805,105.3000,,
2004-02-13,22530.00,76.22631,46.73570,2.904000,1.272799,105.2000,,
2004-02-16,22189.00,,,2.906000,1.276503,105.4500,,
2004-02-17,22426.00,76.91490,46.73570,2.916000,1.285793,105.6100,,
2004-02-18,22000.00,76.57723,46.72486,2.940000,1.272508,106.3400,,
2004-02-19,20951.00,76.29252,46.75742,2.957000,1.275705,106.9100,,
2004-02-20,21337.00,76.06078,46.60013,2.957000,1.254202,108.9500,,
2004-02-23,,75.86880,46.75200,2.957000,1.257197,108.3000,,
2004-02-24,,75.73639,46.83332,2.957000,1.267797,108.2000,,
2004-02-25,21609.00,76.05418,46.88753,2.939000,1.249703,108.9700,,
2004-02-26,21450.00,76.10051,46.81706,2.930000,1.244803,109.4800,,
2004-02-27,21755.00,76.15346,47.00143,2.905000,1.249407,109.2500,,
2004-03-01,22499.00,76.90828,47.05091,2.893000,1.244803,108.9100,,
2004-03-02,22442.00,76.45801,46.77902,2.890000,1.220405,110.1500,,
2004-03-03,22550.00,76.59710,46.73549,2.887000,1.219096,110.1100,,
2004-03-04,22393.00,76.79570,46.88233,2.888000,1.220703,111.2500,,
2004-03-05,22873.00,77.05392,47.46419,2.866000,1.236797,112.0000,,
2004-03-08,22993.00,76.11376,47.73065,2.873000,1.242607,111.2900,,
2004-03-09,22674.00,75.80919,47.91011,2.879000,1.231906,111.4600,,
2004-03-10,21670.00,74.53800,47.90468,2.900000,1.223197,110.8900,,
2004-03-11,20763.00,73.57130,47.91011,2.907000,1.235102,110.8300,,
2004-03-12,21776.00,74.53800,47.76326,2.899000,1.222404,110.6500,,
2004-03-15,21234.00,73.62432,47.79049,2.903000,1.227205,110.3100,,
2004-03-16,21613.00,74.01492,48.02433,2.897000,1.226106,108.7100,,
2004-03-17,21901.00,74.84257,47.99171,2.910000,1.222703,108.2600,,
2004-03-18,22370.00,74.86243,47.83942,2.906000,1.238896,106.7900,,
2004-03-19,22261.00,73.78940,47.77420,2.900000,1.226904,106.6600,,
2004-03-22,21663.00,72.85258,47.95366,2.911000,1.234598,106.7600,,
2004-03-23,21205.00,72.72629,48.02433,2.913000,1.234507,106.7600,,
2004-03-24,20985.00,72.78613,47.99171,2.928000,1.213902,106.4000,,
2004-03-25,21000.00,73.74951,47.92646,2.935000,1.213695,106.1300,,
2004-03-26,21541.00,73.76949,47.62191,2.937000,1.212695,106.1800,,
2004-03-28,,,,2.938000,1.216604,105.4600,,
2004-03-29,21531.00,74.80590,47.42070,2.907000,1.218502,105.8400,,
2004-03-30,22043.00,75.05843,47.43702,2.895000,1.231300,104.2100,,
2004-03-31,22142.00,75.14478,47.61101,2.889000,1.236507,103.7400,,
2004-04-01,22647.00,75.59657,47.49430,2.893000,1.212900,104.6100,,
2004-04-02,22949.00,76.16797,46.61622,,,,,
2004-04-04,,,,2.875000,1.201302,105.0900,,
2004-04-05,23146.00,76.58655,46.38710,2.874000,1.213106,105.7600,,
2004-04-06,23072.00,76.34071,46.55076,2.870000,1.216604,105.2200,,
2004-04-07,22443.00,76.16134,46.55623,2.884000,1.207700,106.4200,,
2004-04-08,22725.00,75.98861,46.46900,2.884000,1.208605,106.4000,,
2004-04-11,,,,2.881000,1.207307,105.3500,,
2004-04-12,22780.00,76.28756,46.32171,2.891000,1.193802,106.8200,,
2004-04-13,22620.00,75.21786,45.96170,2.886000,1.194700,108.6700,,
2004-04-14,22312.00,75.33744,45.92900,2.917000,1.198696,108.2100,,
2004-04-15,21739.00,75.05179,45.86350,2.908000,1.200293,107.8000,,
2004-04-16,21769.00,75.62981,46.03259,,,,,
2004-04-18,,,,2.906000,1.200696,108.3900,,
2004-04-19,21627.00,75.62981,45.91264,2.928000,1.184806,108.9600,,
2004-04-20,21078.00,74.36079,45.57995,2.928000,1.181000,109.3500,,
2004-04-21,,74.85910,45.67262,2.926000,1.192506,109.3800,,
2004-04-22,21142.00,75.90887,45.85265,2.908000,1.185003,109.1600,,
2004-04-23,21590.00,75.98193,45.66175,,,,,
2004-04-25,,,,2.909000,1.186197,108.6300,,
2004-04-26,21324.00,75.87563,45.65629,2.916000,1.192905,109.5200,,
2004-04-27,21317.00,75.94206,45.83628,2.946000,1.184301,110.0200,,
2004-04-28,20474.00,74.95876,45.53630,2.965000,1.196001,109.9300,,
2004-04-29,19865.00,74.30095,45.43267,2.930000,1.198294,110.3700,,
2004-04-30,19607.00,73.72297,45.54174,,,,,
2004-05-02,,,,2.979000,1.193602,110.1600,,
2004-05-03,19709.00,74.51360,45.52423,2.966000,1.210507,109.5500,,
2004-05-04,19988.00,74.45378,45.39293,2.953000,1.215894,108.8200,,
2004-05-05,20026.00,74.93218,45.28893,2.997000,1.207700,109.7400,,
2004-05-06,19190.00,74.28770,45.24517,3.061000,1.188001,112.3100,,
2004-05-07,18620.00,73.05856,44.68706,,,,,
2004-05-09,,,,3.141000,1.184596,113.7300,,
2004-05-10,17604.00,72.30775,44.67613,3.074000,1.188199,112.9400,,
2004-05-11,18537.00,72.91901,44.76365,3.140000,1.190505,112.9700,,
2004-05-12,18326.00,73.38409,44.69801,3.132000,1.180401,114.5900,,
2004-05-13,18402.00,73.07845,44.56124,3.088000,1.188199,114.1100,,
2004-05-14,18611.00,73.11169,44.78555,,,,,
2004-05-16,,,,3.121000,1.202501,114.4300,,
2004-05-17,18122.00,72.48711,45.07557,3.129000,1.194501,114.0900,,
2004-05-18,18556.00,72.85258,44.98796,3.133000,1.200394,112.8500,,
2004-05-19,18688.00,72.60007,44.78008,3.212000,1.195700,112.7300,,
2004-05-20,18240.00,72.83264,45.00447,3.193000,1.202805,112.3400,,
2004-05-21,18285.00,72.95886,44.90597,,,,,
2004-05-23,,,,3.177000,1.199904,113.1200,,
2004-05-24,18669.00,73.26452,44.93875,3.137000,1.210097,111.8100,,
2004-05-25,18860.00,74.31427,44.95520,3.159000,1.211094,111.8600,,
2004-05-26,19069.00,74.57337,45.17952,3.120000,1.227596,111.0700,,
2004-05-27,19734.00,74.99197,45.42575,3.088000,1.221807,109.9700,,
2004-05-28,19667.00,74.98535,45.29990,,,,,
2004-05-30,,,,3.187000,1.219899,109.5200,,
2004-05-31,19545.00,,,3.146000,1.224500,110.4200,,
2004-06-01,19546.00,74.88567,45.07425,3.132000,1.221896,109.8500,,
2004-06-02,19717.00,75.16471,44.99739,3.154000,1.222105,111.1600,,
2004-06-03,19400.00,74.47373,45.06881,3.127000,1.227506,111.2600,,
2004-06-04,19819.00,75.06505,44.88210,,,,,
2004-06-06,,,,3.110000,1.231800,109.6200,,
2004-06-07,20447.00,76.20786,44.94798,3.108000,1.226106,109.5300,,
2004-06-08,20284.00,76.31414,44.93699,3.124000,1.204297,110.3900,,
2004-06-09,19865.00,75.60323,44.80524,3.124000,1.210903,109.2700,,
2004-06-10,,75.97530,44.85462,3.138000,1.201504,110.1300,,
2004-06-11,19834.00,,,,,,,
2004-06-13,,,,3.167000,1.206200,110.9900,,
2004-06-14,19488.00,75.22453,44.63503,3.123000,1.216604,109.4100,,
2004-06-15,20047.00,75.75602,45.22799,3.137000,1.200696,110.0900,,
2004-06-16,20460.00,75.74273,45.12916,3.127000,1.203398,109.5800,,
2004-06-17,20335.00,75.62981,45.25544,3.139000,1.214506,108.7200,,
2004-06-18,20333.00,75.77250,45.16211,,,,,
2004-06-20,,,,3.132000,1.212606,108.6800,,
2004-06-21,20293.00,75.48576,45.23344,3.132000,1.212195,109.1900,,
2004-06-22,20199.00,75.86585,45.17309,3.119000,1.208605,108.2100,,
2004-06-23,20836.00,76.51939,45.23894,3.092000,1.217404,107.1900,,
2004-06-24,20708.00,76.27931,45.41463,3.109000,1.220301,107.6000,,
2004-06-25,20750.00,75.91258,45.43662,,,,,
2004-06-27,,,,3.127000,1.218695,107.9900,,
2004-06-28,20351.00,75.65244,45.10173,3.107000,1.209804,108.1900,,
2004-06-29,20801.00,75.96589,45.31581,3.085000,1.218398,108.8700,,
2004-06-30,21149.00,76.37268,45.59584,3.073000,1.216205,108.4700,,
2004-07-01,21349.00,75.31238,45.68560,3.039000,1.231103,108.2600,,
2004-07-02,21568.00,75.27241,46.07671,,,,,
2004-07-04,,,,3.024000,1.229997,109.0100,,
2004-07-05,21670.00,,,3.045000,1.228501,109.4100,,
2004-07-06,21188.00,74.61224,45.98855,3.032000,1.237103,108.5200,,
2004-07-07,21171.00,74.83226,46.01060,3.056000,1.239495,108.8500,,
2004-07-08,20887.00,74.31212,46.01606,3.041000,1.241897,108.1800,,
2004-07-09,,74.50551,46.09319,,,,,
2004-07-11,,,,3.033000,1.240803,108.3100,,
2004-07-12,21532.00,74.53884,46.14830,3.038000,1.233304,108.4200,,
2004-07-13,21677.00,74.59224,46.04914,3.023000,1.238497,109.1500,,
2004-07-14,21673.00,74.36546,46.02712,3.015000,1.235605,109.7600,,
2004-07-15,22065.00,73.88539,46.00507,3.001000,1.245594,108.7300,,
2004-07-16,22447.00,73.82536,46.45121,,,,,
2004-07-18,,,,2.992000,1.243998,108.2700,,
2004-07-19,22102.00,73.51192,46.44020,3.002000,1.233395,108.4900,,
2004-07-20,22361.00,74.44553,46.13727,3.028000,1.226302,109.8700,,
2004-07-21,21810.00,73.07184,46.03813,3.040000,1.225595,109.7600,,
2004-07-22,21730.00,73.27187,46.09319,3.053000,1.209599,110.1500,,
2004-07-23,21591.00,72.65838,46.20338,,,,,
2004-07-25,,,,3.075000,1.213902,109.8700,,
2004-07-26,21318.00,72.51836,46.04366,3.053000,1.206404,110.8800,,
2004-07-27,21737.00,73.19851,45.71864,3.053000,1.204398,111.7500,,
2004-07-28,22168.00,73.41856,45.79025,3.034000,1.203804,112.1100,,
2004-07-29,22228.00,73.73202,45.83433,3.036000,1.201605,111.3600,,
2004-07-30,22337.00,73.91203,46.14830,,,,,
2004-08-01,,,,3.046000,1.202198,110.8500,,
2004-08-02,22448.00,74.06543,46.19418,3.051000,1.205298,110.6500,,
2004-08-03,22373.00,73.49194,46.30465,3.053000,1.205996,111.0000,,
2004-08-04,22178.00,73.48531,46.27706,3.067000,1.205197,111.7500,,
2004-08-05,21330.00,72.28498,46.41523,3.031000,1.230800,110.5100,,
2004-08-06,21653.00,71.25137,47.05077,,,,,
2004-08-08,,,,3.039000,1.227295,110.6500,,
2004-08-09,21261.00,71.35140,46.89596,3.027000,1.223601,111.2200,,
2004-08-10,21737.00,72.27161,46.70255,3.035000,1.222195,110.7600,,
2004-08-11,21570.00,72.12495,46.86285,3.034000,1.223900,110.8800,,
2004-08-12,21570.00,71.33807,46.92362,3.019000,1.237593,110.7000,,
2004-08-13,21401.00,71.47809,47.00652,,,,,
2004-08-15,,,,3.006000,1.235895,110.3900,,
2004-08-16,21764.00,72.21829,46.95680,2.994000,1.234507,109.9500,,
2004-08-17,22061.00,72.62505,47.17783,2.982000,1.234004,109.4300,,
2004-08-18,22779.00,73.37189,47.02310,2.986000,1.237195,109.3600,,
2004-08-19,22935.00,73.15852,47.13916,2.964000,1.232195,109.1100,,
2004-08-20,23196.00,73.67197,47.04521,,,,,
2004-08-22,,,,2.962000,1.215200,109.7400,,
2004-08-23,22852.00,73.48531,46.88493,2.955000,1.208196,109.6900,,
2004-08-24,22870.00,73.58528,46.92916,2.950000,1.208605,110.1000,,
2004-08-25,23058.00,74.08541,46.93467,2.952000,1.209907,109.6200,,
2004-08-26,22582.00,74.08541,47.13916,,1.201995,109.6600,,
2004-08-27,22597.00,74.31880,47.08390,,,,,
2004-08-29,,,,,1.204906,109.9200,,
2004-08-30,22869.00,73.70533,47.24966,,1.217804,109.1700,,
2004-08-31,22803.00,74.09211,47.45416,,1.219007,109.3600,,
2004-09-01,22513.00,74.23211,47.44641,,1.217300,109.5000,,
2004-09-02,22688.00,75.07232,47.19137,,1.205502,110.4100,,
2004-09-03,22415.00,74.76561,47.06390,,,,,
2004-09-05,,,,,1.206593,110.1500,,
2004-09-06,22502.00,,,,1.209907,109.3700,,
2004-09-07,,75.25906,47.09159,,1.218903,109.2100,,
2004-09-08,22534.00,75.07232,47.36323,,1.224200,109.3900,,
2004-09-09,22286.00,75.00565,47.28008,,1.227295,109.5800,,
2004-09-10,21968.00,75.39240,47.37432,,,,,
2004-09-12,,,,,1.226407,110.0500,,
2004-09-13,21809.00,75.63912,47.49078,,1.226001,109.5400,,
2004-09-14,22309.00,75.79253,47.50181,,1.215702,110.0200,,
2004-09-15,22344.00,75.21904,47.45196,,1.219007,109.6100,,
2004-09-16,22876.00,75.44576,47.71249,,1.218205,109.7000,,
2004-09-17,23074.00,75.76649,47.54615,,,,,
2004-09-19,,,,,1.217404,109.9100,,
2004-09-20,23078.00,75.31117,47.81778,,1.232894,109.7800,,
2004-09-21,23106.00,75.63926,47.85105,,1.226693,110.6000,,
2004-09-22,22749.00,74.69514,48.04507,,1.227205,110.7400,,
2004-09-23,22944.00,74.29336,47.87881,,1.227596,110.5400,,
2004-09-24,22972.00,74.63487,47.87326,,,,,
2004-09-26,,,,,1.230800,111.1700,,
2004-09-27,22834.00,74.15945,48.00631,,1.232104,111.3100,,
2004-09-28,23231.00,74.51433,47.95635,,1.233700,111.0200,,
2004-09-29,23208.00,74.88931,47.65707,,1.243394,110.0800,,
2004-09-30,23245.00,74.83574,47.60715,,1.241496,110.4800,,
2004-10-01,23777.00,76.10130,47.41641,,,,,
2004-10-03,,,,,1.228999,110.8500,,
2004-10-04,24150.00,76.22858,47.43313,,1.231603,111.0600,,
2004-10-05,24205.00,76.26876,47.43313,,1.228094,111.3400,,
2004-10-06,24027.00,76.79105,47.27742,,1.229906,111.1100,,
2004-10-07,24104.00,75.96742,47.19404,,1.241003,109.5000,,
2004-10-08,23927.00,75.33796,47.59439,,,,,
2004-10-10,,,,,1.238405,109.3700,,
2004-10-11,23954.00,75.64600,47.67221,,1.232104,109.6700,,
2004-10-12,,75.35135,47.67221,,1.234903,109.6700,,
2004-10-13,23289.00,74.68844,47.84461,,1.238896,109.6500,,
2004-10-14,22959.00,74.08579,48.01139,,1.247894,109.3700,,
2004-10-15,23368.00,74.50092,47.85014,,,,,
2004-10-17,,,,,1.248907,109.3500,,
2004-10-18,23411.00,74.78218,47.92241,,1.251894,108.3500,,
2004-10-19,22893.00,74.15272,47.90572,,1.257893,108.3000,,
2004-10-20,22873.00,74.00546,48.12258,,1.262005,107.4100,,
2004-10-21,23059.00,74.48751,48.05589,,1.269100,107.5200,,
2004-10-22,22735.00,73.65052,48.18927,,,,,
2004-10-24,,,,,1.281099,106.6000,,
2004-10-25,22603.00,73.56351,48.24489,,1.276503,106.6800,,
2004-10-26,22849.00,74.68844,48.16149,,1.270600,106.6500,,
2004-10-27,23171.00,75.58572,47.86683,,,,,
2004-10-28,22929.00,75.81339,47.93911,,1.279198,105.7200,,
2004-10-29,23052.00,75.79998,48.07812,,,,,
2004-11-01,23273.00,76.00755,47.84104,,1.274600,106.4500,,
2004-11-02,,76.03437,47.95819,,1.272006,106.0700,,
2004-11-03,23660.00,76.99188,47.94146,,1.282495,106.1200,,
2004-11-04,23880.00,78.04319,47.91360,,1.287300,106.0800,,
2004-11-05,23542.00,78.53201,47.55660,,1.296697,105.4900,,
2004-11-08,23212.00,78.41817,47.48970,,1.290806,105.6200,,
2004-11-09,23216.00,78.26418,47.50085,,1.289907,105.7500,,
2004-11-10,23455.00,78.32444,47.40606,,1.288593,106.9700,,
2004-11-11,23521.00,78.92040,47.39492,,1.291005,106.6800,,
2004-11-12,24035.00,79.54311,47.57335,,1.297000,105.6500,,
2004-11-15,,79.73855,47.59567,,1.293996,105.4100,,
2004-11-16,23772.00,79.16771,47.54545,,1.296193,105.4200,,
2004-11-17,24170.00,79.63781,47.79644,,1.303798,104.0500,,
2004-11-18,24143.00,79.74524,47.83549,,1.294901,104.3000,44.38000,
2004-11-19,24034.00,78.85874,47.57335,,1.303900,103.0800,44.78000,
2004-11-22,24445.00,79.23489,47.60683,,1.304002,103.1600,44.95000,
2004-11-23,24340.00,79.35574,47.56217,,1.309706,103.3300,44.75000,
2004-11-24,24368.00,79.54382,47.62914,,1.317801,102.8400,45.05000,
2004-11-25,24867.00,,,,1.325803,102.5200,,
2004-11-26,24998.00,79.48333,47.45623,,1.329504,102.5300,45.29000,
2004-11-29,24855.00,79.12070,47.17184,,1.326506,103.0300,45.40000,
2004-11-30,25128.00,79.17436,47.12716,,1.329805,102.9000,45.12000,
2004-12-01,25235.00,80.07435,47.11154,,1.334597,102.5100,45.38000,
2004-12-02,25200.00,80.14152,47.00522,,1.326102,103.1000,44.95000,
2004-12-03,25468.00,80.08775,47.47517,,1.346602,102.0900,45.60000,
2004-12-06,25633.00,80.06092,47.56469,,1.339603,103.1300,45.17000,
2004-12-07,24989.00,79.31544,47.55909,,1.343093,102.8600,45.11000,
2004-12-08,24968.00,79.77883,47.91155,,1.334508,104.0300,44.01000,
2004-12-09,24526.00,80.06092,47.79965,,1.330406,104.6800,43.78000,
2004-12-10,24933.00,80.14152,47.87235,,1.321598,105.0200,43.44000,
2004-12-13,25225.00,80.83997,47.90593,,1.332001,104.6900,43.91000,
2004-12-14,25563.00,81.12206,47.98989,,1.330902,105.2000,43.55000,
2004-12-15,25576.00,81.18248,48.16328,,1.340393,104.2500,43.99000,
2004-12-16,25831.00,81.13548,47.79405,,1.325100,104.5800,43.68000,
2004-12-17,25659.00,80.59429,47.73251,,1.331292,104.1500,44.19000,
2004-12-20,25537.00,80.61457,47.78843,,1.339208,104.1500,44.34000,
2004-12-21,25890.00,81.23534,47.85560,,1.336898,104.3000,44.22000,
2004-12-22,25723.00,81.43103,47.80525,,1.339100,104.1600,44.02000,
2004-12-23,25878.00,81.49174,47.74373,,1.351205,103.5500,44.27000,
2004-12-24,,,,,1.353803,103.6500,,
2004-12-27,25937.00,81.32306,47.54230,,1.362398,102.8900,44.48000,
2004-12-28,26117.00,81.76840,47.53670,,1.359398,103.1900,44.37000,
2004-12-29,26161.00,81.88988,47.44160,,1.360692,103.9400,43.66000,
2004-12-30,26196.00,81.73469,47.62063,,1.362806,102.9100,43.83000,
2004-12-31,,81.55923,47.67733,,1.356502,102.5100,43.80000,
2005-01-03,25722.00,81.17462,47.77275,,1.347001,102.7400,43.02000,
2005-01-04,24848.00,80.18269,47.47528,,1.328198,104.3400,42.74000,
2005-01-05,24692.00,79.62939,47.55381,,1.328004,103.9300,42.67000,
2005-01-06,24367.00,80.03423,47.59875,,1.318305,104.8900,42.15000,
2005-01-07,24747.00,79.91958,47.55943,,1.306097,104.8900,41.84000,
2005-01-10,24292.00,80.29741,47.55381,,1.310994,104.1700,41.95000,
2005-01-11,24370.00,79.74411,47.64920,,1.311699,103.4200,42.21000,
2005-01-12,24510.00,80.00726,47.72222,,1.325592,102.4400,42.60000,
2005-01-13,24806.00,79.36624,47.91301,,1.321109,102.4600,42.60000,
2005-01-14,24924.00,79.78455,47.88497,,1.309895,101.9800,42.32000,
2005-01-17,24515.00,,,,1.305108,102.2600,,
2005-01-18,24089.00,80.61457,47.86813,,1.301795,102.2600,42.32000,
2005-01-19,24271.00,79.77110,47.89619,,1.300306,102.9100,42.26000,
2005-01-20,23610.00,79.28520,47.98037,,1.296294,103.3700,42.25000,
2005-01-21,23818.00,78.79941,48.07579,,1.299900,102.6100,42.74000,
2005-01-24,24198.00,78.64423,48.07016,,1.303900,102.5800,42.77000,
2005-01-25,,78.86688,47.89059,,1.297101,104.0200,42.24000,
2005-01-26,24530.00,79.10307,47.90182,,1.307805,103.0700,42.69000,
2005-01-27,24030.00,79.23801,47.82887,,1.304104,102.8500,42.62000,
2005-01-28,23968.00,79.23801,48.07579,,1.304495,102.7300,42.69000,
2005-01-31,24351.00,79.73060,48.09264,,1.305193,103.6000,42.22000,
2005-02-01,24149.00,80.23670,48.05940,,1.303900,103.6400,42.10000,
2005-02-02,24605.00,80.47961,48.06508,,1.303203,103.6600,42.16000,
2005-02-03,24874.00,80.27039,47.98620,,1.297202,104.4600,41.68000,
2005-02-04,25732.00,81.12738,48.23394,,1.285793,104.0400,41.47000,
2005-02-07,,81.01942,48.32964,,1.276406,104.8200,41.27000,
2005-02-08,,81.11385,48.37466,,1.276992,105.7100,41.26000,
2005-02-09,26314.00,80.50657,48.61110,,1.281296,105.5900,41.31000,
2005-02-10,26416.00,80.79672,48.30711,,1.287598,105.8200,41.75000,
2005-02-11,26671.00,81.49174,48.24519,,1.285694,105.7500,42.08000,
2005-02-14,26532.00,81.43103,48.30711,,1.297303,105.1000,42.55000,
2005-02-15,26610.00,81.73469,48.23394,,1.301693,104.5500,42.58000,
2005-02-16,26384.00,81.78866,48.05940,,1.302304,105.4800,42.52000,
2005-02-17,27091.00,81.12738,47.95246,,1.307497,105.4800,42.73000,
2005-02-18,26756.00,81.23534,47.71037,,1.306899,105.6300,42.75000,
2005-02-21,26853.00,,,,1.306404,105.4400,,
2005-02-22,26740.00,80.02749,47.71600,,1.326102,104.2300,43.57000,
2005-02-23,27198.00,80.60104,47.75541,,1.320306,105.0500,43.42000,
2005-02-24,28436.00,81.13409,47.67658,,1.318305,105.5000,43.33000,
2005-02-25,28425.00,81.93710,47.74417,,1.324609,105.2400,43.50000,
2005-02-28,28139.00,81.39729,47.43457,,1.321702,104.5300,43.53000,
2005-03-01,27730.00,81.80212,47.43511,,1.317193,104.4500,43.22000,
2005-03-02,28200.00,81.76164,47.42944,,1.313594,104.7700,43.25000,
2005-03-03,28668.00,81.79535,47.40124,,1.310599,105.2900,42.97000,
2005-03-04,29197.00,82.81429,47.61573,,1.324696,104.7900,43.38000,
2005-03-07,29455.00,82.85477,47.62702,,1.322192,105.0900,43.47000,
2005-03-08,29021.00,82.54438,47.40124,,1.335203,104.5700,44.03000,
2005-03-09,28514.00,81.62669,47.03993,,1.337703,104.0100,44.02000,
2005-03-10,28567.00,81.80888,47.12460,,1.343797,103.9300,44.20000,
2005-03-11,28075.00,81.23534,46.92706,,1.347291,104.0800,44.43000,
2005-03-14,28099.00,81.74140,47.03993,,1.336505,104.9300,44.03000,
2005-03-15,27588.00,81.06665,46.94963,,1.331009,104.5400,44.06000,
2005-03-16,27827.00,80.37837,47.05687,,1.341094,104.1900,44.31000,
2005-03-17,28086.00,80.54034,47.23753,,1.337900,104.5300,43.82000,
2005-03-18,27593.00,80.30117,47.11895,,1.332197,104.7100,43.89000,
2005-03-21,27411.00,80.00313,47.06252,,1.316101,105.2100,43.09000,
2005-03-22,26618.00,79.19023,46.71817,,1.307702,105.6000,42.65000,
2005-03-23,26248.00,79.25797,46.82542,,1.299292,105.9100,42.42000,
2005-03-24,26702.00,79.35281,46.86494,,1.293193,106.4200,42.39000,
2005-03-25,,,,,1.295605,106.3600,,
2005-03-27,,,,,1.289507,107.2400,,
2005-03-28,26257.00,79.46797,46.71252,,1.293795,107.3300,42.54000,
2005-03-29,25842.00,78.93958,46.90445,,1.291506,107.5300,42.56000,
2005-03-30,26470.00,80.05733,47.01170,,1.296697,107.1400,42.61000,
2005-03-31,26611.00,79.90826,47.24315,,1.290906,107.6600,42.82000,
2005-04-01,26774.00,79.54924,47.33890,,,,42.62000,
2005-04-03,,,,,1.285000,108.2800,,
2005-04-04,26407.00,79.68473,47.31620,,1.285793,108.2700,42.40000,
2005-04-05,26038.00,80.06409,47.32192,,1.286703,108.6800,42.45000,
2005-04-06,25695.00,80.34182,47.46350,,1.285000,108.5900,42.63000,
2005-04-07,26308.00,80.77538,47.28223,,1.293494,108.1600,42.57000,
2005-04-08,25885.00,79.93540,47.33323,,,,42.69000,
2005-04-10,,,,,1.297101,107.7300,,
2005-04-11,25900.00,79.99638,47.47483,,1.291506,107.8000,42.78000,
2005-04-12,26206.00,80.40960,47.72408,,1.291206,107.3200,42.84000,
2005-04-13,26066.00,79.46120,47.74672,,1.279492,108.3000,42.90000,
2005-04-14,24984.00,78.42471,47.87130,,1.287001,107.7100,42.31000,
2005-04-15,24656.00,77.32732,48.18280,,,,42.40000,
2005-04-17,,,,,1.301795,107.4300,,
2005-04-18,24877.00,77.56441,48.08087,,1.306506,106.8600,42.69000,
2005-04-19,25566.00,78.18087,48.35838,,1.308695,106.8500,43.28000,
2005-04-20,25062.00,77.09021,48.33010,,1.304700,106.7700,43.40000,
2005-04-21,,78.58731,47.98457,,1.306199,105.9500,43.19000,
2005-04-22,24767.00,78.28924,48.18848,,,,43.39000,
2005-04-24,,,,,1.299393,105.7100,,
2005-04-25,25232.00,78.80410,48.18848,,1.298499,106.1200,43.44000,
2005-04-26,25305.00,78.03861,48.16582,,1.292107,105.9300,43.64000,
2005-04-27,25242.00,78.34347,48.31307,,1.290506,106.0400,43.20000,
2005-04-28,24440.00,77.36118,48.60761,,1.287598,104.6500,43.00000,
2005-04-29,24844.00,78.41119,48.43201,,,,43.35000,
2005-05-01,,,,,1.284604,105.1000,,
2005-05-02,24705.00,78.85151,48.48148,,1.288693,104.8700,42.88000,
2005-05-03,24716.00,78.98698,48.54395,,1.295001,104.5200,42.76000,
2005-05-04,25474.00,79.59666,48.53261,,1.295605,104.5100,42.90000,
2005-05-05,25436.00,79.56960,48.68598,,1.281197,105.0700,42.91000,
2005-05-06,25589.00,79.31891,48.33939,,,,42.52000,
2005-05-08,,,,,1.285496,105.7100,,
2005-05-09,25465.00,79.81344,48.33374,,1.288693,105.4600,42.55000,
2005-05-10,24763.00,78.98698,48.50416,,1.281394,105.7500,42.64000,
2005-05-11,24699.00,79.42056,48.56668,,1.268102,106.8200,42.69000,
2005-05-12,24117.00,78.54669,48.61214,,1.261607,107.3100,42.16000,
2005-05-13,23887.00,78.39088,48.73717,,,,41.95000,
2005-05-15,,,,,1.263999,106.8500,,
2005-05-16,24379.00,79.12249,48.74280,,1.260303,107.4300,41.88000,
2005-05-17,24413.00,79.65086,48.80527,,1.268102,107.0100,41.86000,
2005-05-18,24898.00,80.47054,48.96441,,1.263504,107.6000,42.05000,
2005-05-19,24829.00,80.80924,48.81667,,1.255698,108.1500,41.98000,
2005-05-20,24522.00,80.69408,48.81100,,,,41.65000,
2005-05-22,,,,,1.257103,107.7600,,
2005-05-23,24215.00,81.14119,49.03258,,1.256802,107.5900,41.62000,
2005-05-24,24545.00,80.95152,49.16327,,1.259906,107.6800,41.73000,
2005-05-25,24478.00,80.89053,48.98712,,1.251392,108.0300,41.87000,
2005-05-26,,81.32408,49.01553,,1.258194,107.9800,41.69000,
2005-05-27,25255.00,81.45956,49.06665,,,,41.88000,
2005-05-29,,,,,1.248299,107.9600,,
2005-05-30,25424.00,,,,1.230800,108.4000,,
2005-05-31,25207.00,80.93796,49.32233,,1.219602,108.6600,41.65000,
2005-06-01,25949.00,81.62895,49.62670,,1.226693,108.2100,41.53000,
2005-06-02,26640.00,81.80505,49.60954,,1.223002,107.6400,42.10000,
2005-06-03,26366.00,81.39181,49.32461,,,,42.17000,
2005-06-05,,,,,1.226001,106.8700,,
2005-06-06,25556.00,81.31731,49.45572,,1.227898,106.6300,42.48000,
2005-06-07,25026.00,81.37828,49.59814,,1.223795,107.2200,42.38000,
2005-06-08,24702.00,81.22923,49.50700,,1.222793,107.4800,42.34000,
2005-06-09,24484.00,81.61540,49.47849,,1.213695,108.6500,42.27000,
2005-06-10,24951.00,81.42570,49.16506,,,,42.62000,
2005-06-12,,,,,1.211798,109.4500,,
2005-06-13,24902.00,81.68310,49.03394,,1.202603,109.4000,42.78000,
2005-06-14,25744.00,81.87278,48.97697,,1.212195,109.1700,42.60000,
2005-06-15,25481.00,82.02858,48.95986,,1.209907,108.9600,42.74000,
2005-06-16,25751.00,82.23860,49.11377,,1.227898,108.5300,43.46000,
2005-06-17,26093.00,82.54333,49.05674,,,,43.63000,
2005-06-19,,,,,1.215200,109.3500,,
2005-06-20,26046.00,82.57053,48.98268,,1.217404,108.4100,43.66000,
2005-06-21,25722.00,82.61813,49.13656,,1.212106,108.7600,43.81000,
2005-06-22,25678.00,82.68615,49.50700,,1.202906,108.9200,43.72000,
2005-06-23,24816.00,81.52308,49.45572,,1.209804,108.9700,44.02000,
2005-06-24,24917.00,80.92457,49.57539,,,,43.90000,
2005-06-26,,,,,1.216397,109.2800,,
2005-06-27,25226.00,81.04019,49.61527,,1.207307,109.7700,43.91000,
2005-06-28,25261.00,81.72034,49.40440,,1.207802,110.4400,43.45000,
2005-06-29,25126.00,81.50269,49.38729,,1.209102,110.8600,43.63000,
2005-06-30,25051.00,81.06059,49.55829,,1.193602,111.7400,43.44000,
2005-07-01,25311.00,81.29865,49.13183,,,,42.70000,
2005-07-03,,,,,1.190902,111.5600,,
2005-07-04,25045.00,,,,1.193104,111.5500,,
2005-07-05,24675.00,81.95157,48.93177,,1.192905,112.2500,42.28000,
2005-07-06,24517.00,81.26466,49.03469,,1.194501,112.0000,42.25000,
2005-07-07,24450.00,81.58432,49.14901,,1.198107,112.2600,42.36000,
2005-07-08,24423.00,82.51610,48.97181,,,,42.26000,
2005-07-10,,,,,1.206899,111.7000,,
2005-07-11,25016.00,82.93781,48.94890,,1.223002,110.9600,42.54000,
2005-07-12,25536.00,83.15546,48.82314,,1.208007,112.0100,42.64000,
2005-07-13,25856.00,83.27107,48.77744,,1.209395,112.2800,42.35000,
2005-07-14,25920.00,83.59757,48.71455,,1.204602,112.2100,41.90000,
2005-07-15,25222.00,83.54993,48.72596,,,,42.05000,
2005-07-17,,,,,1.205604,111.8900,,
2005-07-18,25321.00,83.21669,48.64595,,1.202993,112.9000,42.01000,
2005-07-19,25271.00,83.67238,48.71455,,1.215806,112.7300,41.89000,
2005-07-20,25705.00,83.95802,48.80602,,1.216101,110.4300,42.20000,
2005-07-21,25842.00,83.46835,48.44590,,1.206098,111.3000,42.46000,
2005-07-22,25391.00,84.02606,48.67453,,,,42.45000,
2005-07-24,,,,,1.206505,111.6400,,
2005-07-25,24531.00,83.78798,48.58878,,1.201706,112.5100,42.51000,
2005-07-26,24868.00,83.89005,48.62311,,1.206695,112.4500,42.25000,
2005-07-27,25338.00,84.19609,48.55449,,1.213195,112.2700,42.44000,
2005-07-28,26068.00,84.72662,48.76598,,1.212400,112.4400,42.75000,
2005-07-29,26042.00,84.16207,48.47447,,,,42.82000,
2005-07-31,,,,,1.218398,112.2200,,
2005-08-01,26298.00,84.10088,48.37758,,1.219393,111.3900,43.13000,
2005-08-02,26789.00,84.60416,48.33163,,1.233502,111.1000,43.14000,
2005-08-03,26714.00,84.82863,48.45208,,1.238497,111.2300,43.53000,
2005-08-04,26470.00,84.14850,48.41770,,1.236598,111.8000,43.68000,
2005-08-05,26518.00,83.57715,48.15961,,,,43.60000,
2005-08-07,,,,,1.235102,112.0800,,
2005-08-08,26711.00,83.42072,48.03346,,1.237808,111.7800,43.35000,
2005-08-09,27291.00,83.92404,48.17111,,1.238605,110.6500,43.34000,
2005-08-10,27117.00,83.88321,48.14819,,1.247303,109.7000,43.65000,
2005-08-11,26633.00,84.21648,48.35460,,1.244493,109.3400,44.45000,
2005-08-12,26951.00,83.69959,48.54959,,,,44.49000,
2005-08-14,,,,,1.237103,109.3300,,
2005-08-15,27375.00,84.21648,48.48650,,1.234995,109.6000,44.13000,
2005-08-16,27080.00,83.12148,48.71591,,1.227807,109.8500,44.55000,
2005-08-17,27416.00,83.11465,48.52663,,1.218398,110.4600,43.91000,
2005-08-18,26900.00,83.10787,48.78471,,1.215495,110.4400,43.83000,
2005-08-19,26644.00,83.29826,48.75603,,,,43.60000,
2005-08-21,,,,,1.223406,109.6900,,
2005-08-22,27261.00,83.29826,48.79618,,1.223496,109.8600,43.70000,
2005-08-23,26769.00,83.14186,48.88792,,1.227401,110.2300,43.76000,
2005-08-24,26712.00,82.40048,48.91088,,1.230194,110.0700,43.59000,
2005-08-25,27402.00,82.69975,48.93953,,1.229407,110.1600,43.73000,
2005-08-26,27095.00,82.13521,48.85927,,,,43.61000,
2005-08-28,,,,,1.223496,110.6700,,
2005-08-29,27385.00,82.76777,48.89362,,1.221807,111.3500,43.57000,
2005-08-30,27604.00,82.33248,49.12305,,1.234096,110.6500,43.01000,
2005-08-31,28045.00,83.37312,49.44419,,1.249001,109.8900,43.40000,
2005-09-01,27962.00,83.31188,49.49250,,1.253306,109.8000,44.22000,
2005-09-02,28319.00,83.16224,49.50404,,,,44.25000,
2005-09-04,,,,,1.252693,109.3200,,
2005-09-05,28522.00,,,,1.245795,109.6100,,
2005-09-06,28855.00,84.13486,49.34870,,1.241604,110.0300,44.27000,
2005-09-07,,84.27769,49.18763,,1.239403,110.5100,44.33000,
2005-09-08,28828.00,83.99886,49.18763,,1.241095,109.6200,44.60000,
2005-09-09,29308.00,84.74699,49.22786,,,,44.84000,
2005-09-11,,,,,1.229105,110.2500,,
2005-09-12,29086.00,84.57699,49.07256,,1.228003,110.7100,44.89000,
2005-09-13,28873.00,84.10767,49.22211,,1.227898,110.4700,44.56000,
2005-09-14,29050.00,83.80161,49.11859,,1.223601,110.6000,44.96000,
2005-09-15,29366.00,83.76080,48.96900,,1.223900,111.3200,45.42000,
2005-09-16,29816.00,84.35642,48.77916,,,,45.82000,
2005-09-18,,,,,1.213902,111.4700,,
2005-09-19,30076.00,84.07636,48.87696,,1.211901,111.9600,46.25000,
2005-09-20,30059.00,83.36597,48.83670,,,,46.23000,
2005-09-21,30837.00,82.58732,49.06105,,1.215407,111.6300,47.06000,
2005-09-22,30678.00,82.88100,49.09556,,1.204094,112.4800,46.36000,
2005-09-23,31294.00,82.94932,48.82519,,,,46.28000,
2005-09-25,,,,,1.207307,112.3200,,
2005-09-26,31141.00,83.04499,48.69864,,1.201894,113.2500,46.57000,
2005-09-27,30875.00,83.02444,48.72737,,1.206200,112.9100,46.25000,
2005-09-28,31317.00,83.10642,48.82519,,1.202096,113.2000,46.80000,
2005-09-29,31209.00,83.78266,48.71590,,1.202805,113.4600,47.10000,
2005-09-30,31584.00,84.04222,48.57778,,,,46.70000,
2005-10-02,,,,,1.191299,114.2500,,
2005-10-03,31856.00,83.74163,48.39138,,1.191895,114.3500,46.42000,
2005-10-04,31284.00,82.79903,48.41438,,1.201201,114.1000,46.45000,
2005-10-05,30164.00,81.71301,48.52987,,1.217196,113.3400,46.36000,
2005-10-06,29227.00,81.41929,48.46645,,1.213003,113.7800,47.21000,
2005-10-07,29973.00,81.69935,48.52987,,,,47.36000,
2005-10-09,,,,,1.204906,114.2200,,
2005-10-10,30277.00,81.00947,48.54143,,1.198495,114.5500,47.37000,
2005-10-11,30614.00,80.89335,48.44906,,1.202805,114.3700,47.39000,
2005-10-12,,80.25814,48.26439,,1.201894,114.4800,46.85000,
2005-10-13,29880.00,80.21031,48.18936,,1.207700,114.0500,47.02000,
2005-10-14,29770.00,81.05729,48.18936,,,,46.80000,
2005-10-16,,,,,1.201100,115.1000,,
2005-10-17,30242.00,81.35783,48.13167,,1.195500,115.7900,47.26000,
2005-10-18,29068.00,80.47672,48.20091,,1.197404,115.5200,47.00000,
2005-10-19,29297.00,81.81551,48.25860,,1.201793,115.3100,46.34000,
2005-10-20,28344.00,80.37424,48.28749,,1.195400,115.9000,45.98000,
2005-10-21,29176.00,80.68844,48.50106,,,,46.52000,
2005-10-23,,,,,1.197605,115.4700,,
2005-10-24,29835.00,81.93842,48.29324,,1.211196,115.1100,46.39000,
2005-10-25,29498.00,81.77448,48.06815,,1.206302,115.9100,47.06000,
2005-10-26,29730.00,81.53541,47.88345,,1.214300,115.3600,46.93000,
2005-10-27,29133.00,80.66795,47.99311,,1.207103,115.5700,47.18000,
2005-10-28,29318.00,81.82915,47.94117,,,,47.22000,
2005-10-31,30194.00,82.05450,47.97579,,1.198897,116.4400,46.40000,
2005-11-01,30900.00,82.30042,47.94569,,1.202400,116.7600,45.73000,
2005-11-02,,83.16107,47.84722,,1.206753,116.8000,46.13000,
2005-11-03,31100.00,83.51624,47.67922,,1.195200,117.2200,45.96000,
2005-11-04,30888.00,83.40695,47.65608,,1.181307,118.3100,45.51000,
2005-11-07,30952.00,83.48891,47.74297,,1.179301,117.6200,45.77000,
2005-11-08,30971.00,83.48891,47.98041,,1.176803,117.4000,45.91000,
2005-11-09,30666.00,83.59824,47.72559,,1.177801,117.7400,46.56000,
2005-11-10,30725.00,84.24715,47.99781,,1.167556,117.9600,46.48000,
2005-11-11,30511.00,84.53400,48.05573,,1.173502,118.0400,46.80000,
2005-11-14,30219.00,84.48619,47.84139,,1.169194,118.7900,46.62000,
2005-11-15,,84.17879,48.00361,,1.173199,118.8500,46.66000,
2005-11-16,30482.00,84.34958,48.24685,,1.167706,119.1000,47.78000,
2005-11-17,31087.00,85.13512,48.33951,,1.174798,118.8100,48.48000,
2005-11-18,31102.00,85.46978,48.22371,,1.177607,119.0900,48.46000,
2005-11-21,31110.00,85.90012,48.31636,,1.173695,119.0800,48.99000,
2005-11-22,31489.00,86.26897,48.48431,,1.181405,118.8600,49.32000,
2005-11-23,31943.00,86.76756,48.35691,,1.180805,118.7600,49.15000,
2005-11-24,31945.00,,,,1.178106,119.1100,,
2005-11-25,31920.00,86.83582,48.50166,,1.172498,119.6400,49.42000,
2005-11-28,31358.00,86.22112,48.56536,,1.185003,118.9000,49.74000,
2005-11-29,31652.00,86.12550,48.29902,,1.176803,119.7500,49.80000,
2005-11-30,31917.00,85.66102,48.27580,,1.180498,119.7200,49.10000,
2005-12-01,32617.00,86.53535,48.16716,,1.174205,120.4100,50.17000,
2005-12-02,32832.00,86.64460,48.20778,,1.171893,120.4500,50.32000,
2005-12-05,32701.00,86.46020,48.06253,,1.178703,120.8400,50.78000,
2005-12-06,33223.00,86.62411,48.28915,,1.179802,120.6800,50.89000,
2005-12-07,32757.00,86.11865,48.26014,,1.171797,121.0300,51.32000,
2005-12-08,32480.00,86.06403,48.46933,,1.181307,120.3900,51.90000,
2005-12-09,32922.00,86.28945,48.25432,,1.181405,120.6400,52.40000,
2005-12-12,32971.00,86.37141,48.14387,,1.195600,119.9000,52.56000,
2005-12-13,33420.00,86.95881,48.26014,,1.194900,120.0400,51.65000,
2005-12-14,33629.00,87.30034,48.56231,,1.197404,117.5500,50.35000,
2005-12-15,33193.00,87.04762,48.49842,,1.196702,116.3200,50.24000,
2005-12-16,33292.00,86.76747,48.58555,,1.201403,115.6400,50.09000,
2005-12-19,33005.00,86.32114,48.61464,,1.200696,116.0500,50.22000,
2005-12-20,33067.00,86.40353,48.53326,,1.187493,117.2400,49.04000,
2005-12-21,33517.00,86.54082,48.46933,,1.183404,117.4800,49.37000,
2005-12-22,33513.00,86.99407,48.66113,,1.187296,116.6700,50.14000,
2005-12-23,33331.00,87.04215,48.77736,,1.187197,116.3600,50.12000,
2005-12-26,33298.00,,,,1.183796,116.6000,,
2005-12-27,33371.00,86.15630,49.00982,,1.185607,117.3200,50.64000,
2005-12-28,33138.00,86.34857,48.85938,,1.184806,117.7200,51.47000,
2005-12-29,33456.00,85.96405,48.91761,,1.185003,117.8100,51.47000,
2005-12-30,,85.49714,48.93517,,1.184105,117.9800,51.58000,
2006-01-02,33507.00,,,,1.181698,117.8000,,
2006-01-03,34541.00,87.00093,48.92933,,1.203297,115.9800,53.12000,
2006-01-04,35002.00,87.41291,49.01683,,1.211196,116.2200,53.30000,
2006-01-05,34936.00,87.46784,49.02847,,1.210698,116.0000,52.34000,
2006-01-06,35475.00,88.19573,48.96434,,1.215407,114.3900,53.72000,
2006-01-09,35337.00,88.42233,48.98766,,1.207496,114.5400,54.60000,
2006-01-10,35049.00,88.51159,48.78942,,1.206404,114.4500,54.06000,
2006-01-11,35952.00,88.79315,48.66694,,1.213902,114.2800,54.53000,
2006-01-12,35779.00,88.44291,48.84187,,1.204500,114.6300,54.43000,
2006-01-13,35897.00,88.36050,49.05766,,1.214300,114.2200,55.44000,
2006-01-16,36534.00,,,,1.211607,115.1200,,
2006-01-17,36119.00,88.12019,49.11595,,1.210844,115.5850,55.26000,
2006-01-18,35805.00,87.76998,49.13347,,1.210800,115.2600,54.07000,
2006-01-19,36858.00,88.10642,49.01098,,1.209102,115.5000,55.59000,
2006-01-20,36695.00,86.49962,49.09261,,1.213607,115.2700,55.20000,
2006-01-23,36632.00,86.80868,49.08097,,1.230406,114.4700,55.77000,
2006-01-24,37400.00,86.89792,48.99938,,1.226497,115.0400,55.73000,
2006-01-25,,86.97343,48.69606,,1.224500,115.7700,56.14000,
2006-01-26,38014.00,87.45415,48.59109,,1.221493,116.2900,55.88000,
2006-01-27,37822.00,88.26440,48.62611,,1.209395,117.4000,55.63000,
2006-01-30,38242.00,88.19573,48.52111,,1.208605,117.6200,56.68000,
2006-01-31,38383.00,87.55027,48.59109,,1.214845,117.3100,56.70000,
2006-02-01,38485.00,88.16140,48.44134,,1.206695,117.9700,56.70000,
2006-02-02,37304.00,87.13825,48.44134,,1.208401,118.5150,56.98000,
2006-02-03,37262.00,86.70567,48.58762,,1.202704,118.8900,56.50000,
2006-02-06,37321.00,86.93223,48.51739,,1.196301,119.0700,56.72000,19.18510
2006-02-07,36562.00,86.16319,48.45889,,1.199300,117.7300,54.60000,18.63016
2006-02-08,36499.00,86.94599,48.42963,,1.196501,118.4900,54.83000,18.55088
2006-02-09,36882.00,86.80178,48.47643,,1.199400,118.7100,56.18000,18.72529
2006-02-10,36975.00,86.95972,48.33602,,1.190703,117.8300,54.79000,18.38440
2006-02-13,36114.00,86.80178,48.33602,,1.191199,117.5300,53.72000,18.09900
2006-02-14,36627.00,87.72192,48.26583,,1.191597,117.6000,54.49000,17.94837
2006-02-15,37239.00,88.03091,48.35359,,1.188594,117.9400,53.76000,17.68676
2006-02-16,38256.00,88.69012,48.33017,,1.190703,117.4600,54.52000,17.90081
2006-02-17,38422.00,88.44979,48.49398,,1.194201,118.1400,54.96000,18.15449
2006-02-20,38539.00,,,,1.193403,118.3600,,
2006-02-21,38166.00,88.23007,48.43547,,1.191995,118.7850,55.12000,18.45575
2006-02-22,38246.00,88.76566,48.61683,,1.191597,118.4100,55.34000,18.15449
2006-02-23,38405.00,88.63521,48.49982,,1.192194,117.0700,54.64000,18.09107
2006-02-24,38610.00,88.86179,48.44134,,1.187804,116.8400,55.64000,18.58259
2006-02-27,,88.89616,48.34771,,1.185003,116.2100,55.22000,18.21791
2006-02-28,,88.05153,48.54080,,1.193004,115.7900,56.07000,18.46367
2006-03-01,39178.00,88.83433,48.44511,,1.191995,116.0600,56.10000,18.42404
2006-03-02,39126.00,88.82749,48.25144,,1.203905,115.8400,56.74000,18.75700
2006-03-03,39240.00,88.41546,48.13403,,1.204602,116.4100,56.28000,18.93141
2006-03-06,38354.00,88.01033,47.98143,,1.201605,117.5900,55.23000,18.63016
2006-03-07,37423.00,87.87301,48.00494,,1.189004,117.7700,54.95000,18.30512
2006-03-08,37289.00,88.05837,48.02841,,1.192705,117.8200,53.97000,18.01180
2006-03-09,36312.00,87.46784,48.07535,,1.190405,118.2000,54.24000,18.19414
2006-03-10,36891.00,88.29874,47.98143,,1.191100,119.0000,53.83000,18.11485
2006-03-13,36793.00,88.46351,47.94034,,1.196702,118.6600,54.31000,18.35269
2006-03-14,37541.00,89.39053,48.21621,,1.201894,117.6800,54.87000,18.62223
2006-03-15,38244.00,89.78880,48.12818,,1.207103,117.5200,55.12000,18.41611
2006-03-16,38157.00,89.97421,48.43335,,1.217493,116.8800,55.34000,18.57467
2006-03-17,38049.00,90.04932,48.33361,,1.219200,115.9100,55.12000,18.48746
2006-03-20,38204.00,89.90455,48.42750,,1.216293,116.3700,55.17000,18.10693
2006-03-21,37398.00,89.33926,48.22797,,1.210800,117.2200,54.83000,18.17035
2006-03-22,37851.00,89.88387,48.28663,,1.207904,116.8700,54.75000,18.13864
2006-03-23,37474.00,89.69775,48.16341,,1.197203,117.8300,54.70000,18.44782
2006-03-24,37577.00,89.76668,48.37466,2.154700,1.203500,117.4500,55.71000,18.40818
2006-03-26,,,,2.150300,1.201100,116.7300,,
2006-03-27,37641.00,89.63573,48.26904,2.167700,1.201100,117.7600,56.39000,18.51917
2006-03-28,36682.00,89.08417,48.03426,2.220600,1.203094,117.7700,56.06000,18.75700
2006-03-29,37492.00,89.64261,47.98728,2.192200,1.216797,117.3100,57.07000,18.88384
2006-03-30,37777.00,89.48405,47.84645,2.167200,1.211504,117.7600,58.60000,19.11375
2006-03-31,37952.00,89.50473,47.88165,,,,58.10000,18.97898
2006-04-02,,,,2.147900,1.213902,117.8000,,
2006-04-03,38717.00,89.43575,47.82866,2.125500,1.226001,117.4400,58.47000,19.06618
2006-04-04,38802.00,90.00798,47.83458,2.133600,1.228803,117.4400,58.33000,18.96312
2006-04-05,39053.00,90.31818,47.94642,2.129200,1.221404,117.7800,58.66000,19.08204
2006-04-06,39285.00,90.22169,47.81100,2.135200,1.209497,118.2400,59.28000,19.42293
2006-04-07,38926.00,89.30479,47.59315,,,,58.59000,19.33572
2006-04-09,,,,2.143900,1.211196,118.4100,,
2006-04-10,38475.00,89.44267,47.65201,2.137000,1.214801,118.2100,59.60000,19.69247
2006-04-11,37901.00,88.68433,47.74036,2.131500,1.211402,118.4100,59.01000,19.77175
2006-04-12,38427.00,88.84977,47.62848,2.140700,1.211607,118.5400,59.43000,19.73211
2006-04-13,38082.00,88.73257,47.37530,,1.211196,118.6800,59.50000,19.85896
2006-04-16,,,,,1.225400,117.8100,,
2006-04-17,38462.00,88.69811,47.55782,2.127500,1.236705,116.8800,61.09000,20.07300
2006-04-18,39572.00,90.10449,47.71092,2.114500,1.237808,117.3600,61.85000,20.33462
2006-04-19,39938.00,90.27683,47.57545,2.118000,1.230906,117.4100,63.75000,20.53281
2006-04-20,39775.00,90.40090,47.53425,2.118000,1.234096,116.5800,60.96000,20.29498
2006-04-21,,90.41470,47.63434,,,,63.20000,20.72308
2006-04-23,,,,2.114700,1.238896,114.6000,,
2006-04-24,39751.00,90.24930,47.69325,2.115300,1.242900,114.9100,61.65000,20.31084
2006-04-25,39738.00,89.87698,47.39293,2.118700,1.244896,114.7600,62.78000,20.37426
2006-04-26,40410.00,89.89764,47.36938,2.102600,1.253196,114.1800,63.65000,20.29498
2006-04-27,39751.00,90.33202,47.49894,2.093700,1.263600,113.8200,62.96000,19.97787
2006-04-28,40363.00,90.63532,47.58139,,,,65.09000,20.31084
2006-04-30,,,,,1.258004,113.5500,,
2006-05-01,,89.89764,47.32370,2.068800,1.261702,113.3600,65.16000,20.53281
2006-05-02,41017.00,90.57330,47.40054,2.067900,1.262307,113.7900,66.55000,20.77064
2006-05-03,40920.00,90.23547,47.33554,2.062600,1.270099,113.5850,66.46000,20.39804
2006-05-04,40976.00,90.55950,47.30595,2.057000,1.272799,112.5600,67.48000,20.15228
2006-05-05,41417.00,91.35920,47.41829,,,,67.99000,20.37426
2006-05-07,,,,1.947200,1.270293,111.6800,,
2006-05-08,41515.00,91.24889,47.44188,2.057000,1.276699,111.0100,67.56000,20.31876
2006-05-09,41979.00,91.42813,47.42419,2.051600,1.277449,110.8300,69.68000,20.63587
2006-05-10,41752.00,91.37987,47.44781,2.087700,1.285198,110.4200,70.38000,21.15117
2006-05-11,40847.00,90.27683,47.36509,2.134600,1.292992,109.9700,71.03000,21.35730
2006-05-12,40223.00,89.09796,47.18783,,,,71.12000,21.28595
2006-05-14,,,,2.164200,1.279001,110.7000,,
2006-05-15,39271.00,89.27723,47.28825,2.142100,1.285000,109.7600,67.41000,20.56452
2006-05-16,39416.00,89.14625,47.46553,2.183000,1.274194,110.9100,68.61000,20.62794
2006-05-17,38291.00,87.45031,47.32965,2.202000,1.285099,110.9000,68.15000,20.59623
2006-05-18,37807.00,87.00908,47.66646,2.197000,1.276699,111.6600,67.46000,20.60416
2006-05-19,37733.00,87.62264,47.63691,,,,65.58000,20.15228
2006-05-21,,,,2.296800,1.285298,111.4600,,
2006-05-22,36497.00,86.95393,47.70192,2.249500,1.278298,112.1400,65.30000,20.31084
2006-05-23,36110.00,86.29212,47.68419,2.357500,1.277400,112.7400,66.38000,20.62794
2006-05-24,35792.00,86.98151,47.75510,2.357500,1.281000,111.7600,64.06000,20.10472
2006-05-25,37569.00,88.05693,47.67829,2.255500,1.273902,112.6500,64.70000,20.45353
2006-05-26,38506.00,88.50507,47.71965,,,,65.10000,20.65173
2006-05-28,,,,2.238500,1.275104,112.5600,,
2006-05-29,38145.00,,,2.308500,1.286505,112.1500,,
2006-05-30,36413.00,86.93330,47.67829,2.297200,1.281608,112.5300,65.11000,20.54074
2006-05-31,36530.00,87.90530,47.53054,2.267200,1.281099,112.4800,64.23000,20.23156
2006-06-01,37748.00,88.74636,47.61003,2.282300,1.291806,111.7300,62.56000,19.98580
2006-06-02,37942.00,88.93250,47.97776,,,,63.50000,20.38218
2006-06-04,,,,2.282300,1.290106,112.3400,,
2006-06-05,36740.00,87.63644,47.88288,2.267000,1.282199,113.2150,63.29000,20.32669
2006-06-06,36558.00,87.42271,47.92440,2.256500,1.280197,113.4300,62.55000,20.15228
2006-06-07,35264.00,86.76782,47.85913,2.283000,1.264894,113.9350,62.28000,20.01751
2006-06-08,35438.00,86.69196,47.92440,2.260000,1.264095,113.9600,60.91000,19.80346
2006-06-09,35075.00,86.41620,48.04304,,,,60.45000,19.83517
2006-06-11,,,,2.261500,1.258606,114.3800,,
2006-06-12,33555.00,85.47865,48.01928,2.289000,1.254595,115.2400,60.03000,19.59734
2006-06-13,32848.00,84.48591,48.08451,2.281500,1.260907,114.8600,55.92000,19.06618
2006-06-14,32941.00,85.14083,47.76425,2.258500,1.263999,114.7150,55.62000,19.05826
2006-06-15,,86.94703,47.65749,2.246800,1.264494,115.1400,57.32000,19.26437
2006-06-16,34399.00,86.31348,47.62783,,,,57.68000,19.30401
2006-06-18,,,,2.231000,1.258004,115.3800,,
2006-06-19,33897.00,85.63488,47.57446,2.238100,1.258907,114.9000,56.36000,18.94727
2006-06-20,33632.00,85.92568,47.53885,2.238000,1.266095,114.8350,57.30000,19.10582
2006-06-21,34547.00,86.56272,47.53295,2.230500,1.258495,116.0800,58.33000,19.38329
2006-06-22,34317.00,86.18188,47.37870,2.244500,1.252395,116.5400,57.73000,19.37537
2006-06-23,34661.00,86.16803,47.33718,,,,57.99000,19.33572
2006-06-25,,,,2.225200,1.258907,116.2200,,
2006-06-26,34631.00,86.54889,47.30753,2.227000,1.256897,116.3200,58.28000,19.54977
2006-06-27,34376.00,85.80106,47.43210,2.224500,1.254595,116.4000,57.68000,19.62112
2006-06-28,34835.00,86.38270,47.27789,2.202800,1.266400,115.1500,57.54000,19.54185
2006-06-29,36487.00,88.12767,47.47363,2.161500,1.278298,114.4900,59.52000,19.96994
2006-06-30,36631.00,88.13460,47.63968,,,,61.23000,20.05715
2006-07-02,,,,2.157000,1.280098,114.7500,,
2006-07-03,37357.00,88.49466,47.61707,2.163500,1.279001,115.0950,62.18000,20.58830
2006-07-04,37367.00,,,2.188500,1.273399,115.5700,,
2006-07-05,36378.00,87.98920,47.44440,2.179000,1.277596,115.2600,62.50000,20.42975
2006-07-06,36533.00,88.24537,47.59325,2.167300,1.282397,113.9600,63.02000,20.56452
2006-07-07,36102.00,87.67066,47.74210,,,,62.63000,20.41389
2006-07-09,,,,2.167700,1.274502,114.3000,,
2006-07-10,36141.00,87.83686,47.77784,2.179500,1.276748,114.3000,62.02000,20.27120
2006-07-11,36554.00,88.22462,47.83140,2.185500,1.271197,115.3100,63.81000,20.71515
2006-07-12,36230.00,87.28289,47.87309,2.204000,1.269696,115.3400,64.92000,20.92127
2006-07-13,35354.00,85.86342,47.98027,2.096800,1.264398,116.0800,65.55000,20.91334
2006-07-14,35350.00,85.53098,48.01601,,,,65.85000,21.00848
2006-07-16,,,,2.209700,1.251799,117.0800,,
2006-07-17,34866.00,85.40636,47.97431,2.194100,1.250203,117.3300,63.95000,20.53281
2006-07-18,35130.00,85.84258,47.78972,2.188500,1.259906,116.8300,62.90000,20.40597
2006-07-19,36785.00,87.03361,48.09340,2.181200,1.263296,116.9600,64.03000,20.47732
2006-07-20,35847.00,86.43813,48.19460,2.188400,1.270600,116.1200,62.54000,20.26327
2006-07-21,35510.00,85.82871,48.16486,,,,61.71000,20.20778
2006-07-23,,,,2.186600,1.262403,116.7500,,
2006-07-24,36224.00,87.39365,48.16486,2.198100,1.258400,117.1500,61.14000,20.29498
2006-07-25,36681.00,87.70527,48.11721,2.203200,1.271294,116.3500,61.55000,20.12057
2006-07-26,36594.00,87.82301,48.23632,2.184100,1.269599,115.7500,62.00000,19.98580
2006-07-27,36888.00,87.73992,48.23037,2.175600,1.275104,114.7400,62.90000,20.37426
2006-07-28,37381.00,88.61934,48.36138,,,,63.11000,20.30291
2006-07-30,,,,2.172000,1.277400,114.5100,,
2006-07-31,37077.00,88.52927,48.43878,2.184500,1.282002,114.5600,63.16000,20.50110
2006-08-01,36839.00,88.09306,48.45012,2.174400,1.279198,114.5600,64.32000,20.59623
2006-08-02,37288.00,88.68852,48.49198,2.179200,1.279902,115.0400,64.75000,20.87370
2006-08-03,37451.00,88.92400,48.50394,2.169000,1.287896,114.4800,64.12000,20.67551
2006-08-04,37848.00,88.77166,48.74302,,,,64.28000,20.65173
2006-08-06,,,,2.175600,1.281903,115.1100,,
2006-08-07,37698.00,88.56388,48.67727,2.182400,1.276699,115.6900,64.50000,20.97676
2006-08-08,37600.00,88.22462,48.68330,2.163400,1.287498,115.3600,63.97000,20.68344
2006-08-09,37255.00,87.92686,48.65932,2.161900,1.279296,115.1600,64.63000,20.71515
2006-08-10,37354.00,88.19693,48.67129,2.156900,1.272508,116.2800,63.25000,20.44561
2006-08-11,36944.00,87.94761,48.51587,,,,62.71000,20.24741
2006-08-13,,,,2.153500,1.272297,116.6000,,
2006-08-14,36557.00,88.01687,48.43218,2.142800,1.279100,115.9400,62.25000,20.05715
2006-08-15,37296.00,89.06938,48.66531,2.014400,1.284307,115.8750,62.01000,20.08886
2006-08-16,37678.00,89.81030,48.86857,2.126900,1.283203,115.9000,62.49000,19.87481
2006-08-17,37559.00,90.03886,48.85661,2.146500,1.282808,115.7700,61.03000,19.56563
2006-08-18,37552.00,90.49583,48.98808,,,,61.04000,19.66869
2006-08-20,,,,2.134100,1.287300,115.9700,,
2006-08-21,37161.00,90.10808,49.04790,2.135500,1.281197,116.4700,62.44000,19.82724
2006-08-22,36678.00,90.10114,49.06583,2.132600,1.278102,116.3900,62.05000,19.79553
2006-08-23,35512.00,89.85188,49.01799,2.160300,1.276194,116.4600,61.83000,19.58941
2006-08-24,35797.00,89.77571,49.06583,2.160000,1.275705,117.2600,61.75000,19.87481
2006-08-25,35958.00,89.88645,49.13157,,,,61.77000,19.86688
2006-08-27,,,,2.150000,1.279247,117.1700,,
2006-08-28,36375.00,90.31578,49.12558,2.145000,1.282907,116.7050,61.00000,19.55770
2006-08-29,36304.00,90.41963,49.16746,2.131000,1.284093,117.0200,60.94000,19.52599
2006-08-30,36313.00,90.47504,49.22723,2.134000,1.280902,117.3600,61.42000,19.81932
2006-08-31,36232.00,90.46123,49.29301,2.145700,1.283598,117.0600,62.29000,19.81932
2006-09-01,37329.00,91.00132,49.36620,,,,62.14000,19.77968
2006-09-03,,,,2.127000,1.285694,116.1700,,
2006-09-04,37693.00,,,2.122300,1.282397,116.1700,,
2006-09-05,37368.00,91.17444,49.20419,2.144700,1.281903,116.5600,63.36000,19.74797
2006-09-06,36710.00,90.37115,49.16818,2.151400,1.273204,116.4400,62.86000,19.64491
2006-09-07,,89.95572,49.20419,2.157000,1.267299,116.9500,61.25000,19.58148
2006-09-08,36558.00,90.21194,49.25222,,,,60.64000,19.42293
2006-09-10,,,,2.173100,1.271003,117.5500,,
2006-09-11,35772.00,90.30193,49.16220,2.167100,1.269503,117.8200,58.50000,18.97105
2006-09-12,36147.00,91.18826,49.30017,2.160800,1.269696,117.4500,58.32000,18.66979
2006-09-13,36550.00,91.55524,49.34822,2.152000,1.272297,117.5700,58.62000,18.62223
2006-09-14,36154.00,91.56219,49.25222,2.151000,1.265102,117.4700,57.19000,18.51124
2006-09-15,36170.00,91.77711,49.22218,,,,57.40000,18.45575
2006-09-17,,,,2.138000,1.270696,117.8900,,
2006-09-18,36483.00,91.90229,49.15017,2.150000,1.267700,117.6000,58.23000,18.67772
2006-09-19,35886.00,91.67277,49.44420,2.170400,1.268794,117.4600,56.92000,18.40025
2006-09-20,35197.00,92.15965,49.45621,2.182800,1.278102,116.3600,57.26000,18.28926
2006-09-21,34830.00,91.71451,49.81026,2.210100,1.280000,116.7000,57.95000,18.60637
2006-09-22,34799.00,91.43632,49.96022,,,,58.50000,18.39232
2006-09-24,,,,2.228300,1.274502,116.4750,,
2006-09-25,34973.00,92.13876,50.12828,2.200300,1.268698,117.1400,58.50000,18.43196
2006-09-26,35819.00,92.90381,50.00225,2.181600,1.270600,117.4400,58.74000,18.51124
2006-09-27,36106.00,93.01505,49.99025,2.171800,1.270357,117.7300,59.81000,18.78871
2006-09-28,36486.00,92.98035,49.94225,2.162900,1.266207,117.9600,59.79000,18.93934
2006-09-29,36449.00,92.90381,49.88823,,,,59.47000,18.98691
2006-10-01,,,,2.153000,1.274194,117.6600,,
2006-10-02,37058.00,92.55606,49.97618,2.153000,1.273496,118.0500,59.15000,18.78078
2006-10-03,36438.00,92.75074,49.97013,2.162500,1.271294,117.8200,57.11000,18.47161
2006-10-04,37749.00,93.83575,50.19909,2.162100,1.269551,117.8500,56.37000,18.60637
2006-10-05,37977.00,94.01660,50.02440,2.162500,1.260398,119.0100,56.92000,18.70944
2006-10-06,37940.00,93.89837,49.75336,,,,56.99000,18.78078
2006-10-08,,,,2.152500,1.260097,118.9900,,
2006-10-09,38406.00,93.95399,49.81355,2.143100,1.253196,119.6700,57.20000,19.30401
2006-10-10,38655.00,94.07919,49.51238,2.146500,1.252395,119.7400,57.00000,18.78871
2006-10-11,38322.00,93.96793,49.45213,2.147500,1.255997,119.3800,56.88000,18.53502
2006-10-12,,94.78164,49.48225,2.137500,1.250500,119.6000,57.49000,18.74115
2006-10-13,38850.00,95.02503,49.39796,,,,58.57000,19.14546
2006-10-15,,,,2.128500,1.254107,118.9600,,
2006-10-16,39229.00,95.17112,49.48225,2.132000,1.254501,118.5900,59.17000,19.31194
2006-10-17,38898.00,94.87205,49.53648,2.124000,1.253903,118.9200,58.65000,19.32780
2006-10-18,38686.00,94.99720,49.52441,2.128000,1.262706,118.2800,58.59000,19.01861
2006-10-19,38920.00,95.15027,49.48225,2.134500,1.261607,118.7200,59.41000,19.33572
2006-10-20,38643.00,95.17112,49.47021,,,,58.78000,19.06618
2006-10-22,,,,2.134300,1.255099,119.3000,,
2006-10-23,39227.00,95.60929,49.33170,2.141000,1.255903,119.3400,57.76000,19.10582
2006-10-24,39499.00,95.89443,49.39796,2.144300,1.261607,118.9400,58.17000,19.24059
2006-10-25,39563.00,96.22134,49.57864,2.131500,1.269406,118.3800,58.76000,19.58148
2006-10-26,39645.00,96.52036,49.74732,2.131500,1.274307,117.5800,59.29000,19.44671
2006-10-27,39328.00,95.91530,49.90992,,,,59.40000,19.50221
2006-10-30,38900.00,95.84572,49.93401,2.138500,1.271795,117.6100,59.90000,19.29609
2006-10-31,39263.00,95.83181,50.15689,2.133000,1.276699,116.7900,60.24000,19.17717
2006-11-01,39930.00,95.18503,50.33105,2.136800,1.275445,117.2200,61.36000,19.42293
2006-11-02,,95.12938,50.19194,2.140000,1.278004,117.1000,61.92000,19.28023
2006-11-03,40435.00,94.96243,49.81107,2.141200,1.270696,117.9800,62.30000,19.51806
2006-11-06,41247.00,96.03352,49.85946,2.131700,1.272556,118.1700,61.89000,19.85896
2006-11-07,41048.00,96.40210,50.02870,2.132000,1.277906,117.5900,62.04000,19.81139
2006-11-08,41334.00,96.61081,50.13754,2.140800,1.275998,117.8300,61.11000,19.78761
2006-11-09,40815.00,96.10302,50.13148,2.137500,1.283252,117.7900,62.95000,20.04922
2006-11-10,40720.00,96.14478,50.24031,2.146000,1.285397,117.5200,62.49000,19.62905
2006-11-13,40606.00,96.38123,50.21618,2.160500,1.282594,117.6300,62.19000,19.48635
2006-11-14,41291.00,97.10462,50.31893,2.152000,1.281394,117.6300,61.63000,19.54185
2006-11-15,,97.38279,50.17984,2.146000,1.282495,117.8800,61.84000,19.69247
2006-11-16,41162.00,97.63317,50.05290,2.147500,1.279394,118.2200,61.31000,19.20095
2006-11-17,41029.00,97.66096,50.23425,2.160000,1.285000,117.5400,61.78000,19.43879
2006-11-20,,97.71659,50.26449,2.156000,1.281805,118.0400,61.77000,19.36743
2006-11-21,41570.00,97.81395,50.33706,2.161000,1.284604,117.8600,62.27000,19.54977
2006-11-22,41913.00,98.00869,50.41559,2.160000,1.293895,116.7600,62.50000,19.62112
2006-11-23,42070.00,,,2.163300,1.295203,116.2800,,
2006-11-24,41758.00,97.61233,50.47007,2.163000,1.308507,115.8900,63.50000,19.89067
2006-11-27,40915.00,96.26998,50.51842,2.176500,1.313301,116.1100,63.70000,19.94616
2006-11-28,41043.00,96.68725,50.60909,2.182000,1.320393,116.0500,63.57000,20.00165
2006-11-29,41970.00,97.69574,50.54865,2.174300,1.314803,116.4300,63.16000,20.25534
2006-11-30,41932.00,97.73744,50.81472,2.166000,1.325100,115.6800,64.39000,20.43768
2006-12-01,41327.00,97.52186,50.93240,2.158000,1.334098,115.2300,64.12000,20.42975
2006-12-04,42654.00,98.26603,50.92631,2.164200,1.333600,115.3700,64.12000,20.33462
2006-12-05,43157.00,98.69030,50.85957,2.151500,1.331895,114.9500,63.81000,20.39804
2006-12-06,43096.00,98.60680,50.78065,2.145400,1.328656,115.3200,62.69000,20.12850
2006-12-07,42909.00,98.17565,50.76249,2.137500,1.328604,115.1400,62.73000,20.05715
2006-12-08,42978.00,98.35645,50.53188,2.136200,1.339405,116.2900,62.05000,19.89859
2006-12-11,43297.00,98.64162,50.68966,2.133000,1.325100,116.7600,62.57000,19.93030
2006-12-12,43018.00,98.56512,50.78065,2.144600,1.328498,116.7000,62.52000,19.89859
2006-12-13,43285.00,98.66945,50.51979,2.140700,1.321807,117.4000,62.48000,19.90652
2006-12-14,43755.00,99.53882,50.44090,2.138000,1.315651,117.7600,62.12000,20.13642
2006-12-15,43596.00,99.54788,50.45306,2.141500,1.309895,118.1500,61.00000,20.23156
2006-12-18,43509.00,99.27512,50.47728,2.144000,1.310599,118.0500,61.04000,19.87420
2006-12-19,43590.00,99.46394,50.46515,2.154500,1.320707,118.0100,61.80000,20.10973
2006-12-20,43502.00,99.40802,50.45306,2.153500,1.318705,118.3400,61.62000,20.15034
2006-12-21,43385.00,99.04436,50.63505,2.155500,1.318392,118.2900,61.38000,19.94730
2006-12-22,43356.00,98.43591,50.40448,2.147500,1.313698,118.9900,61.65000,20.10161
2006-12-25,,,,2.147500,1.313594,118.8400,,
2006-12-26,43603.00,99.01637,50.44090,2.147500,1.310994,119.1200,61.98000,19.79298
2006-12-27,44526.00,99.66679,50.30642,2.145200,1.312508,118.7700,62.22000,19.73612
2006-12-28,44474.00,99.45696,50.19080,2.133000,1.314803,118.8950,62.90000,19.88232
2006-12-29,,99.04436,50.16645,2.131000,1.319801,118.9800,63.21000,19.96354
2007-01-01,,,,2.132500,1.321895,118.8800,,
2007-01-02,45383.00,,,2.131000,1.327598,118.8300,,
2007-01-03,44445.00,98.86946,50.31249,2.134500,1.317107,119.3400,62.28000,19.33003
2007-01-04,44020.00,99.07928,50.49504,2.139000,1.309295,118.8300,61.65000,18.82648
2007-01-05,42245.00,98.28902,50.33073,2.147000,1.298499,118.6900,60.17000,18.76150
2007-01-08,42830.00,98.74362,50.36725,2.146500,1.304002,118.6900,60.48000,18.85896
2007-01-09,42007.00,98.65970,50.35511,2.149000,1.299697,119.3000,60.85000,18.69653
2007-01-10,42336.00,98.98839,50.26991,2.149600,1.293996,119.5100,60.59000,18.42039
2007-01-11,42670.00,99.42200,50.13604,2.141500,1.289507,120.3000,60.63000,18.39602
2007-01-12,43095.00,100.1773,50.03256,2.137000,1.292808,120.3000,62.17000,18.82648
2007-01-15,42919.00,,,2.136800,1.293594,120.4200,,
2007-01-16,42624.00,99.98147,50.12995,2.139600,1.292006,120.7900,61.97000,18.39602
2007-01-17,42735.00,100.0235,50.03256,2.129700,1.293996,120.6200,62.64000,18.55846
2007-01-18,42478.00,99.68777,50.09949,2.128000,1.296092,121.2600,62.26000,18.36353
2007-01-19,43428.00,99.88359,50.02042,2.124500,1.296899,121.2100,63.00000,18.63967
2007-01-22,43553.00,99.57587,50.11170,2.128500,1.295001,121.6200,62.72000,18.65591
2007-01-23,44177.00,99.86958,49.96564,2.130500,1.302304,121.6800,64.23000,19.24881
2007-01-24,44687.00,100.6739,49.97174,2.125000,1.296294,120.8800,64.33000,19.08638
2007-01-25,,99.49190,49.77700,2.127000,1.293996,121.6200,64.06000,18.91582
2007-01-26,44412.00,99.40103,49.77094,2.131500,1.292892,121.4100,64.17000,19.15135
2007-01-29,43573.00,99.34506,49.73439,2.134000,1.296294,121.7300,63.77000,18.76150
2007-01-30,44044.00,99.86260,49.78309,2.129000,1.296596,121.6800,64.22000,19.28130
2007-01-31,44642.00,100.5340,49.96564,2.120300,1.302304,120.7400,64.83000,19.48435
2007-02-01,44815.00,101.1354,49.92961,2.103200,1.301897,120.8000,65.22000,19.41125
2007-02-02,44998.00,101.2753,49.97237,2.092500,1.296395,121.1300,64.28000,19.66303
2007-02-05,45286.00,101.3033,50.02736,2.089700,1.293193,120.1900,64.31000,19.59805
2007-02-06,45352.00,101.3313,50.16784,2.082500,1.298398,120.0500,64.79000,19.50059
2007-02-07,44588.00,101.5551,50.27776,2.082000,1.302304,120.5850,64.63000,19.26506
2007-02-08,44892.00,101.4222,50.28997,2.094000,1.304002,121.1300,65.52000,19.71176
2007-02-09,44284.00,100.6669,50.13728,2.097500,1.300695,121.7100,66.12000,19.83359
2007-02-12,43935.00,100.3242,50.07008,2.110500,1.296294,121.7700,65.67000,19.45998
2007-02-13,45197.00,101.1704,50.03344,2.105300,1.303203,121.2700,65.84000,19.81734
2007-02-14,45996.00,101.8348,50.32053,2.095000,1.313991,120.3100,66.37000,19.54932
2007-02-15,45955.00,101.9677,50.39995,2.084000,1.313508,119.3900,66.41000,19.54932
2007-02-16,45849.00,101.9187,50.45494,2.087700,1.313802,119.4100,66.36000,19.89044
2007-02-19,,,,2.088100,1.315201,119.6900,,
2007-02-20,,102.1355,50.51601,2.088500,1.314803,120.0150,65.31000,19.67115
2007-02-21,46090.00,102.0936,50.50989,2.077100,1.313905,120.9400,67.35000,20.09348
2007-02-22,46452.00,102.0166,50.38166,2.071500,1.312508,121.4900,67.15000,20.36963
2007-02-23,46016.00,101.6180,50.58319,2.084500,1.316898,121.0900,67.72000,20.49958
2007-02-26,46207.00,101.5271,50.74199,2.080800,1.319400,120.6400,68.10000,20.55643
2007-02-27,43145.00,97.56168,51.16958,2.101500,1.323206,118.0900,65.41000,20.16658
2007-02-28,43892.00,98.56173,50.99244,2.116000,1.322891,118.7300,66.48000,20.47521
2007-03-01,43517.00,98.26809,51.03842,2.119500,1.317003,117.7200,65.82000,20.32902
2007-03-02,42370.00,96.98122,51.20390,2.117500,1.316500,117.1900,63.71000,20.14222
2007-03-05,41179.00,96.05802,51.23454,2.135500,1.308695,115.5900,62.93000,19.84171
2007-03-06,43218.00,97.70154,51.16711,2.120500,1.313802,116.7800,64.15000,20.02851
2007-03-07,42667.00,97.60364,51.25905,2.110500,1.317853,115.6900,64.30000,20.30466
2007-03-08,43466.00,98.42889,51.25290,2.101400,1.314199,117.1500,64.48000,20.33714
2007-03-09,44133.00,98.45686,50.96490,2.092000,1.311596,118.3200,64.25000,20.06912
2007-03-12,44249.00,98.60375,51.10579,2.087500,1.318791,117.5700,64.37000,19.88232
2007-03-13,42749.00,96.68748,51.33260,2.092500,1.319000,116.0200,63.72000,19.72800
2007-03-14,43288.00,97.40784,51.26518,2.107500,1.323504,117.2600,63.94000,19.76861
2007-03-15,43278.00,97.54071,51.21001,2.085200,1.328304,117.1500,63.98000,19.64679
2007-03-16,42730.00,97.26756,51.20390,2.089000,1.331806,116.7400,64.62000,19.69551
2007-03-19,43713.00,98.44018,51.13647,2.073700,1.331292,117.6100,64.74000,19.79298
2007-03-20,44351.00,98.98078,51.21001,2.072000,1.331593,117.2500,65.27000,19.81734
2007-03-21,45631.00,100.6098,51.28356,2.067600,1.339908,117.4100,65.82000,19.84983
2007-03-22,45424.00,100.5325,51.11197,2.053400,1.333404,118.0900,65.76000,20.17471
2007-03-23,45533.00,100.6800,51.03228,2.062000,1.329699,118.0500,65.15000,20.18283
2007-03-25,,,,2.058000,1.333191,118.1200,,
2007-03-26,45645.00,100.5466,51.07517,2.059200,1.336505,117.7500,65.84000,20.27217
2007-03-27,45207.00,100.3079,51.06291,2.070500,1.331505,116.8700,65.70000,20.32902
2007-03-28,44484.00,99.57759,51.05679,2.051000,1.333493,117.9800,66.05000,20.52395
2007-03-29,45355.00,99.68294,50.98328,2.055000,1.335898,117.8100,65.65000,20.92192
2007-03-30,45805.00,99.70402,50.92196,,,,65.74000,20.61329
2007-04-01,,,,2.043500,1.337006,117.7600,,
2007-04-02,45597.00,99.81635,50.97856,2.033900,1.332498,118.8700,65.85000,20.41024
2007-04-03,46288.00,100.8906,50.93549,2.028700,1.337399,118.7700,65.83000,20.32902
2007-04-04,46554.00,101.0030,51.01548,2.027400,1.343201,118.6920,66.81000,20.55643
2007-04-05,46647.00,101.2768,50.88628,2.027400,1.340195,119.0700,66.86000,20.59704
2007-04-08,,,,2.027400,1.335506,119.2200,,
2007-04-09,46855.00,101.4172,50.65250,2.027000,1.343201,119.1200,66.53000,20.38587
2007-04-10,47174.00,101.5366,50.75710,2.027500,1.343996,119.2900,67.16000,20.67014
2007-04-11,46939.00,101.1224,50.69556,2.034000,1.349109,119.0000,67.08000,20.63765
2007-04-12,47347.00,101.5717,50.74484,2.016500,1.352100,119.2300,66.99000,20.75948
2007-04-13,47926.00,102.0351,50.65864,,,,67.84000,20.87318
2007-04-15,,,,2.028000,1.352905,119.7600,,
2007-04-16,48921.00,103.0040,50.71404,2.028700,1.357202,118.9500,68.40000,20.71075
2007-04-17,48755.00,103.2778,50.92935,2.033500,1.361396,118.4500,68.00000,20.49958
2007-04-18,48710.00,103.4043,51.04628,2.028100,1.362435,118.2500,68.38000,20.50770
2007-04-19,48762.00,103.3762,51.04007,2.022100,1.358899,118.6600,67.53000,20.45085
2007-04-20,49408.00,104.3522,50.98470,,,,68.70000,20.73511
2007-04-22,,,,2.019300,1.358400,118.5700,,
2007-04-23,49162.00,103.9589,51.08931,2.032900,1.363605,118.4800,68.26000,20.87318
2007-04-24,49071.00,104.0011,51.18775,2.018600,1.363903,118.6800,67.73000,20.58892
2007-04-25,49676.00,104.9560,51.15701,2.018100,1.358899,119.5300,67.89000,20.99502
2007-04-26,49068.00,105.0754,51.00934,2.027500,1.365505,119.4800,66.87000,20.84882
2007-04-27,49230.00,104.9911,51.00934,,,,67.56000,20.95440
2007-04-29,,,,2.027900,1.365206,119.3600,,
2007-04-30,48956.00,104.1205,51.23082,2.027900,1.360100,119.8000,67.09000,20.76760
2007-05-01,,104.3873,51.23328,2.021200,1.358806,120.1600,66.69000,20.80821
2007-05-02,49472.00,104.9981,51.17154,2.018400,1.355601,120.3600,66.66000,20.64577
2007-05-03,50218.00,105.5669,51.11597,2.025300,1.358899,120.2700,67.49000,20.74324
2007-05-04,50598.00,105.9671,51.24564,,,,68.19000,20.70263
2007-05-06,,,,2.020100,1.360008,120.0500,,
2007-05-07,50282.00,105.9881,51.28887,2.021600,1.354096,119.9900,68.25000,20.60516
2007-05-08,50278.00,105.8477,51.28887,2.018700,1.352704,120.1100,67.88000,20.47521
2007-05-09,51300.00,106.1356,51.12213,2.014300,1.348309,119.8400,67.45000,20.36963
2007-05-10,50235.00,105.0262,51.25182,2.013800,1.352100,120.1900,66.00000,20.28841
2007-05-11,50902.00,105.9249,51.14682,,,,66.45000,20.58892
2007-05-13,,,,2.006500,1.354298,120.3200,,
2007-05-14,50511.00,105.6933,51.07275,1.985000,1.359601,120.2200,66.28000,20.51582
2007-05-15,50518.00,105.7213,51.06656,1.960600,1.352393,120.7200,66.54000,20.71887
2007-05-16,51738.00,106.4446,51.03565,1.960600,1.349692,121.2910,65.60000,20.51582
2007-05-17,51631.00,106.2339,50.89982,1.960100,1.351297,121.0600,65.06000,20.68638
2007-05-18,52078.00,107.1607,50.75156,,,,65.52000,20.65390
2007-05-20,,,,1.940000,1.346602,121.4700,,
2007-05-21,52423.00,107.1045,50.81955,1.935100,1.345207,121.6400,65.67000,20.85695
2007-05-22,52208.00,107.0203,50.67747,1.938300,1.345804,121.5200,65.20000,20.55643
2007-05-23,51813.00,107.0343,50.57870,1.961900,1.343003,121.3580,65.54000,20.65390
2007-05-24,50531.00,106.0654,50.64659,1.942500,1.345008,121.7600,64.75000,20.54019
2007-05-25,51618.00,106.5078,50.59102,,,,64.94000,20.79197
2007-05-27,,,,1.942500,1.345207,121.7000,,
2007-05-28,52120.00,,,1.945300,1.344592,121.5900,,
2007-05-29,51713.00,106.8940,50.48602,1.945000,1.343201,121.5900,65.07000,20.33714
2007-05-30,52528.00,107.7646,50.53542,1.919100,1.345605,121.7500,64.72000,20.53207
2007-05-31,52268.00,107.6523,50.51692,1.900200,1.344194,122.1300,65.54000,20.71887
2007-06-01,53423.00,108.1859,50.29931,,,,66.44000,20.87318
2007-06-03,,,,1.936800,1.349200,121.7200,,
2007-06-04,53243.00,108.1999,50.37989,1.936800,1.352009,121.3400,66.54000,21.05999
2007-06-05,53162.00,107.7716,50.21868,1.965900,1.349291,121.0100,66.37000,20.97877
2007-06-06,52049.00,106.6131,50.24347,1.963700,1.342805,120.8800,66.41000,20.97065
2007-06-07,,104.6892,49.74120,1.963200,1.336005,121.7100,65.26000,21.07623
2007-06-08,52330.00,106.0514,49.83422,,,,64.22000,20.70263
2007-06-10,,,,1.939500,1.335595,121.7600,,
2007-06-11,52777.00,106.2339,49.70401,1.936200,1.330601,121.6200,64.70000,21.10060
2007-06-12,51797.00,105.0754,49.35059,1.944800,1.331009,122.5700,64.10000,21.04374
2007-06-13,52994.00,106.6482,49.51180,1.927600,1.331593,122.9550,64.53000,21.31177
2007-06-14,53713.00,107.3292,49.52419,1.907000,1.337900,123.4000,64.60000,21.51481
2007-06-15,54519.00,107.9400,49.74120,,,,64.85000,21.64476
2007-06-17,,,,1.899800,1.341598,123.6800,,
2007-06-18,54730.00,107.8130,49.71642,1.898200,1.342408,123.4200,64.95000,21.64476
2007-06-19,54644.00,108.0810,49.95827,1.914000,1.339603,123.4700,65.48000,21.43359
2007-06-20,54029.00,106.5789,49.79704,1.917000,1.339405,123.7400,64.71000,21.45796
2007-06-21,54657.00,107.1713,49.73504,1.920000,1.347092,123.6900,64.56000,21.36050
2007-06-22,54267.00,106.1628,49.88382,,,,64.78000,21.31177
2007-06-24,,,,1.933300,1.346801,123.5800,,
2007-06-25,54042.00,105.6552,50.04506,1.940500,1.344899,123.0400,64.43000,21.23055
2007-06-26,53852.00,104.5692,50.05750,1.947500,1.345497,123.1500,63.62000,20.98689
2007-06-27,54143.00,106.0571,50.05125,1.920900,1.344701,123.1600,63.67000,20.95440
2007-06-28,54147.00,106.0430,50.02027,1.927600,1.353601,123.1600,64.26000,20.88943
2007-06-29,54392.00,106.0783,50.28065,,,,64.27000,20.87318
2007-07-01,,,,1.912500,1.363494,122.2300,,
2007-07-02,55371.00,107.0373,50.35724,1.910100,1.361192,122.4700,65.02000,21.00313
2007-07-03,55700.00,107.4252,50.20784,1.904200,1.361507,122.6600,64.74000,21.02750
2007-07-04,55696.00,,,1.910300,1.359897,122.9500,,
2007-07-05,55932.00,107.3124,49.92776,1.897800,1.362992,123.3600,64.42000,21.22243
2007-07-06,56444.00,107.8765,49.80948,,,,64.96000,21.40111
2007-07-08,,,,1.895000,1.362398,123.3700,,
2007-07-09,,107.9611,49.99001,1.887900,1.376008,121.2900,65.38000,21.35238
2007-07-10,55883.00,106.4238,50.33233,1.886000,1.375402,122.2700,65.61000,21.50669
2007-07-11,56356.00,107.1783,50.15808,1.873000,1.378797,122.4000,65.44000,21.55542
2007-07-12,57613.00,108.8707,50.01488,1.868900,1.378493,121.9000,66.02000,21.61228
2007-07-13,57644.00,109.1951,50.12695,,,,66.03000,21.64476
2007-07-15,,,,1.865900,1.377695,121.8000,,
2007-07-16,57374.00,109.1810,50.32611,1.860900,1.379006,122.0000,65.82000,21.26303
2007-07-17,57660.00,109.1246,50.22030,1.854200,1.380701,121.9000,65.75000,21.13309
2007-07-18,57556.00,108.9272,50.40083,1.851000,1.379805,122.1090,66.62000,21.37674
2007-07-19,58125.00,109.3503,50.39460,1.858800,1.383394,121.2700,67.01000,21.44984
2007-07-20,57443.00,108.2431,50.64360,,,,67.58000,21.44172
2007-07-22,,,,1.838500,1.380491,121.0500,,
2007-07-23,58037.00,108.5746,50.62490,1.845900,1.382495,120.1100,67.47000,21.34425
2007-07-24,55795.00,106.6918,50.76187,1.865800,1.372608,120.4600,67.47000,21.18182
2007-07-25,56001.00,106.9104,50.83034,1.892800,1.375005,118.4600,66.90000,21.36862
2007-07-26,53893.00,104.3788,51.23492,1.913500,1.363605,118.9600,65.65000,21.14121
2007-07-27,52922.00,102.3267,51.33452,,,,65.41000,21.34425
2007-07-29,,,,1.883600,1.371197,119.1500,,
2007-07-30,54573.00,103.9275,51.20376,1.865500,1.367204,118.4200,65.77000,21.10060
2007-07-31,54183.00,102.7569,51.41543,1.877900,1.367708,118.9800,65.79000,21.27116
2007-08-01,54234.00,103.2576,51.27295,1.865900,1.370708,119.1400,65.93000,21.23867
2007-08-02,54691.00,104.0827,51.31046,1.875000,1.378702,118.0400,65.89000,21.27116
2007-08-03,52846.00,101.4030,51.64164,,,,66.69000,21.03562
2007-08-05,,,,1.895900,1.379691,118.8200,,
2007-08-06,53091.00,103.1025,51.43544,1.903300,1.374098,118.8000,66.52000,20.74324
2007-08-07,53802.00,104.2026,51.42921,1.882300,1.380300,119.6900,66.48000,20.85695
2007-08-08,55241.00,105.6552,51.07299,1.911400,1.367409,118.2900,66.77000,20.82446
2007-08-09,53431.00,102.5242,51.36042,1.938000,1.368907,118.5100,65.46000,20.66202
2007-08-10,52638.00,102.0447,51.28545,,,,66.57000,20.73511
2007-08-12,,,,1.934700,1.361304,118.2100,,
2007-08-13,52434.00,102.4114,51.36670,1.972400,1.353491,117.4200,66.26000,20.58892
2007-08-14,50912.00,100.8459,51.55419,1.992900,1.342805,116.3200,66.29000,20.65390
2007-08-15,49285.00,99.45676,51.64787,2.102500,1.342498,114.0600,66.13000,20.80821
2007-08-16,48016.00,100.2043,51.84784,2.028500,1.349400,114.2500,64.68000,20.45085
2007-08-17,48559.00,102.0447,51.88537,,,,65.01000,20.43460
2007-08-19,,,,2.033000,1.347491,114.8400,,
2007-08-20,49206.00,101.9954,51.99782,2.025300,1.345497,114.1500,65.12000,20.49146
2007-08-21,49815.00,102.1998,52.22281,2.010100,1.354995,115.6200,65.07000,20.45897
2007-08-22,51745.00,103.4127,52.05411,1.996000,1.355693,116.0200,65.40000,20.50770
2007-08-23,51848.00,103.3211,52.07282,1.971900,1.366699,116.3800,65.31000,20.57268
2007-08-24,52998.00,104.5974,52.09155,,,,66.11000,20.81633
2007-08-26,,,,1.952000,1.363791,115.5500,,
2007-08-27,53078.00,103.6243,52.23530,1.983400,1.359897,114.3400,65.98000,20.84070
2007-08-28,51645.00,101.3466,52.50402,1.971100,1.367409,115.8400,65.59000,20.62141
2007-08-29,52735.00,103.3352,52.30403,1.963100,1.364201,115.9400,66.07000,20.81633
2007-08-30,52858.00,103.0602,52.56652,1.963200,1.364201,115.7700,65.80000,20.85695
2007-08-31,54637.00,104.0756,52.57901,,,,66.52000,20.86506
2007-09-02,,,,1.951100,1.361396,115.7800,,
2007-09-03,54833.00,,,1.943500,1.362008,116.2400,,
2007-09-04,55250.00,105.1263,52.48113,1.965400,1.365393,115.1200,67.44000,21.10060
2007-09-05,54408.00,104.2166,52.80734,1.946800,1.369600,115.3900,67.56000,21.14121
2007-09-06,54569.00,104.4564,52.69441,1.958500,1.377505,113.3900,68.86000,21.05999
2007-09-07,,103.0038,53.25911,,,,69.39000,21.19806
2007-09-10,52653.00,102.8063,53.37828,1.924500,1.384006,114.2600,69.62000,21.34425
2007-09-11,53921.00,104.0051,53.26533,1.904000,1.390801,114.1200,70.52000,21.39298
2007-09-12,53883.00,104.2730,53.13365,1.895500,1.386693,114.5900,70.46000,21.62040
2007-09-13,54908.00,105.0064,52.81992,1.890000,1.387809,115.2600,70.08000,21.45796
2007-09-14,54671.00,104.9994,52.88890,,,,69.99000,21.47421
2007-09-16,,,,1.908500,1.386501,115.0300,,
2007-09-17,54341.00,104.4352,52.92028,1.897500,1.397995,115.9100,70.97000,21.72598
2007-09-18,56666.00,107.5098,52.86382,1.866500,1.396902,116.0100,71.70000,21.80720
2007-09-19,57264.00,108.1444,52.67561,1.852800,1.407895,114.6400,71.43000,21.99400
2007-09-20,56906.00,107.3828,52.07956,1.857000,1.409205,115.4800,72.72000,22.33512
2007-09-21,57799.00,107.6726,52.34311,,,,72.34000,22.48944
2007-09-23,,,,1.864300,1.407400,114.8600,,
2007-09-24,58719.00,107.4743,52.41208,1.862100,1.415208,114.6600,72.28000,22.44883
2007-09-25,58858.00,107.2617,52.41840,1.849500,1.413308,115.4400,72.33000,22.28639
2007-09-26,59715.00,107.8285,52.43723,1.836500,1.415208,115.5500,72.00000,22.31888
2007-09-27,61052.00,108.4662,52.60659,1.834000,1.426493,114.7400,72.70000,22.90365
2007-09-28,60465.00,108.1048,52.62542,,,,73.51000,22.83055
2007-09-30,,,,1.816000,1.423609,115.8000,,
2007-10-01,62340.00,109.3235,52.68840,1.819000,1.415208,115.7100,73.90000,22.59502
2007-10-02,62017.00,109.1747,52.80172,1.819000,1.410000,116.5600,72.35000,22.14020
2007-10-03,60099.00,108.9550,52.76395,1.825100,1.413507,116.4100,71.90000,22.16456
2007-10-04,60407.00,109.1251,52.85844,1.805000,1.413308,116.8800,72.87000,22.47319
2007-10-05,62319.00,110.4216,52.39240,,,,73.40000,22.53817
2007-10-07,,,,1.812500,1.404909,117.3200,,
2007-10-08,62661.00,109.8336,52.58133,1.797500,1.410696,117.1900,72.53000,22.06710
2007-10-09,63549.00,110.8680,52.41764,1.798400,1.414107,117.1480,73.09000,22.22141
2007-10-10,63197.00,110.6838,52.46796,1.787000,1.420192,117.3700,73.36000,22.48131
2007-10-11,62456.00,110.1524,52.47429,1.799300,1.419003,117.5900,73.91000,22.73309
2007-10-12,,110.7617,52.29799,,,,74.59000,22.83867
2007-10-14,,,,1.805100,1.420394,117.3200,,
2007-10-15,62969.00,109.8265,52.34834,1.819400,1.417696,116.9400,75.14000,23.22853
2007-10-16,61718.00,108.9550,52.49316,1.804500,1.421707,116.4900,75.12000,23.25289
2007-10-17,63194.00,109.2880,52.81433,1.800500,1.429490,115.4600,74.50000,23.13106
2007-10-18,63261.00,108.8913,53.01585,1.790500,1.429695,114.5600,76.00000,23.54528
2007-10-19,60894.00,106.0430,53.46924,,,,75.70000,23.48030
2007-10-21,,,,1.816500,1.417997,114.4420,,
2007-10-22,61215.00,106.6594,53.36849,1.793500,1.425801,114.8600,74.60000,23.41533
2007-10-23,62697.00,107.5238,53.35586,1.799000,1.426310,114.1800,75.23000,23.25289
2007-10-24,62625.00,107.3254,53.62665,1.788000,1.432603,113.9630,75.52000,23.33411
2007-10-25,62341.00,107.5805,53.58261,1.772100,1.439305,114.2100,76.03000,23.87827
2007-10-26,64276.00,108.8417,53.45034,,,,77.69000,24.24376
2007-10-29,65044.00,109.2030,53.49441,1.749500,1.441795,114.7000,78.12000,24.64173
2007-10-30,64383.00,108.4449,53.55108,1.747000,1.444002,114.7800,77.35000,24.08944
2007-10-31,65318.00,109.5714,53.19216,1.736200,1.447199,115.3900,78.62000,24.77168
2007-11-01,64050.00,107.0066,53.62627,1.739500,1.442710,114.4600,77.93000,24.45493
2007-11-02,,107.1271,53.77163,1.747500,1.448792,114.7200,79.83000,24.98285
2007-11-05,62960.00,106.3123,53.70845,1.752000,1.447807,114.3000,79.75000,24.82041
2007-11-06,64503.00,107.7435,53.61365,1.726800,1.456410,114.7100,81.43000,25.47016
2007-11-07,63501.00,104.7961,53.80956,1.726900,1.462394,112.6100,82.24000,25.34021
2007-11-08,63562.00,104.2647,53.92964,1.733800,1.468105,112.7100,82.23000,25.27523
2007-11-09,64321.00,102.8334,54.25190,1.747300,1.467502,110.6600,82.18000,25.26711
2007-11-12,61527.00,101.8132,54.34673,1.773500,1.452391,109.6200,78.30000,24.71483
2007-11-13,62927.00,104.9165,54.06864,1.766500,1.462095,111.1400,79.12000,24.24376
2007-11-14,64631.00,104.6260,54.10653,1.731100,1.465008,111.2700,80.28000,24.78793
2007-11-15,,103.1169,54.40995,1.741800,1.462095,110.4800,77.95000,24.54427
2007-11-16,64609.00,103.2940,54.40995,1.741500,1.463400,110.9800,77.75000,24.62548
2007-11-19,62336.00,101.8557,54.80168,1.756200,1.466899,109.7700,77.24000,24.81229
2007-11-20,,102.4792,54.65634,1.757000,1.483305,109.7200,79.47000,25.42955
2007-11-21,60582.00,100.3820,55.08608,1.781600,1.485796,108.3500,79.36000,25.46204
2007-11-22,60653.00,,,1.768500,1.485597,108.4900,,
2007-11-23,60971.00,102.1179,54.92179,1.797500,1.480100,108.1200,81.25000,25.69757
2007-11-26,59069.00,99.86484,55.67379,,,,81.30000,25.38082
2007-11-27,59432.00,101.0126,55.15559,1.835400,1.483790,108.8000,80.10000,25.17777
2007-11-28,61715.00,104.2434,54.95966,1.792000,1.484098,109.9600,79.57000,24.86914
2007-11-29,62156.00,104.2788,55.26934,1.769500,1.475993,109.7600,78.28000,24.92599
2007-11-30,63006.00,105.3274,55.34519,1.775900,1.469594,111.7600,77.32000,24.61736
2007-12-03,63200.00,104.6331,55.56396,1.780500,1.467007,110.4400,78.28000,24.79604
2007-12-04,63482.00,103.6978,55.61463,1.816000,1.476603,109.8600,79.40000,24.90975
2007-12-05,64928.00,105.4337,55.40545,1.788000,1.459897,110.9100,78.63000,24.72295
2007-12-06,65791.00,106.9429,55.11377,1.784500,1.465910,111.3600,79.37000,25.16965
2007-12-07,65639.00,106.9216,54.75865,1.759700,1.465610,111.6600,78.60000,25.08843
2007-12-10,65446.00,107.7505,54.63184,1.758500,1.470891,111.7900,80.00000,25.07219
2007-12-11,64512.00,104.7961,55.38004,1.756500,1.466491,110.8800,78.84000,25.29148
2007-12-12,64742.00,105.8305,54.91716,1.755700,1.471605,111.9900,80.49000,25.98184
2007-12-13,62861.00,105.6109,54.51137,1.773200,1.462994,112.3100,78.50000,25.70569
2007-12-14,62445.00,104.2717,54.35288,1.794000,1.443710,113.2600,78.52000,25.52701
2007-12-17,59828.00,102.7839,54.67624,1.813400,1.441296,112.8500,78.13000,25.40217
2007-12-18,61096.00,103.3578,54.78401,,,,79.25000,25.29397
2007-12-19,61722.00,103.3578,55.22151,1.798600,1.438394,113.2900,79.24000,25.53533
2007-12-20,61716.00,104.0096,55.13277,1.798100,1.433301,113.1600,78.67000,25.42713
2007-12-21,63098.00,105.5089,54.73327,1.789300,1.438807,114.0500,80.10000,25.72677
2007-12-24,,106.2924,54.57477,1.789300,1.439698,114.1600,80.14000,25.91820
2007-12-25,,,,1.789300,1.439595,114.2000,,
2007-12-26,64288.00,106.5203,54.31480,,1.448792,114.2200,81.52000,26.22615
2007-12-27,63774.00,105.1813,54.67947,1.763500,1.461390,113.8400,81.56000,26.31771
2007-12-28,63886.00,104.9178,55.11857,1.767300,1.471800,112.3700,83.00000,26.23448
2007-12-31,,104.1414,55.37316,1.767300,1.460110,111.6500,82.46000,26.26777
2008-01-01,,,,1.767300,1.462010,111.8200,,
2008-01-02,62815.00,103.2297,55.76772,1.764500,1.471692,109.2630,84.86000,26.99188
2008-01-03,62892.00,103.1798,55.88225,1.748000,1.474491,109.5100,85.57000,27.19996
2008-01-04,61037.00,100.6513,56.02863,1.757200,1.475492,108.6300,85.13000,27.04182
2008-01-07,60772.00,100.5658,56.13046,1.764000,1.468299,109.2300,84.77000,26.55075
2008-01-08,62081.00,98.94183,56.25140,1.752000,1.557099,107.6600,86.78000,26.79213
2008-01-09,62674.00,99.98174,56.16225,1.768700,1.466405,109.8800,86.55000,26.52579
2008-01-10,63515.00,100.6370,56.00953,1.760200,1.480100,109.6200,88.25000,26.40094
2008-01-11,61942.00,99.82500,56.36593,1.745600,1.479006,108.9600,88.58000,26.64231
2008-01-14,62188.00,100.6299,56.39139,1.727500,1.486900,108.2500,89.54000,26.97524
2008-01-15,59907.00,98.41471,56.76044,1.746700,1.480210,106.7700,87.99000,26.64231
2008-01-16,58777.00,97.56707,56.65232,1.767400,1.466405,107.3450,86.70000,26.39261
2008-01-17,57037.00,95.03855,57.11050,1.772500,1.464000,106.4000,86.50000,26.05137
2008-01-18,57506.00,94.06271,57.02778,1.791700,1.461796,106.8300,87.42000,26.15125
2008-01-21,53709.00,,,1.826200,1.442003,105.6200,,
2008-01-22,56097.00,93.10831,57.66415,1.797100,1.464794,107.0600,88.17000,26.05969
2008-01-23,54235.00,95.34480,57.39688,1.805800,1.463208,106.7500,87.89000,25.56863
2008-01-24,57463.00,96.14968,56.87505,1.781500,1.477410,107.1500,90.08000,26.20118
2008-01-25,,94.76073,57.40325,1.780300,1.467502,106.8000,90.30000,26.78380
2008-01-28,58594.00,96.32775,57.19321,1.778500,1.478809,106.9700,91.75000,26.90865
2008-01-29,59530.00,96.80493,56.96416,1.770100,1.477192,107.0400,91.15000,27.13337
2008-01-30,60289.00,96.09270,56.93868,1.774900,1.483107,106.2300,92.06000,26.90033
2008-01-31,59490.00,97.84492,57.23143,1.752500,1.486503,106.2510,91.40000,27.03350
2008-02-01,61080.00,99.41903,57.41718,1.752500,1.479991,106.5100,89.35000,26.55908
2008-02-04,,98.16541,57.09804,1.742500,1.482800,106.6900,89.10000,27.02517
2008-02-05,,95.53713,57.50016,1.757500,1.463807,106.5310,87.68000,26.80045
2008-02-06,58969.00,94.76788,57.39810,1.750000,1.461710,106.3800,88.95000,26.67560
2008-02-07,58965.00,95.39469,56.75322,1.758500,1.447890,107.3100,89.85000,27.00020
2008-02-08,59076.00,94.78215,57.23209,1.759400,1.557099,107.7400,91.00000,27.80755
2008-02-11,60643.00,95.26642,57.35971,1.758900,1.450200,106.8300,91.33000,27.99066
2008-02-12,61805.00,96.14968,57.23843,1.740500,1.458194,107.3400,89.33000,27.42468
2008-02-13,62591.00,97.13260,56.99589,1.743800,1.455604,108.2820,89.44000,27.64941
2008-02-14,61819.00,96.27789,56.68306,1.744500,1.464408,107.7900,89.71000,28.20706
2008-02-15,61272.00,96.25657,56.80433,1.747500,1.467610,107.8000,89.15000,28.07389
2008-02-18,62801.00,,,1.732500,1.465008,108.1600,,
2008-02-19,62297.00,96.52720,56.39578,1.729300,1.472993,107.9200,91.58000,28.98943
2008-02-20,63747.00,96.81210,56.34470,1.731000,1.472299,108.0500,93.24000,29.13924
2008-02-21,63792.00,96.00723,56.92560,1.705200,1.481503,107.4100,93.25000,28.98111
2008-02-22,64609.00,96.59840,56.76603,1.705000,1.482602,107.1900,93.39000,29.38062
2008-02-25,65001.00,97.81638,56.38940,1.700500,1.483591,108.0300,92.74000,29.66360
2008-02-26,65183.00,98.55006,56.52984,1.684500,1.499610,107.3500,93.71000,30.29616
2008-02-27,65495.00,98.45031,56.66389,1.663500,1.511807,106.3700,94.78000,30.25454
2008-02-28,65555.00,97.48873,57.32776,1.676300,1.519595,104.9500,95.99000,30.54586
2008-02-29,63489.00,95.31635,57.94069,1.678500,1.519203,103.7700,96.18000,30.04646
2008-03-03,64490.00,95.08840,57.79340,1.674000,1.520011,103.5200,97.24000,30.48759
2008-03-04,63656.00,94.72514,57.57570,1.676800,1.521005,103.3700,95.18000,30.37939
2008-03-05,64629.00,95.32346,57.32590,1.667000,1.527697,103.9100,97.72000,31.04524
2008-03-06,62975.00,93.35047,57.78703,1.662900,1.538509,102.5800,96.50000,31.27829
2008-03-07,61868.00,92.38889,57.98548,1.687500,1.533601,102.7000,96.09000,30.96201
2008-03-10,59999.00,91.17091,58.40174,1.698400,1.534095,101.4200,95.87000,31.54463
2008-03-11,62368.00,94.44738,57.76779,1.701300,1.534189,103.2700,95.99000,32.03570
2008-03-12,62177.00,93.56413,58.43377,1.682200,1.554002,101.4800,97.01000,32.38527
2008-03-13,62280.00,93.77068,58.12638,1.700500,1.562207,100.6800,98.34000,32.41856
2008-03-14,61991.00,92.31767,58.72838,1.707400,1.561792,99.03000,98.71000,32.37694
2008-03-17,60012.00,91.38456,59.02288,1.722800,1.574803,97.10000,99.17000,31.07854
2008-03-18,61933.00,95.18102,58.61948,1.695200,1.565803,99.82000,96.50000,31.76935
2008-03-19,58827.00,92.82337,59.12538,1.699600,1.563893,98.62000,93.04000,30.39604
2008-03-20,58987.00,94.54271,59.25341,1.737900,1.544211,99.38000,89.91000,29.17253
2008-03-21,,,,1.737900,1.569711,99.57000,,
2008-03-24,59813.00,96.43243,58.20963,1.737900,1.543496,100.7400,90.10000,29.70522
2008-03-25,61234.00,96.52551,58.41456,1.736000,1.561207,100.0800,92.73000,30.00485
2008-03-26,61415.00,95.34441,58.45938,1.732200,1.582404,99.16000,93.80000,30.90375
2008-03-27,60762.00,95.04376,58.38255,1.726800,1.581403,99.53000,93.46000,31.24499
2008-03-28,60452.00,94.13470,58.61309,1.737700,1.576094,99.12000,91.88000,30.50423
2008-03-30,,,,1.739500,1.575796,99.85000,,
2008-03-31,60968.00,94.46400,58.71555,,,,90.41000,29.77180
2008-04-01,62775.00,97.78526,58.20211,1.722800,1.567791,102.2900,86.86000,29.60534
2008-04-02,63364.00,97.84967,58.00937,1.719300,1.566711,102.2900,89.27000,30.48759
2008-04-03,64175.00,98.09306,58.00937,1.704500,1.573688,101.5200,89.42000,30.65406
2008-04-04,64446.00,97.98573,58.45272,,,,90.25000,30.87046
2008-04-06,,,,1.694800,1.570500,102.4400,,
2008-04-07,64176.00,98.03584,58.06719,1.694500,1.557802,108.1800,91.17000,31.20339
2008-04-08,64540.00,97.93565,58.07360,1.687600,1.582404,101.8220,90.35000,31.32823
2008-04-09,63477.00,97.22697,58.42059,1.675400,1.574208,102.0600,92.29000,31.85258
2008-04-10,63527.00,97.36298,58.18926,1.681300,1.582203,100.9500,91.77000,31.71109
2008-04-11,62585.00,95.47327,58.43987,,,,91.30000,31.58624
2008-04-13,,,,1.680000,1.582504,101.1600,,
2008-04-14,62153.00,95.15115,58.29211,1.681600,1.578607,101.8200,91.11000,31.80264
2008-04-15,62618.00,95.37304,58.02869,1.668000,1.595813,101.8000,91.66000,32.18550
2008-04-16,64152.00,97.95711,57.63668,1.659300,1.590204,102.4800,93.27000,32.49347
2008-04-17,64552.00,98.10021,57.50172,1.660500,1.573391,103.7500,92.56000,32.34364
2008-04-18,64923.00,99.12386,57.44393,,,,90.62000,32.36029
2008-04-20,,,,1.666000,1.591191,103.3030,,
2008-04-21,,99.17393,57.45037,1.652500,1.598798,102.8700,90.25000,32.40191
2008-04-22,65413.00,98.73732,57.49531,1.656800,1.587402,103.4520,90.27000,32.60167
2008-04-23,64948.00,98.57983,57.43750,1.667500,1.568406,104.2470,89.22000,32.29371
2008-04-24,64576.00,99.00931,56.98773,1.666600,1.563697,104.4000,87.22000,31.75271
2008-04-25,65187.00,99.92550,56.91063,,,,87.27000,32.33532
2008-04-27,,,,1.674300,1.565288,104.2100,,
2008-04-28,65678.00,99.94701,57.01338,1.703000,1.556711,104.0000,87.69000,32.41023
2008-04-29,63826.00,99.55331,57.11625,1.658200,1.562207,103.9430,85.81000,31.62786
2008-04-30,67868.00,98.96638,57.29612,,,,86.65000,31.56960
2008-05-01,,101.0136,57.28967,1.642500,1.543400,105.3000,83.99000,30.83716
2008-05-02,69366.00,101.2927,56.82561,,,,84.58000,31.61954
2008-05-04,,,,1.657400,1.549811,104.9100,,
2008-05-05,70175.00,100.8060,56.90936,1.658400,1.553591,104.6840,86.27000,32.27707
2008-05-06,70195.00,101.6792,56.72899,1.669300,1.538509,104.7790,86.63000,32.70155
2008-05-07,69018.00,99.86827,56.95451,1.676300,1.546408,108.2700,85.82000,32.75981
2008-05-08,69722.00,99.61061,57.32193,1.690500,1.548995,102.8000,87.24000,33.29249
2008-05-09,69646.00,99.42445,57.38639,,,,87.42000,33.80851
2008-05-11,,,,1.685500,1.554002,103.7700,,
2008-05-12,70416.00,100.5411,57.28967,1.654500,1.547700,104.6200,86.99000,33.23423
2008-05-13,70503.00,100.5554,56.81273,1.655700,1.546910,105.0500,85.39000,33.41733
2008-05-14,70027.00,100.7630,56.79335,1.651500,1.545094,104.8000,85.20000,32.87633
2008-05-15,71492.00,102.0228,57.10922,1.639500,1.559600,104.0200,87.00000,33.25087
2008-05-16,72767.00,102.1159,57.01254,,,,89.10000,33.73361
2008-05-18,,,,1.640800,1.552795,104.3910,,
2008-05-19,73439.00,102.3950,57.14145,1.650900,1.565411,103.5700,89.39000,33.78355
2008-05-20,73517.00,101.5647,57.31547,1.646000,1.578806,103.0400,90.90000,34.24964
2008-05-21,72295.00,99.84680,57.18008,1.653300,1.573193,104.0400,91.96000,35.24842
2008-05-22,,99.86111,56.80628,1.650000,1.578507,103.3000,90.98000,34.74070
2008-05-23,71452.00,98.52255,57.05762,,,,91.23000,34.80729
2008-05-25,,,,1.659600,1.577934,103.3400,,
2008-05-26,71629.00,,,1.667500,1.569095,104.1910,,
2008-05-27,70992.00,99.25267,56.78048,1.666900,1.565607,104.6500,89.36000,34.24964
2008-05-28,73153.00,99.71081,56.35506,1.643100,1.551807,105.4900,89.14000,34.46604
2008-05-29,71798.00,100.2119,56.09081,1.622500,1.554098,105.5000,86.51000,33.52553
2008-05-30,72593.00,100.4624,56.27773,,,,87.45000,33.75025
2008-06-01,,,,1.629000,1.554606,104.4800,,
2008-06-02,71897.00,99.42445,56.61214,1.619700,1.545022,105.1300,87.96000,34.19970
2008-06-03,70012.00,98.84466,56.90973,1.629200,1.543258,105.2400,86.88000,33.39236
2008-06-04,68673.00,98.79460,56.70266,1.629500,1.558895,105.9200,86.65000,32.89297
2008-06-05,71235.00,100.7701,56.40514,1.626000,1.578507,104.9000,86.45000,34.14144
2008-06-06,69786.00,97.55621,56.89672,,,,89.06000,35.01537
2008-06-08,,,,1.616600,1.564358,106.3200,,
2008-06-09,69281.00,97.79247,56.48926,1.637600,1.546408,107.3400,87.99000,35.37326
2008-06-10,67775.00,97.30573,56.15285,1.640000,1.555791,106.9600,85.55000,35.23177
2008-06-11,66795.00,95.87411,56.21111,1.632200,1.546097,107.8000,87.02000,36.53018
2008-06-12,67322.00,96.23916,55.71947,1.629400,1.536901,108.1500,85.60000,36.52185
2008-06-13,67204.00,97.45602,55.59012,,,,85.83000,36.28881
2008-06-15,,,,1.622400,1.547389,108.1400,,
2008-06-16,67285.00,97.51330,55.59657,1.610500,1.552193,107.9700,87.01000,36.25552
2008-06-17,68438.00,97.04086,55.78415,1.607000,1.553808,107.8200,87.25000,36.62173
2008-06-18,67090.00,96.09600,56.08821,1.599000,1.550989,107.9200,88.28000,37.12112
2008-06-19,66590.00,96.21767,55.76475,1.599200,1.562793,107.3100,88.42000,36.25552
2008-06-20,64614.00,94.65592,56.02351,,,,88.95000,36.50521
2008-06-22,,,,1.612100,1.552289,107.8300,,
2008-06-23,64640.00,94.56241,55.99762,1.600500,1.557002,107.7800,87.09000,36.76323
2008-06-24,64168.00,94.37536,56.29515,1.596500,1.567398,107.8000,87.47000,36.77154
2008-06-25,65853.00,94.82137,56.28874,1.591000,1.575299,106.9470,87.42000,36.63005
2008-06-26,63947.00,92.24599,56.60566,1.601000,1.575299,106.1200,90.61000,37.84523
2008-06-27,64321.00,91.74242,56.88384,,,,91.47000,37.94511
2008-06-29,,,,1.591000,1.575002,106.1200,,
2008-06-30,65018.00,92.06615,56.92262,,,,91.40000,37.27094
2008-07-01,63396.00,92.35389,56.76817,1.596300,1.587806,105.9400,92.66000,37.92847
2008-07-02,61106.00,90.77126,56.90443,1.592000,1.570007,106.7400,93.17000,38.65258
2008-07-03,59273.00,90.86478,56.92390,1.602000,1.571388,106.8100,92.06000,38.63592
2008-07-04,59365.00,,,,,,,
2008-07-06,,,,1.595300,1.572006,107.1600,,
2008-07-07,59088.00,89.93678,57.19003,1.608000,1.533390,109.4100,91.23000,38.11156
2008-07-08,59536.00,91.53379,57.33277,1.607000,1.573589,106.8710,90.86000,36.72993
2008-07-09,,89.77135,57.60537,1.606400,1.578507,107.0660,91.50000,36.70496
2008-07-10,60253.00,90.13820,57.62482,1.601500,1.594896,106.2100,93.53000,37.70373
2008-07-11,60148.00,89.08788,57.08614,,,,95.16000,38.22810
2008-07-13,,,,1.587800,1.589092,106.2200,,
2008-07-14,60721.00,88.28222,57.39117,1.589500,1.589901,104.8100,95.91000,38.24474
2008-07-15,61015.00,87.03770,57.59888,1.593400,1.582203,105.1800,96.17000,37.02957
2008-07-16,62056.00,89.17424,57.07317,1.586000,1.585590,106.2280,94.44000,36.46360
2008-07-17,60109.00,90.06628,56.80058,1.589000,1.585389,106.9500,94.22000,35.60631
2008-07-18,59988.00,90.62740,56.60589,,,,94.17000,34.99872
2008-07-20,,,,1.579200,1.591394,106.4960,,
2008-07-21,60772.00,90.67776,56.73570,1.581600,1.579205,107.2300,95.12000,35.42320
2008-07-22,59647.00,91.70647,56.54102,1.579900,1.569243,107.8900,93.06000,34.64915
2008-07-23,59421.00,92.20279,56.45016,1.577900,1.568874,107.3800,90.57000,33.86678
2008-07-24,57434.00,90.28927,56.93687,1.569200,1.567300,107.8500,91.33000,33.89175
2008-07-25,57199.00,90.26768,56.60589,,,,91.69000,33.46727
2008-07-27,,,,1.569500,1.574134,107.4600,,
2008-07-28,56869.00,88.94403,56.93036,1.570700,1.559090,108.0800,91.73000,33.63373
2008-07-29,58043.00,90.84320,56.76817,1.556500,1.557366,108.1500,90.59000,33.25087
2008-07-30,59998.00,92.46182,56.87850,1.561800,1.559308,107.8100,89.52000,33.90840
2008-07-31,59505.00,91.23886,57.33277,,,,90.08000,33.62541
2008-08-01,57630.00,90.75688,57.36145,,,,89.57000,33.25087
2008-08-04,55609.00,89.91520,57.32236,,,,88.14000,32.15221
2008-08-05,56471.00,92.33951,57.02933,,,,86.08000,31.92749
2008-08-06,57542.00,92.74955,57.04885,,,,86.64000,31.58624
2008-08-07,57018.00,91.36835,57.58287,,1.504891,110.1700,86.09000,31.76103
2008-08-08,56584.00,93.06608,57.55679,,,,84.43000,30.87046
2008-08-11,54720.00,94.03005,57.27679,,,,81.13000,30.83716
2008-08-12,54503.00,93.05171,57.67406,,,,80.52000,30.57082
2008-08-13,54573.00,92.49057,57.55032,,,,81.56000,31.59456
2008-08-14,55138.00,93.18836,57.72616,,,,79.35000,31.31990
2008-08-15,54244.00,93.64160,57.94108,,,,77.63000,30.89542
2008-08-18,53327.00,92.36112,58.08431,,,,78.80000,31.07021
2008-08-19,53639.00,91.35397,57.99963,,,,80.43000,31.55295
2008-08-20,55377.00,91.77837,58.16896,,,,80.06000,31.80264
2008-08-21,55935.00,91.93665,58.04526,,,,82.30000,33.16763
2008-08-22,55850.00,93.26752,57.87587,,,,81.08000,32.04402
2008-08-25,54477.00,91.37553,58.26019,1.637200,1.464794,109.6100,80.93000,31.86091
2008-08-26,54359.00,91.64173,58.27971,1.619300,1.472581,109.5400,81.23000,31.87756
2008-08-27,55519.00,92.53376,58.36438,1.620500,1.471410,109.4200,81.36000,32.17719
2008-08-28,56382.00,93.65602,58.27971,1.630700,1.467093,108.7900,82.18000,31.54463
2008-08-29,55680.00,92.64884,58.20811,,,,81.71000,31.42810
2008-08-31,,,,1.638000,1.457492,108.0560,,
2008-09-01,55162.00,,,1.652300,1.451589,108.6500,,
2008-09-02,54404.00,92.07333,58.52493,1.668700,1.448604,108.3500,79.20000,30.61244
2008-09-03,53527.00,91.99420,58.66866,1.692800,1.426493,106.7300,78.89000,30.43765
2008-09-04,51409.00,89.22459,58.96272,1.728900,1.427491,107.6800,78.39000,30.00485
2008-09-05,51940.00,89.50516,58.83204,,,,78.98000,29.70522
2008-09-07,,,,1.735800,1.505004,108.1100,,
2008-09-08,50718.00,91.35397,58.83859,1.752000,1.414847,107.2800,78.86000,29.63863
2008-09-09,48435.00,88.64190,59.10648,1.777900,1.398406,107.7200,76.49000,28.55663
2008-09-10,49633.00,89.00159,58.95618,1.813000,1.399600,106.9800,74.22000,28.59825
2008-09-11,51270.00,90.28927,58.85163,1.777500,1.423994,107.9400,73.08000,28.35687
2008-09-12,52393.00,90.70654,58.55768,,,,75.55000,28.54830
2008-09-14,,,,1.798900,1.426900,104.2510,,
2008-09-15,48416.00,86.39027,59.68147,1.824200,1.413507,105.5200,77.56000,27.42468
2008-09-16,49229.00,87.83618,59.51161,1.878300,1.432932,104.3190,76.79000,26.86703
2008-09-17,45909.00,83.88678,60.04737,1.909500,1.430492,105.5000,85.46000,27.67438
2008-09-18,48423.00,86.37587,59.34167,1.816000,1.441795,107.4200,82.80000,27.72432
2008-09-19,53055.00,89.80618,58.28314,,,,85.98000,28.63986
2008-09-21,,,,1.793000,1.479596,105.5600,,
2008-09-22,51541.00,87.77303,58.15901,1.808300,1.469292,105.7190,89.18000,29.63031
2008-09-23,49593.00,85.77604,58.15901,1.838300,1.463315,106.0800,88.32000,29.33900
2008-09-24,49843.00,86.05096,58.30938,1.828800,1.464193,106.3200,86.71000,29.09763
2008-09-25,51828.00,87.39677,58.13295,1.847600,1.459897,106.0500,86.45000,29.60534
2008-09-26,50783.00,87.44019,58.09374,,,,86.64000,29.25577
2008-09-28,,,,1.909500,1.439325,103.8430,,
2008-09-29,46028.00,80.58823,58.90390,1.922000,1.409642,106.0700,89.57000,27.44133
2008-09-30,49541.00,83.92378,58.12638,1.927100,1.401620,105.9400,85.07000,28.20706
2008-10-01,49799.00,83.97441,58.53616,1.990000,1.380796,105.2100,85.97000,27.54953
2008-10-02,46145.00,80.92829,58.86399,2.022000,1.378493,105.3000,82.33000,26.02640
2008-10-03,44517.00,79.83575,59.08691,,,,82.59000,25.41881
2008-10-05,,,,2.119400,1.350494,101.8800,,
2008-10-06,42101.00,75.76942,59.56553,2.178800,1.358806,101.4600,84.28000,24.33680
2008-10-07,40140.00,72.37601,59.51962,2.400000,1.495707,110.0900,87.27000,24.63644
2008-10-08,38594.00,70.55270,58.75913,2.148500,1.359804,99.51000,89.42000,24.99433
2008-10-09,37080.00,65.62536,58.16898,2.248500,1.339800,101.1000,89.90000,23.82910
2008-10-10,35610.00,64.03359,57.48714,,,,83.22000,22.77206
2008-10-12,,,,2.126200,1.362194,102.2800,,
2008-10-13,40829.00,73.33112,57.09378,2.026000,1.361804,101.9600,81.99000,24.03717
2008-10-14,41569.00,72.24578,56.82495,2.115300,1.344393,99.72000,82.20000,23.59605
2008-10-15,36833.00,65.13332,57.29045,2.183500,1.349000,101.2400,83.31000,22.52237
2008-10-16,36442.00,67.84663,57.30351,2.068500,1.342300,101.6500,79.29000,22.09789
2008-10-17,36399.00,67.44146,57.66417,,,,77.21000,22.34758
2008-10-19,,,,2.103900,1.331327,101.9700,,
2008-10-20,39441.00,71.49329,57.72315,2.165500,1.306114,100.3270,78.50000,22.79703
2008-10-21,39043.00,69.35886,58.33294,2.368000,1.281673,97.86000,76.03000,21.98136
2008-10-22,35070.00,65.58195,58.77878,2.272500,1.294498,97.47800,71.71000,20.94097
2008-10-23,33818.00,66.34168,58.85743,2.276800,1.262993,94.27000,70.65000,21.02420
2008-10-24,31482.00,62.97720,58.60826,,,,72.21000,20.18357
2008-10-27,29435.00,60.74146,58.57549,2.229500,1.246463,93.19400,72.18000,20.03375
2008-10-28,33387.00,67.83941,58.10342,2.160300,1.280902,98.20000,73.79000,20.58308
2008-10-29,34845.00,67.34741,58.18863,2.108400,1.295924,97.52000,74.00000,21.79825
2008-10-30,37449.00,69.67722,57.74286,2.067500,1.286803,98.79000,72.71000,20.89936
2008-10-31,37257.00,70.06068,57.62485,2.097000,1.270196,98.44000,71.34000,21.13240
2008-11-03,38249.00,70.26328,57.71693,2.119400,1.261798,99.00000,71.10000,20.89936
2008-11-04,40255.00,72.65101,58.40784,2.091800,1.298398,99.73300,75.48000,21.84819
2008-11-05,37786.00,69.59763,58.71719,2.111300,1.291806,98.22000,72.80000,21.28222
2008-11-06,36362.00,65.74113,58.53949,2.135800,1.269503,97.27600,72.22000,20.35003
2008-11-07,36665.00,67.91175,58.32894,2.145500,1.271407,98.09000,72.50000,20.37500
2008-11-10,36776.00,67.02179,58.38815,2.122500,1.274795,97.97000,73.58000,20.50817
2008-11-11,37262.00,64.95248,58.60528,2.174000,1.251596,97.29100,72.05000,20.11698
2008-11-12,34374.00,62.09445,58.96721,2.230500,1.245904,94.80000,70.00000,19.52604
2008-11-13,35993.00,65.96542,58.53949,2.282500,1.278871,97.57000,72.15000,19.89226
2008-11-14,35789.00,62.67332,59.11862,2.226500,1.259700,97.02000,73.30000,19.76741
2008-11-17,35717.00,61.84122,59.36862,2.252500,1.264398,96.41000,72.65000,19.31796
2008-11-18,34095.00,63.00616,59.82927,2.248500,1.263695,96.74600,72.51000,19.02665
2008-11-19,33405.00,58.96877,60.47413,2.339000,1.250531,96.00300,72.26000,18.81025
2008-11-20,,54.59133,61.69151,2.347500,1.243905,94.05000,73.45000,17.85310
2008-11-21,31251.00,57.53615,61.12559,2.405000,1.259097,95.91000,78.85000,18.16105
2008-11-24,34189.00,61.52285,60.55310,2.274600,1.291773,96.87000,80.91000,19.40952
2008-11-25,34813.00,61.97869,61.59283,2.253500,1.303407,95.44700,80.87000,18.76032
2008-11-26,36470.00,64.37364,61.96786,2.258000,1.289923,95.60700,80.38000,19.35958
2008-11-27,36213.00,,,2.198500,1.289507,95.42900,,
2008-11-28,36596.00,65.18401,62.09290,2.256700,1.269793,95.50000,80.31000,18.51894
2008-12-01,34741.00,59.41016,62.93343,2.345000,1.259906,93.14000,75.65000,17.94465
2008-12-02,35001.00,61.69648,63.26350,2.328000,1.271326,93.15100,76.95000,17.95297
2008-12-03,35297.00,63.17979,63.36256,2.345500,1.270793,93.14000,76.18000,17.74489
2008-12-04,35128.00,61.71825,63.75871,2.430800,1.277400,92.45000,75.50000,16.81271
2008-12-05,35347.00,63.62115,63.08527,2.566000,1.271698,92.82000,74.52000,16.39655
2008-12-08,38285.00,65.84241,62.84760,2.511000,1.491803,109.2400,76.20000,17.15395
2008-12-09,37968.00,64.75711,63.38236,2.434500,1.292608,92.30300,76.33000,16.77941
2008-12-10,39004.00,65.19848,63.32291,2.382000,1.301406,92.84000,79.75000,17.28712
2008-12-11,38519.00,63.62836,63.70589,2.239500,1.332996,91.53000,80.65000,17.83645
2008-12-12,39374.00,64.38813,63.88415,2.349500,1.335399,91.07000,80.81000,18.22763
2008-12-15,38320.00,63.49092,64.02278,2.311500,1.369600,90.50000,82.60000,17.71192
2008-12-16,39993.00,66.47915,65.03954,2.317000,1.406193,88.68000,84.46000,17.96555
2008-12-17,39947.00,65.83519,65.48190,2.320000,1.440839,87.32000,85.43000,17.72037
2008-12-18,39536.00,64.60516,65.92429,2.346000,1.429307,89.50500,83.87000,17.44983
2008-12-19,39131.00,64.32726,65.70639,2.370500,1.392603,89.27000,82.63000,17.33147
2008-12-22,37619.00,63.50301,65.53472,2.358300,1.395907,90.16000,83.46000,16.84112
2008-12-23,36471.00,62.84653,65.50169,2.326100,1.393787,90.84000,82.63000,16.90875
2008-12-24,,63.21124,65.43569,2.326100,1.400894,90.50000,83.46000,16.64667
2008-12-25,,,,2.326100,1.401502,90.51400,,
2008-12-26,36864.00,63.57595,65.78558,2.326100,1.402702,90.77000,85.60000,16.90875
2008-12-29,37060.00,63.39363,65.93073,2.349300,1.403903,90.65200,86.35000,17.09475
2008-12-30,37550.00,64.89621,66.02348,2.324000,1.414007,90.29000,85.90000,17.19620
2008-12-31,,65.82257,65.29453,2.324000,1.397995,90.65000,86.52000,17.91482
2009-01-01,,,,2.324000,1.399894,90.66700,,
2009-01-02,40244.00,67.80658,64.36019,2.313000,1.392292,91.79000,86.23000,18.54045
2009-01-05,41519.00,67.72636,64.24751,2.216500,1.364592,93.21700,84.48000,18.73490
2009-01-06,42312.00,68.17857,64.20777,2.139000,1.351004,93.38000,85.13000,19.22525
2009-01-07,40820.00,66.13621,64.22099,2.172500,1.361100,92.68000,82.75000,18.24454
2009-01-08,41991.00,66.40610,64.39330,2.214600,1.369901,91.36000,84.46000,18.31218
2009-01-09,41583.00,64.98375,64.69149,2.243100,1.345497,90.37000,83.92000,18.10082
2009-01-12,39403.00,63.42277,65.09574,2.272000,1.336005,89.43000,80.76000,17.28074
2009-01-13,39544.00,63.53949,65.14214,2.248300,1.320202,89.34100,80.88000,17.56819
2009-01-14,37982.00,61.54090,65.50660,2.305100,1.321702,89.16000,79.79000,17.32302
2009-01-15,39151.00,61.56277,65.45356,2.322600,1.315807,89.94000,80.39000,17.30611
2009-01-16,39342.00,62.04417,64.85049,2.290000,1.329204,90.90000,82.71000,17.38220
2009-01-19,38828.00,,,2.282500,1.309397,90.62000,,
2009-01-20,37272.00,58.76913,64.75117,2.312500,1.288494,89.81000,84.52000,16.84112
2009-01-21,38543.00,61.30745,64.17461,2.303800,1.300508,89.05000,84.15000,16.90875
2009-01-22,37894.00,60.35923,63.75049,2.300300,1.300678,89.12600,84.58000,16.68894
2009-01-23,38132.00,60.62180,63.76374,2.300200,1.296496,88.76000,88.53000,17.46674
2009-01-26,38509.00,61.03759,63.60467,2.263800,1.319192,89.24000,88.95000,17.50056
2009-01-27,38699.00,61.65760,64.02220,2.267000,1.321598,89.33000,88.38000,17.02711
2009-01-28,40227.00,63.74371,63.61132,2.237000,1.315322,90.46200,87.42000,17.43292
2009-01-29,39638.00,61.67221,62.78294,2.240000,1.293795,89.91000,89.50000,17.22157
2009-01-30,39301.00,60.41757,62.75649,2.263000,1.283697,89.90000,91.31000,17.12011
2009-02-02,38666.00,60.23523,63.26550,2.340000,1.281493,89.36000,88.84000,16.79039
2009-02-03,39747.00,61.08134,62.72059,2.307000,1.301287,89.37000,88.47000,16.59594
2009-02-04,40129.00,60.78230,62.40157,2.286900,1.285562,89.42000,89.18000,16.68894
2009-02-05,41109.00,61.68677,62.54784,2.290000,1.279116,91.15000,90.12000,17.06093
2009-02-06,42756.00,63.44467,62.16902,2.259300,1.292708,91.92000,89.59000,17.18775
2009-02-09,42100.00,63.53218,62.04271,2.238500,1.295908,91.31000,88.32000,17.09475
2009-02-10,41207.00,60.62180,62.87339,2.263500,1.291406,90.44400,90.21000,16.87493
2009-02-11,40846.00,60.97923,63.35851,2.259800,1.286803,90.29000,92.29000,16.77348
2009-02-12,40501.00,61.02304,63.33864,2.286000,1.289092,90.67000,93.17000,16.79885
2009-02-13,41674.00,60.36652,62.84021,2.256000,1.286604,91.86000,92.55000,16.49449
2009-02-16,41841.00,,,2.266000,1.279902,91.71000,,
2009-02-17,39847.00,57.78439,63.89685,2.315000,1.258194,92.27600,95.45000,15.57296
2009-02-18,39674.00,57.64580,63.43161,2.349000,1.256897,93.63000,96.91000,15.47996
2009-02-19,39730.00,57.02581,63.07946,2.353300,1.265903,94.01100,95.77000,15.86041
2009-02-20,38715.00,56.47146,63.25891,2.390500,1.293293,93.34000,97.80000,15.68287
2009-02-23,,54.45098,63.31870,2.379000,1.267813,94.40000,97.73000,15.53069
2009-02-24,,56.51523,63.07946,2.383000,1.287399,96.55000,94.73000,15.82659
2009-02-25,38232.00,56.07027,62.50791,2.394000,1.272426,97.39000,93.15000,16.01259
2009-02-26,38180.00,55.15850,62.34844,2.344000,1.272054,98.33400,93.06000,16.35077
2009-02-27,38183.00,53.92578,62.29524,2.369000,1.267893,97.62000,92.63000,16.15631
2009-03-02,36235.00,51.49681,62.92027,2.437000,1.256408,97.05400,90.93000,15.34470
2009-03-03,36468.00,51.11021,62.84035,2.439000,1.253180,98.53500,90.04000,15.44615
2009-03-04,38402.00,52.32106,62.52049,2.371000,1.263807,98.99200,88.99000,15.98723
2009-03-05,37369.00,50.18387,63.25343,2.378000,1.254674,98.13000,91.99000,15.85196
2009-03-06,37105.00,50.27140,62.95358,2.372400,1.263807,98.34000,92.29000,16.23240
2009-03-09,36741.00,49.68057,62.98024,2.365200,1.262276,98.92000,90.57000,16.13940
2009-03-10,38795.00,52.64202,62.52049,2.343400,1.271666,98.78000,88.14000,16.09713
2009-03-11,38805.00,52.98484,62.96692,2.336800,1.280672,97.25000,89.22000,15.58987
2009-03-12,39152.00,55.07097,63.14679,2.318200,1.289890,97.32000,91.10000,16.31695
2009-03-13,39015.00,55.50133,63.10015,2.306500,1.292992,97.94000,91.30000,16.17322
2009-03-16,38607.00,55.33356,62.74035,2.209500,1.297606,98.20000,90.80000,16.52831
2009-03-17,39511.00,57.02581,62.62040,2.275900,1.303322,98.78100,90.04000,16.88339
2009-03-18,40142.00,58.30231,64.76595,2.299700,1.348399,96.40100,93.09000,17.09475
2009-03-19,40453.00,57.58015,64.54608,2.251000,1.366195,94.45000,94.35000,17.44983
2009-03-20,40076.00,56.35404,64.54608,2.264000,1.358197,95.93000,93.59000,17.68656
2009-03-23,42439.00,60.40191,64.32626,2.270000,1.362045,97.09200,92.08000,18.05855
2009-03-24,41476.00,59.21178,64.23296,2.243900,1.348127,98.34000,90.95000,17.76264
2009-03-25,41799.00,59.83624,63.84644,2.238700,1.357700,97.73000,91.98000,17.49211
2009-03-26,42589.00,61.05571,64.01303,2.235400,1.353070,98.70000,91.93000,17.79646
2009-03-27,41907.00,59.95377,63.97306,2.275400,1.329204,97.85000,90.69000,17.46674
2009-03-29,,,,2.323000,1.318618,97.43200,,
2009-03-30,40653.00,57.88210,64.24625,2.307000,1.324696,98.97000,89.98000,16.83266
2009-03-31,40926.00,58.41838,64.35950,2.278500,1.324100,98.66000,90.28000,16.90875
2009-04-01,41976.00,59.54975,64.51723,2.227000,1.346692,99.56000,91.03000,16.86648
2009-04-02,43736.00,61.29081,64.09621,2.199300,1.348909,100.3000,88.80000,17.51747
2009-04-03,44391.00,61.90055,63.36119,,,,87.59000,17.78801
2009-04-05,,,,2.221500,1.340572,100.7600,,
2009-04-06,44167.00,61.41568,63.21416,2.225900,1.327739,100.6900,85.27000,17.56819
2009-04-07,43825.00,59.98315,63.37458,2.197300,1.325135,99.74000,86.74000,17.25538
2009-04-08,44182.00,60.62963,63.68863,2.175000,1.315997,100.4400,86.61000,17.38220
2009-04-09,45539.00,63.03928,63.31442,2.181100,1.317593,100.2600,86.31000,17.63583
2009-04-12,,,,,1.336398,100.0200,,
2009-04-13,45992.00,63.05395,63.68863,2.177100,1.327404,98.97000,87.88000,17.71192
2009-04-14,45418.00,61.96669,64.01604,2.194000,1.322594,99.23000,87.37000,17.39065
2009-04-15,45273.00,62.62787,64.07619,2.177000,1.318044,99.33000,87.50000,17.28074
2009-04-16,46025.00,63.54613,63.82226,2.182600,1.304495,99.08000,85.81000,17.20466
2009-04-17,45778.00,63.97226,63.30770,,,,85.22000,17.07784
2009-04-19,,,,2.230300,1.292892,98.06600,,
2009-04-20,44433.00,61.29081,63.74876,2.239000,1.293494,98.64000,86.95000,16.43531
2009-04-21,,62.48825,63.50154,2.201000,1.300576,98.13000,86.89000,16.49449
2009-04-22,44888.00,62.10625,63.34780,2.207500,1.314095,97.92000,87.38000,16.51985
2009-04-23,45801.00,62.71601,63.33448,2.193500,1.325803,97.21000,88.80000,16.73966
2009-04-24,46772.00,63.66368,63.08718,,,,89.72000,16.99330
2009-04-26,,,,2.196200,1.301897,96.53000,,
2009-04-27,45820.00,63.06128,63.34780,2.154300,1.313094,96.53000,89.01000,16.57058
2009-04-28,45821.00,62.86292,63.04038,2.159100,1.326594,97.47000,87.75000,16.45222
2009-04-29,47227.00,64.19997,62.69968,2.168900,1.323522,98.69000,88.33000,16.83266
2009-04-30,47290.00,64.22200,62.59274,2.180000,1.326805,99.19000,87.27000,16.89184
2009-05-01,,64.56733,62.39162,,,,86.95000,17.39911
2009-05-03,,,,2.132600,1.341868,98.83000,,
2009-05-04,50405.00,66.76385,62.45196,2.146900,1.331593,98.92000,88.64000,17.73728
2009-05-05,50670.00,66.53611,62.43859,2.111500,1.331292,98.41000,88.25000,17.48365
2009-05-06,51499.00,67.68950,62.46537,2.103300,1.339208,99.12800,89.54000,17.94864
2009-05-07,50058.00,66.74916,61.94257,2.073000,1.363903,98.45000,89.44000,17.98246
2009-05-08,51396.00,68.30659,62.01632,,,,89.98000,18.43054
2009-05-10,,,,2.049800,1.358991,97.50000,,
2009-05-11,50976.00,67.02835,62.59940,2.059500,1.364498,96.46000,89.69000,18.27836
2009-05-12,50326.00,66.82999,62.55927,2.100900,1.358862,95.37000,90.70000,18.46436
2009-05-13,48679.00,65.14770,62.84744,2.098500,1.363605,96.00000,91.09000,18.25300
2009-05-14,49446.00,65.70599,62.85411,2.078400,1.350202,95.11000,91.03000,18.37136
2009-05-15,49007.00,65.16972,62.70000,,,,91.55000,17.90637
2009-05-17,,,,2.077200,1.355803,96.37300,,
2009-05-18,51463.00,67.02098,62.33134,2.044800,1.363234,96.11700,90.36000,18.37981
2009-05-19,51347.00,66.94016,62.24422,2.017400,1.377297,94.91100,90.96000,18.37981
2009-05-20,51245.00,66.49207,62.43859,2.037500,1.390608,94.13000,92.25000,18.67572
2009-05-21,50087.00,65.53700,61.75495,2.023800,1.400305,94.74000,93.85000,18.52354
2009-05-22,50568.00,65.39743,61.39300,,,,94.15000,18.79408
2009-05-24,,,,2.020100,1.400697,94.82000,,
2009-05-25,50816.00,,,2.033700,1.399404,95.05000,,
2009-05-26,51841.00,67.07240,60.98418,2.012000,1.383394,95.38000,93.76000,18.83635
2009-05-27,51792.00,65.87493,60.29382,2.004200,1.393107,96.79800,93.45000,18.92089
2009-05-28,53041.00,66.79320,60.60882,1.965300,1.415709,95.43000,94.24000,19.26752
2009-05-29,53198.00,67.97601,61.29248,,,,96.20000,19.63951
2009-05-31,,,,,1.416390,96.52200,,
2009-06-01,54486.00,69.62160,60.29218,1.941000,1.430861,95.60100,95.73000,20.18060
2009-06-02,54000.00,69.68042,60.49384,1.945200,1.414968,96.07000,96.36000,20.26514
2009-06-03,52087.00,68.79880,60.86364,1.942100,1.417796,96.64300,94.41000,19.58879
2009-06-04,53464.00,69.44530,60.15780,1.956000,1.397194,98.81000,96.23000,20.30741
2009-06-05,53341.00,69.45998,59.55951,,,,93.71000,20.19750
2009-06-07,,,,1.975100,1.390298,98.45700,,
2009-06-08,53630.00,69.17348,59.25698,1.942600,1.406331,97.47700,93.56000,20.14678
2009-06-09,53157.00,69.52612,59.51244,1.947700,1.398386,98.14900,93.83000,20.34123
2009-06-10,53411.00,69.34978,59.15612,1.947000,1.411094,97.63000,93.86000,20.26514
2009-06-11,,69.65833,59.55951,1.920500,1.400109,98.37000,93.70000,20.45114
2009-06-12,53558.00,69.84936,59.87547,,,,92.17000,20.16369
2009-06-14,,,,1.957500,1.378493,97.81900,,
2009-06-15,52034.00,68.24780,60.14431,1.967500,1.382992,96.50000,91.10000,19.77478
2009-06-16,51206.00,67.32219,60.48044,1.979000,1.393806,95.74000,91.93000,19.69870
2009-06-17,51046.00,67.25606,60.31912,1.911000,1.391498,96.57000,92.35000,19.75788
2009-06-18,50903.00,67.74828,59.58635,1.951100,1.394700,96.76000,91.61000,19.78324
2009-06-19,51374.00,67.99801,59.86198,,,,91.90000,19.61415
2009-06-21,,,,2.012000,1.386520,95.85000,,
2009-06-22,49495.00,65.95894,60.18465,1.999900,1.407202,95.11900,90.54000,18.95471
2009-06-23,49814.00,66.01067,60.37955,1.962000,1.394097,95.84800,90.92000,19.28443
2009-06-24,49672.00,66.57951,60.15104,1.960600,1.398562,95.94300,91.45000,19.27598
2009-06-25,51515.00,68.02751,60.90393,1.930000,1.405304,95.21000,92.31000,19.44506
2009-06-26,51486.00,67.85023,60.98457,,,,92.29000,19.28443
2009-06-28,,,,1.954200,1.408609,96.09200,,
2009-06-29,52138.00,68.48559,61.11235,1.962800,1.403883,96.33100,92.04000,19.47043
2009-06-30,51465.00,67.93154,60.95095,1.928000,1.414087,96.62000,91.18000,19.12380
2009-07-01,51544.00,68.21224,60.91192,1.953300,1.395751,95.95200,92.39000,19.04771
2009-07-02,51025.00,66.35049,61.11410,1.950700,1.396005,96.14000,91.25000,18.62499
2009-07-03,50935.00,,,,,,,
2009-07-05,,,,1.924000,1.397702,95.17000,,
2009-07-06,50622.00,66.34310,61.15459,1.964700,1.391595,94.76900,90.76000,18.06700
2009-07-07,49457.00,65.05759,61.39724,2.000400,1.387906,92.77200,90.71000,17.77955
2009-07-08,49178.00,65.01327,62.10505,1.942500,1.402800,93.04000,89.27000,17.55974
2009-07-09,,65.13891,61.74101,2.013000,1.393398,92.53000,89.51000,17.66965
2009-07-10,49221.00,64.98375,62.12527,,,,89.58000,17.53437
2009-07-12,,,,1.987400,1.399012,93.02200,,
2009-07-13,49187.00,66.56471,61.90280,1.966400,1.397155,93.42100,90.19000,17.62737
2009-07-14,48873.00,66.94150,61.49162,1.935500,1.410199,94.17700,90.81000,17.62737
2009-07-15,51297.00,68.89929,60.69619,1.889100,1.414107,93.77600,92.24000,18.09236
2009-07-16,51918.00,68.78847,61.06020,1.925400,1.410497,94.21000,91.98000,18.13464
2009-07-17,52072.00,69.54206,60.64898,,,,91.93000,18.40518
2009-07-19,,,,1.904000,1.421181,94.14000,,
2009-07-20,53155.00,70.28083,60.87144,1.906200,1.419850,93.53300,93.28000,18.70953
2009-07-21,53234.00,70.60593,61.55229,1.902200,1.420596,93.56900,93.13000,18.64190
2009-07-22,53073.00,70.59114,61.18830,1.884800,1.416330,94.93000,93.44000,18.74335
2009-07-23,54249.00,72.14995,60.59509,1.893700,1.421202,94.87000,93.26000,19.13225
2009-07-24,54457.00,72.44547,60.72319,,,,93.41000,19.14916
2009-07-26,,,,1.880500,1.424704,95.16000,,
2009-07-27,54549.00,72.65973,60.44003,1.881000,1.414607,94.38000,93.71000,19.22525
2009-07-28,54472.00,72.31985,60.56134,1.899000,1.401463,95.10000,92.11000,19.01389
2009-07-29,53735.00,72.14262,60.60179,1.876600,1.408490,95.56000,91.20000,18.52354
2009-07-30,54478.00,72.89613,60.84446,1.863400,1.426005,94.64000,91.62000,19.09843
2009-07-31,54766.00,72.99959,61.45796,,,,93.35000,19.47888
2009-08-02,,,,1.833000,1.441192,95.16700,,
2009-08-03,55998.00,74.20379,60.80482,1.830600,1.441961,95.29000,93.87000,20.02842
2009-08-04,56038.00,74.39587,60.62908,1.832000,1.441171,94.79600,94.68000,20.03687
2009-08-05,56384.00,74.18162,60.28426,1.828400,1.437298,95.48400,94.78000,20.24823
2009-08-06,55755.00,73.79744,60.28426,1.823200,1.419104,97.43000,94.60000,19.78324
2009-08-07,56330.00,74.76527,59.88540,,,,93.75000,19.69024
2009-08-09,,,,1.845000,1.413108,97.01000,,
2009-08-10,56830.00,74.61013,60.27076,1.851000,1.415008,95.92000,92.93000,19.68179
2009-08-11,55761.00,73.67923,60.68988,1.833000,1.421707,96.15700,92.79000,19.38589
2009-08-12,56588.00,74.46976,60.52093,1.830300,1.427593,95.27000,92.95000,19.48734
2009-08-13,57048.00,75.03864,60.99419,1.841500,1.420697,94.86000,93.72000,19.74942
2009-08-14,56638.00,74.46236,61.18341,,,,93.00000,19.19143
2009-08-16,,,,1.800000,1.410596,94.43000,,
2009-08-17,55218.00,72.63017,61.60257,1.800000,1.416511,94.84000,91.61000,18.90399
2009-08-18,55749.00,73.20644,61.38628,1.860400,1.425395,94.11000,92.06000,19.27598
2009-08-19,56156.00,73.84914,61.61612,1.840000,1.426005,94.25700,92.53000,19.41125
2009-08-20,56831.00,74.61013,61.77838,1.829000,1.432090,94.37000,92.27000,19.25062
2009-08-21,57729.00,76.07291,61.14961,,,,93.65000,19.39434
2009-08-23,,,,1.797300,1.429307,94.39000,,
2009-08-24,57775.00,76.06554,61.52821,1.837200,1.428408,93.90000,92.34000,19.42816
2009-08-25,57421.00,76.21331,61.69041,1.872000,1.423629,94.08000,92.76000,19.14916
2009-08-26,57766.00,76.22070,61.77160,1.879200,1.437298,93.63000,92.79000,19.09843
2009-08-27,57704.00,76.39063,61.60257,1.823300,1.435998,93.56000,93.19000,19.25907
2009-08-28,57701.00,76.37581,61.74457,,,,93.87000,19.21679
2009-08-30,,,,1.874000,1.434268,92.87000,,
2009-08-31,56489.00,75.69614,61.92711,1.913000,1.421202,92.70700,93.40000,18.69263
2009-09-01,55815.00,74.02649,62.08780,1.887900,1.427409,92.20900,93.90000,18.40518
2009-09-02,55386.00,73.74574,62.42672,1.866500,1.425639,92.68700,96.19000,18.44745
2009-09-03,55707.00,74.35895,62.20304,1.843200,1.429409,92.97000,97.46000,18.35445
2009-09-04,56652.00,75.40061,61.83012,,,,97.53000,18.27836
2009-09-06,,,,1.839800,1.433199,92.92000,,
2009-09-07,,,,1.823300,1.450410,92.31000,,
2009-09-08,57855.00,76.05074,61.68778,1.836000,1.454799,92.13000,97.43000,18.61654
2009-09-09,57910.00,76.63445,61.74200,1.816000,1.458130,91.68700,97.08000,18.69263
2009-09-10,58536.00,77.41753,62.20304,1.808500,1.458002,90.66000,97.70000,18.79408
2009-09-11,58366.00,77.40273,62.38613,,,,98.78000,18.54890
2009-09-13,,,,1.814000,1.464322,90.87000,,
2009-09-14,58868.00,77.77954,62.01992,1.803600,1.467093,90.89800,97.96000,18.44745
2009-09-15,59264.00,78.10461,61.89119,1.796400,1.471194,91.02000,98.90000,18.87862
2009-09-16,60411.00,79.28666,61.84370,1.807400,1.473297,91.20600,99.91000,19.12380
2009-09-17,60236.00,79.16845,62.14878,1.805900,1.471605,91.27000,99.34000,19.13225
2009-09-18,60703.00,79.21894,61.81662,,,,98.67000,18.96317
2009-09-20,,,,1.771400,1.468407,92.02600,,
2009-09-21,60928.00,79.01851,61.77589,1.803000,1.481196,90.71000,98.36000,18.54890
2009-09-22,61493.00,79.47876,61.93864,1.787700,1.472602,91.32700,99.67000,18.85326
2009-09-23,60496.00,78.81809,62.07420,1.753500,1.465094,90.82300,98.83000,18.43054
2009-09-24,60046.00,77.94955,62.24375,1.799000,1.468493,89.81000,97.55000,18.19382
2009-09-25,60356.00,77.53388,62.49454,,,,97.00000,18.05009
2009-09-27,,,,1.741300,1.462159,89.86200,,
2009-09-28,61317.00,78.92200,62.60301,1.784600,1.459172,90.22100,97.05000,18.21073
2009-09-29,61235.00,78.68448,62.57591,1.772100,1.465502,89.87000,97.43000,18.14309
2009-09-30,61518.00,78.38011,62.62342,1.779600,1.451589,89.54700,98.85000,18.65035
2009-10-01,60459.00,76.43523,63.09447,1.745500,1.459002,89.61000,97.89000,18.53199
2009-10-02,61172.00,76.07896,63.06730,,,,98.37000,18.34599
2009-10-04,,,,1.768300,1.465996,89.62000,,
2009-10-05,62369.00,77.21468,63.06053,1.747000,1.472169,88.80000,99.82000,18.93780
2009-10-06,62671.00,78.32076,62.85656,1.758400,1.471151,88.53800,102.2800,18.70953
2009-10-07,62638.00,78.53603,63.25766,1.738000,1.478131,88.76900,102.3600,18.74335
2009-10-08,63760.00,79.13730,63.02650,1.737700,1.473405,89.74000,103.6400,19.11535
2009-10-09,64071.00,79.61977,62.42146,,,,102.8400,19.19143
2009-10-11,,,,1.739700,1.479290,89.71000,,
2009-10-12,,79.93156,62.60500,1.729000,1.484605,89.82000,103.5600,19.58034
2009-10-13,64646.00,79.76822,62.74783,1.703400,1.493206,89.41000,104.2600,19.80015
2009-10-14,66201.00,81.14152,62.31948,1.701500,1.495595,90.82700,104.1800,19.95233
2009-10-15,66703.00,81.43845,62.11551,1.706000,1.490802,90.91000,102.8600,20.15523
2009-10-16,66200.00,80.82974,62.40107,,,,103.1800,20.20596
2009-10-18,,,,1.706700,1.496491,90.77300,,
2009-10-19,67239.00,81.49780,62.49627,1.752600,1.493451,90.79800,104.2300,20.49341
2009-10-20,65303.00,81.06726,62.63902,1.730700,1.500690,90.88000,103.4200,20.36659
2009-10-21,65486.00,80.33981,62.49627,1.724300,1.504189,91.39600,103.7500,20.79776
2009-10-22,66135.00,81.15636,62.31273,1.664200,1.501006,92.05000,103.9200,20.96685
2009-10-23,65059.00,80.22847,62.00675,,,,103.4900,20.89076
2009-10-26,65086.00,79.35998,61.65329,1.715800,1.486171,92.20000,101.8600,20.51032
2009-10-27,63161.00,78.99622,62.18351,1.732000,1.481701,91.62400,101.8500,20.36659
2009-10-28,60162.00,77.50419,62.37387,1.754200,1.471800,90.57000,100.7300,19.84242
2009-10-29,63721.00,79.16695,62.07477,1.733000,1.484010,91.49000,102.6900,20.45959
2009-10-30,61546.00,76.87321,62.53700,1.702400,1.473297,90.09000,102.5300,19.94387
2009-11-02,,77.43739,62.37246,1.760800,1.477410,90.39000,103.9500,20.29050
2009-11-03,62643.00,77.68232,62.22856,1.740500,1.473101,90.39000,106.4600,20.57795
2009-11-04,63913.00,77.88280,62.05713,1.717000,1.486900,90.69800,107.1000,20.56104
2009-11-05,64816.00,79.31542,62.07089,1.720500,1.487807,90.77000,106.9800,20.45114
2009-11-06,64466.00,79.52325,62.25594,1.715100,1.484891,89.88000,107.4300,20.08760
2009-11-09,66214.00,81.33447,62.28333,1.697900,1.500803,89.82900,108.1900,20.41732
2009-11-10,66303.00,81.34938,62.33136,1.708300,1.498981,89.71000,108.3900,20.31587
2009-11-11,66431.00,81.76503,62.50960,1.717200,1.498397,89.91000,109.6000,20.45114
2009-11-12,64448.00,80.93365,62.53018,1.733700,1.485685,90.28000,108.2100,20.14678
2009-11-13,65326.00,81.37162,62.57814,1.723400,1.490891,89.66000,109.7400,20.12987
2009-11-16,66627.00,82.55188,62.91410,1.708000,1.498374,89.01000,111.6300,20.71322
2009-11-17,67406.00,82.64837,63.05122,1.710000,1.487697,89.23000,111.9700,20.81467
2009-11-18,66516.00,82.59643,62.89351,1.716000,1.495394,89.39800,112.2500,20.83158
2009-11-19,66327.00,81.52007,62.96895,1.730000,1.491625,88.90000,112.3000,20.53568
2009-11-20,,81.23055,62.96204,1.732700,1.486392,88.83000,112.9400,20.51032
2009-11-23,66809.00,82.26238,62.87293,1.726500,1.496200,88.90000,114.2900,20.60331
2009-11-24,67317.00,82.38857,63.19519,1.728400,1.496670,88.59300,114.7300,20.36659
2009-11-25,67917.00,82.67809,63.40769,1.731000,1.512791,87.36000,116.6200,20.85695
2009-11-26,66392.00,,,1.751300,1.497297,85.14000,,
2009-11-27,67082.00,81.33447,63.69564,1.742500,1.499093,86.48000,115.0600,20.62022
2009-11-30,67044.00,81.60915,63.79842,1.747700,1.503895,86.25000,115.6400,20.84849
2009-12-01,68546.00,82.61868,63.44665,1.724600,1.509001,86.65000,117.3800,21.00067
2009-12-02,68615.00,82.58157,63.31610,1.717000,1.506977,87.56000,119.1800,20.85695
2009-12-03,68315.00,81.93576,63.02066,1.704000,1.506546,88.25900,118.7000,20.84004
2009-12-04,67604.00,82.40343,62.55349,1.721200,1.485707,90.52000,113.7500,20.67095
2009-12-07,68512.00,82.27722,62.72523,1.724000,1.484120,89.29000,113.1100,20.48495
2009-12-08,67729.00,81.36417,62.94513,1.747900,1.469702,88.38000,110.9500,20.28205
2009-12-09,68012.00,81.66854,62.82136,1.760300,1.473796,88.09000,110.8400,20.02842
2009-12-10,68728.00,82.12877,62.60839,1.769700,1.472949,88.23000,110.8200,19.91851
2009-12-11,69267.00,82.47768,62.29922,1.759100,1.461903,89.09000,109.3200,20.01996
2009-12-14,69349.00,83.04178,62.29922,1.744500,1.465695,88.69000,110.2400,20.12987
2009-12-15,69311.00,82.65581,62.09993,1.750600,1.454207,89.51100,110.2100,20.03687
2009-12-16,68622.00,82.78201,62.09993,1.744300,1.452602,89.85000,111.5900,20.38350
2009-12-17,67068.00,81.78730,62.64961,1.790300,1.434700,89.64000,107.3400,20.07069
2009-12-18,66794.00,82.25000,62.34045,1.786500,1.434905,90.44000,108.9500,20.15523
2009-12-21,65925.00,83.08586,61.70142,1.779500,1.428674,91.05700,106.9500,19.96078
2009-12-22,67418.00,83.38441,61.42661,1.779600,1.425436,91.80500,106.1700,20.10451
2009-12-23,67589.00,83.54856,61.39910,1.761500,1.433610,91.64000,106.5500,20.45959
2009-12-24,,83.94412,61.17927,1.727200,1.438497,91.44400,108.3600,20.57795
2009-12-25,,,,,1.439906,91.11000,,
2009-12-28,67902.00,84.12325,61.01436,1.736000,1.437505,91.69000,108.5500,20.94149
2009-12-29,68296.00,84.00383,61.17543,1.736000,1.434309,91.97000,107.4700,20.89922
2009-12-30,68588.00,83.97398,61.28555,1.739000,1.434206,92.42000,106.9300,20.87386
2009-12-31,,83.16798,60.98957,1.743000,1.432706,92.91000,107.3100,20.81467
2010-01-01,,,,,1.438994,92.92000,,
2010-01-04,70045.00,84.57846,61.14098,1.719000,1.442398,92.49500,109.8000,21.33885
2010-01-05,70240.00,84.80238,61.40948,1.737000,1.436596,91.58500,109.7000,21.36421
2010-01-06,70729.00,84.86209,61.16165,1.731500,1.440403,92.35600,111.5100,21.74465
2010-01-07,70451.00,85.22031,61.16165,1.738900,1.431803,93.39000,110.8200,21.47411
2010-01-08,70263.00,85.50388,61.23739,1.732000,1.441109,92.66000,111.3700,21.45720
2010-01-11,70433.00,85.62329,61.27867,1.731000,1.451126,92.09200,112.8500,21.38957
2010-01-12,70076.00,84.82474,61.71924,1.737300,1.447660,91.08000,110.4900,20.93303
2010-01-13,70385.00,85.54121,61.42326,1.745900,1.452391,91.43300,111.5400,20.94994
2010-01-14,69801.00,85.77254,61.71236,1.764100,1.449990,91.26700,112.0300,20.84004
2010-01-15,68978.00,84.80982,61.98771,1.764400,1.439097,90.75000,110.8600,20.60331
2010-01-18,69401.00,,,1.763300,1.440673,90.70500,,
2010-01-19,69909.00,85.86958,61.87760,1.774200,1.428102,91.19900,111.5200,20.73858
2010-01-20,68200.00,84.99641,62.09092,1.789500,1.411034,91.19200,108.9400,20.34968
2010-01-21,66270.00,83.36201,62.31810,1.800800,1.409702,90.39300,107.3700,20.09605
2010-01-22,66220.00,81.50370,62.37319,1.818800,1.414107,89.81000,107.1700,19.88470
2010-01-25,,81.92165,62.23557,1.783500,1.415008,90.41500,107.4800,19.97769
2010-01-26,65524.00,81.57836,62.35942,1.833600,1.408232,89.63000,107.5600,19.75788
2010-01-27,65070.00,81.96644,62.21488,1.849600,1.403095,89.95000,106.5300,19.47043
2010-01-28,65588.00,81.02608,62.19420,1.868000,1.396804,89.77800,106.4800,19.40279
2010-01-29,65402.00,80.14544,62.43509,1.872900,1.386693,90.27000,105.9600,19.18298
2010-02-01,66572.00,81.39178,62.22104,1.862400,1.392699,90.76000,108.3500,19.64797
2010-02-02,67163.00,82.37688,62.32465,1.830400,1.397624,90.42800,109.1300,20.07069
2010-02-03,67109.00,81.96644,62.02765,1.850000,1.390105,90.84000,108.7000,19.82551
2010-02-04,63934.00,79.43645,62.53874,1.880400,1.374495,89.41000,104.3700,19.16607
2010-02-05,62763.00,79.60065,62.73904,1.882700,1.368008,89.22000,104.6800,18.92089
2010-02-08,63153.00,79.02597,62.68377,1.871500,1.365467,89.22000,104.0400,18.92935
2010-02-09,64718.00,80.01858,62.34534,1.843000,1.378208,89.76800,105.4100,19.26752
2010-02-10,65051.00,79.86182,62.17266,1.850600,1.375327,89.93000,105.1200,19.34361
2010-02-11,66129.00,80.69772,62.09676,1.851500,1.368176,89.81000,107.1300,19.57188
2010-02-12,65855.00,80.63055,62.24173,1.858500,1.363494,89.95000,107.0400,19.46197
2010-02-15,,,,1.851400,1.360304,90.05000,,
2010-02-16,,81.89925,62.37985,1.842500,1.376709,90.24400,109.6200,20.05378
2010-02-17,67285.00,82.28734,62.04837,1.833000,1.360692,91.05000,109.2500,19.95233
2010-02-18,67836.00,82.77244,61.82736,1.819000,1.346149,91.97700,109.9800,20.12987
2010-02-19,67597.00,82.94405,61.86187,1.803500,1.361507,91.54000,109.4700,20.24823
2010-02-22,67184.00,82.95901,61.81353,1.808000,1.360563,91.23500,109.0700,20.13832
2010-02-23,66108.00,81.95151,62.28318,1.819600,1.352704,90.16000,107.8900,19.80860
2010-02-24,65795.00,82.70526,62.31773,1.818600,1.354316,90.27900,107.3600,19.96924
2010-02-25,66121.00,82.59330,62.54564,1.836000,1.353601,89.27000,108.3100,19.63106
2010-02-26,66503.00,82.64558,62.64227,1.806000,1.363104,88.92100,109.4300,19.97769
2010-03-01,67228.00,83.50380,62.70745,1.798000,1.356208,89.15000,109.4300,19.77478
2010-03-02,67779.00,83.73515,62.74205,1.732500,1.362064,88.74000,111.0200,19.98615
2010-03-03,67641.00,83.80980,62.67971,1.788000,1.370163,88.57000,111.6300,20.18060
2010-03-04,67815.00,84.06353,62.79050,1.788500,1.358400,89.16000,110.8300,20.00305
2010-03-05,68847.00,85.26508,62.49273,1.778000,1.362899,90.22000,110.8100,20.23978
2010-03-08,68575.00,85.28002,62.32655,1.784700,1.361693,90.28600,109.8800,20.21441
2010-03-09,69576.00,85.42180,62.48585,1.781000,1.360692,89.98900,109.7200,19.99460
2010-03-10,69979.00,85.80240,62.38194,1.768000,1.364331,90.47000,108.4700,20.05378
2010-03-11,69885.00,86.16064,62.32655,1.769000,1.368532,90.64800,108.6000,20.00305
2010-03-12,69341.00,86.16813,62.42350,1.761000,1.376993,90.54000,107.9500,19.88470
2010-03-15,69024.00,86.19052,62.42350,1.761400,1.367746,90.32000,108.3600,19.64797
2010-03-16,69942.00,86.87708,62.66589,1.766200,1.376879,90.29000,110.4000,19.91006
2010-03-17,69723.00,87.39202,62.74205,1.762000,1.373834,90.40300,109.5900,20.08760
2010-03-18,69697.00,87.34727,62.57586,1.771000,1.361396,90.48000,110.3400,20.04532
2010-03-19,68829.00,86.90513,62.49273,1.795000,1.353693,90.52000,108.2800,19.80015
2010-03-22,69042.00,87.36977,62.70050,1.799000,1.356705,90.34000,107.7500,19.80015
2010-03-23,69387.00,87.98420,62.56891,1.780600,1.346801,90.36600,108.3200,19.71561
2010-03-24,68913.00,87.55708,61.94568,1.793300,1.333102,92.01400,106.3000,19.49579
2010-03-25,68442.00,87.41470,61.71711,1.799000,1.330707,92.51300,106.7800,19.38589
2010-03-26,68683.00,87.36221,61.86255,1.823000,1.341004,92.50700,108.5900,19.41970
2010-03-28,,,,1.808500,1.348109,92.49000,,
2010-03-29,69939.00,87.91679,61.77250,1.793800,1.342408,92.82000,108.7500,19.85933
2010-03-30,69960.00,87.97674,61.83485,1.780500,1.350804,93.52000,107.9700,19.90160
2010-03-31,70372.00,87.67697,61.98030,1.765400,1.358400,93.85000,108.9500,19.88470
2010-04-01,71136.00,88.27647,61.85180,1.765000,1.350494,94.53000,110.2600,20.27359
2010-04-04,,,,1.760500,1.348909,94.33000,,
2010-04-05,71290.00,88.99590,61.29625,1.753000,1.340195,93.79400,110.8900,20.59486
2010-04-06,71096.00,89.20572,61.47675,1.777000,1.334846,93.30900,111.0300,20.57795
2010-04-07,70793.00,88.69613,61.85879,1.773000,1.336112,93.42000,112.4900,20.50186
2010-04-08,71785.00,89.00336,61.78931,1.771000,1.350093,93.16000,112.6500,20.46804
2010-04-09,71417.00,89.58791,61.85879,,,,113.6400,20.51032
2010-04-11,,,,1.756200,1.359601,93.18300,,
2010-04-12,70614.00,89.73029,62.02544,1.713500,1.360859,93.18000,113.0100,20.49341
2010-04-13,70792.00,89.79771,62.14352,1.746000,1.365598,93.31800,112.6900,20.56950
2010-04-14,71035.00,90.81690,61.97678,1.750000,1.357405,93.04000,113.0300,20.80622
2010-04-15,70524.00,90.89182,62.08097,1.756200,1.350402,92.15000,113.6500,20.88231
2010-04-16,69421.00,89.44551,62.45601,,,,111.2400,20.50186
2010-04-18,,,,1.760300,1.348727,92.46000,,
2010-04-19,69098.00,89.78276,62.30323,1.752500,1.343508,93.17100,111.1500,20.23978
2010-04-20,69318.00,90.58456,62.33102,1.748000,1.338993,93.05400,111.4600,20.40041
2010-04-21,,90.41972,62.53242,1.763500,1.326999,93.39800,112.3100,20.50186
2010-04-22,69386.00,90.68949,62.38657,1.762800,1.338401,93.95000,111.8400,20.55259
2010-04-23,69509.00,91.28149,62.21295,,,,113.1900,20.68786
2010-04-25,,,,1.744000,1.340123,93.90000,,
2010-04-26,68872.00,90.93677,62.25462,1.765000,1.317072,93.14400,112.7500,20.58640
2010-04-27,66511.00,88.78610,62.83797,1.758100,1.321283,93.96000,114.6300,20.27359
2010-04-28,66656.00,89.46049,62.51851,1.731000,1.326295,94.01300,114.3100,20.34123
2010-04-29,67978.00,90.56959,62.62272,1.728700,1.329805,93.83000,114.2800,20.50186
2010-04-30,67530.00,89.03336,63.00470,,,,115.3600,20.66250
2010-05-02,,,,1.731000,1.319993,94.69200,,
2010-05-03,67119.00,90.18740,62.83954,1.749300,1.296395,94.71000,115.7300,20.76395
2010-05-04,64869.00,88.06663,63.26452,1.779800,1.281493,93.78100,114.8700,20.20596
2010-05-05,64914.00,87.54211,63.50830,1.834100,1.263296,90.83000,115.0900,19.74942
2010-05-06,63414.00,84.63454,64.20486,1.849500,1.275608,91.58000,118.4900,19.36052
2010-05-07,62871.00,83.37556,64.03073,,,,118.2700,19.25907
2010-05-09,,,,1.774900,1.277923,93.18000,,
2010-05-10,65453.00,87.04751,63.54312,1.775500,1.262993,92.49000,117.5700,19.63106
2010-05-11,64425.00,86.80024,63.61975,1.773500,1.263903,93.16900,120.6600,19.59724
2010-05-12,65224.00,88.01421,63.45955,1.770000,1.254107,92.77700,121.4000,19.75788
2010-05-13,64788.00,86.92012,63.63369,1.802500,1.236002,92.46000,120.5600,19.58879
2010-05-14,63412.00,85.34643,64.04465,,,,120.3700,19.08998
2010-05-16,,,,1.803300,1.239296,92.55000,,
2010-05-17,62866.00,85.39139,63.90530,1.816000,1.217893,91.90100,119.3600,18.54890
2010-05-18,60841.00,84.22990,64.37205,1.829700,1.239342,91.54000,119.4900,18.52354
2010-05-19,59689.00,83.75027,64.42779,1.884800,1.247894,89.37000,116.6300,18.35445
2010-05-20,58192.00,80.58791,65.05474,1.846800,1.256708,89.98600,115.8400,17.97400
2010-05-21,60259.00,81.76440,65.08956,,,,115.2200,18.16000
2010-05-23,,,,1.862200,1.234995,90.19000,,
2010-05-24,59915.00,80.71529,65.08956,1.868500,1.234598,90.33200,116.8400,18.14309
2010-05-25,59184.00,80.79771,65.31246,1.863000,1.217300,89.97000,117.3600,17.99937
2010-05-26,60190.00,80.31059,65.18013,1.816000,1.234797,90.87900,118.4700,18.19382
2010-05-27,62092.00,83.00090,64.56016,1.814300,1.227401,91.05200,118.6900,18.72644
2010-05-28,61947.00,81.95924,64.85274,,,,118.8800,18.56581
2010-05-30,,,,1.814400,1.228788,91.19000,,
2010-05-31,63047.00,,,1.834000,1.223301,91.10000,,
2010-06-01,61841.00,80.58039,64.93652,1.831000,1.223900,92.19000,119.9100,18.21918
2010-06-02,62943.00,82.67863,64.56632,1.819400,1.216945,92.62300,119.7800,18.43899
2010-06-03,,82.96343,64.47549,1.838900,1.197103,91.88000,117.9600,18.54045
2010-06-04,61676.00,80.04836,65.36965,,,,119.1900,17.96555
2010-06-06,,,,1.874000,1.192293,91.51600,,
2010-06-07,61183.00,79.05167,65.63507,1.860000,1.197203,91.41000,121.4900,17.99937
2010-06-08,61856.00,79.89848,65.43254,1.842000,1.199199,91.36500,121.0000,18.14309
2010-06-09,61479.00,79.47132,65.43951,1.812300,1.210903,91.30900,120.5600,18.22763
2010-06-10,63049.00,81.79442,64.83176,1.811600,1.211402,91.62000,118.9700,18.53199
2010-06-11,63605.00,82.19157,65.24393,,,,120.0100,18.55736
2010-06-13,,,,1.801700,1.221807,91.62000,,
2010-06-14,63533.00,82.06417,65.18797,1.784600,1.231906,91.47400,119.6000,18.60808
2010-06-15,64442.00,83.93012,64.98544,1.786800,1.231194,91.39600,120.9900,18.92089
2010-06-16,64751.00,83.90012,65.16708,1.785400,1.238206,90.84000,120.3300,18.96317
2010-06-17,64541.00,84.03503,65.47444,1.772300,1.239296,90.70000,121.9000,18.97162
2010-06-18,64438.00,84.12614,65.34171,,,,122.8300,18.93780
2010-06-20,,,,1.763600,1.231603,90.99500,,
2010-06-21,64829.00,83.88522,65.29281,1.766900,1.227506,90.54000,120.3900,18.86171
2010-06-22,64811.00,82.49976,65.68399,1.801100,1.231906,89.91000,121.4500,18.81944
2010-06-23,65160.00,82.24377,65.92849,1.778500,1.233745,89.63000,120.9500,18.50663
2010-06-24,63937.00,80.88096,65.87260,1.780000,1.237302,89.15000,121.3000,18.54890
2010-06-25,64824.00,81.21977,65.97735,,,,122.7600,18.88708
2010-06-27,,,,1.782000,1.227702,89.31300,,
2010-06-28,64225.00,80.96375,66.44540,1.807800,1.218635,88.64900,121.0900,18.68417
2010-06-29,61978.00,78.46400,66.73178,1.790900,1.223002,88.43000,121.2700,18.16845
2010-06-30,60936.00,77.71861,66.82960,1.798900,1.250750,87.60000,121.6800,18.23609
2010-07-01,61236.00,77.37225,66.80017,1.774500,1.257103,87.79000,117.0400,17.95709
2010-07-02,61430.00,76.95060,66.68109,,,,118.4900,17.92327
2010-07-04,,,,1.773400,1.253698,87.62500,,
2010-07-05,60865.00,,,1.767000,1.262403,87.48000,,
2010-07-06,62065.00,77.45507,66.84219,1.765000,1.263312,87.68000,116.5100,17.97400
2010-07-07,63284.00,79.89455,66.63210,1.768300,1.269406,88.41000,117.7300,18.37981
2010-07-08,63476.00,80.68519,66.47104,1.756400,1.264398,88.57000,117.2100,18.54890
2010-07-09,,81.28755,66.29593,,,,118.3600,18.58272
2010-07-11,,,,1.760000,1.259002,88.63900,,
2010-07-12,62960.00,81.34027,66.40797,1.756000,1.272087,88.79300,117.3400,18.37136
2010-07-13,63686.00,82.56754,66.07884,1.766000,1.274048,88.27000,118.3600,18.66726
2010-07-14,63479.00,82.56003,66.40797,1.770000,1.292858,87.34000,118.3000,18.63344
2010-07-15,63489.00,82.58260,66.75119,1.782600,1.293193,86.56000,118.2300,18.81099
2010-07-16,62339.00,80.30873,67.13639,,,,116.6700,18.57426
2010-07-18,,,,1.786300,1.293946,86.76000,,
2010-07-19,63297.00,80.78305,66.96126,1.773700,1.289308,87.24200,115.7300,18.55736
2010-07-20,64463.00,81.67904,67.03128,1.771400,1.276797,86.86100,116.6500,18.70953
2010-07-21,64477.00,80.61743,67.45853,1.760200,1.290306,87.12400,115.8500,18.65881
2010-07-22,65748.00,82.41695,67.08733,1.760500,1.291306,87.52000,116.8600,19.03080
2010-07-23,66323.00,83.13226,66.87021,,,,116.0900,18.97162
2010-07-25,,,,1.765600,1.299900,86.99800,,
2010-07-26,66443.00,83.99813,66.84921,1.760700,1.299089,87.81600,115.5200,18.95471
2010-07-27,66674.00,83.99060,66.61812,1.762300,1.299224,87.45200,113.5100,18.75181
2010-07-28,66808.00,83.44847,66.90520,1.764800,1.307805,86.68300,113.7800,18.82790
2010-07-29,66954.00,83.04189,67.04534,1.758500,1.303900,86.44000,114.2900,19.09843
2010-07-30,67515.00,83.02685,67.43748,,,,115.4900,19.35207
2010-08-01,,,,1.742900,1.317593,86.59800,,
2010-08-02,68517.00,84.90167,67.22895,1.753700,1.322506,85.78000,115.5400,19.72406
2010-08-03,67997.00,84.49506,67.54496,1.753700,1.322506,85.78000,115.9900,19.79169
2010-08-04,68272.00,85.05979,67.26408,1.752600,1.315807,86.30000,116.7200,19.96078
2010-08-05,68412.00,84.96942,67.58709,1.753500,1.318131,85.83300,116.9800,19.86778
2010-08-06,68095.00,84.62308,68.02947,,,,117.8400,19.69024
2010-08-08,,,,1.707500,1.328568,85.34400,,
2010-08-09,67862.00,85.07483,68.01544,1.751000,1.322996,85.89700,117.4000,19.75788
2010-08-10,67223.00,84.61553,68.35950,1.760000,1.318496,85.36000,117.7300,19.54652
2010-08-11,65790.00,82.29646,68.74573,1.768500,1.284406,85.17200,117.3400,19.10689
2010-08-12,65966.00,81.79199,68.57018,1.766400,1.282989,86.07400,118.7700,18.96317
2010-08-13,66264.00,81.55109,68.86508,,,,118.7400,18.94626
2010-08-15,,,,1.722000,1.277090,86.14000,,
2010-08-16,66702.00,81.51341,69.36362,1.755400,1.281197,85.30700,119.7300,18.88708
2010-08-17,67584.00,82.51484,69.01257,1.747800,1.287996,85.59500,119.7500,19.15762
2010-08-18,67638.00,82.66543,68.94231,1.748800,1.285645,85.44000,120.2200,19.08153
2010-08-19,66887.00,81.22728,69.25131,1.760600,1.280803,85.34400,120.3900,18.88708
2010-08-20,66677.00,80.96375,69.02662,,,,119.9700,18.76871
2010-08-22,,,,1.712800,1.271003,85.56000,,
2010-08-23,65982.00,80.65509,69.11787,1.761300,1.263504,85.14100,119.7800,18.64190
2010-08-24,65156.00,79.45792,69.66561,1.760900,1.263296,84.17800,120.3600,18.43054
2010-08-25,64803.00,79.76659,69.34958,1.764900,1.266400,84.68400,121.3600,18.52354
2010-08-26,63867.00,79.23200,69.66561,1.756300,1.270648,84.34600,120.9600,18.73490
2010-08-27,65585.00,80.45930,68.86508,,,,121.0100,19.05617
2010-08-29,,,,1.699200,1.275396,85.50100,,
2010-08-30,64261.00,79.29227,69.39174,1.755000,1.266592,84.53200,120.9100,19.02234
2010-08-31,65145.00,79.29227,69.70068,1.750100,1.268730,84.14000,122.0800,18.76871
2010-09-01,67073.00,81.66402,69.19877,1.740000,1.280295,84.40700,121.6900,19.14071
2010-09-02,66808.00,82.42450,68.91016,1.739500,1.282594,84.25000,122.2900,19.27598
2010-09-03,66679.00,83.49364,68.51595,,,,121.8600,19.37743
2010-09-05,,,,1.674000,1.289407,84.43000,,
2010-09-06,66747.00,,,1.724900,1.286836,84.12000,,
2010-09-07,,82.55249,69.05801,1.730000,1.267797,83.73200,122.7000,19.47888
2010-09-08,66407.00,83.13226,68.86795,1.719200,1.273204,83.95000,122.7100,19.52116
2010-09-09,66624.00,83.51627,68.32589,1.723200,1.269309,83.93000,121.5600,19.41125
2010-09-10,66807.00,83.93787,68.12880,,,,121.7300,19.61415
2010-09-12,,,,1.668000,1.271698,84.30700,,
2010-09-13,68031.00,84.87156,68.45261,1.716500,1.287200,83.68100,121.6200,19.75788
2010-09-14,67692.00,84.81884,68.79754,1.701500,1.299174,83.04800,124.0200,19.81706
2010-09-15,68107.00,85.14260,68.55820,1.721200,1.301507,85.70000,123.9400,19.78324
2010-09-16,67663.00,85.12002,68.31889,1.717500,1.307600,85.84800,124.6300,19.68179
2010-09-17,67089.00,85.15181,68.47373,,,,124.5400,19.74942
2010-09-19,,,,1.665500,1.304393,85.69000,,
2010-09-20,68190.00,86.45378,68.68498,1.726500,1.306694,85.70200,124.8700,19.91006
2010-09-21,67719.00,86.27969,69.32554,1.724500,1.325697,85.11300,126.0100,19.69870
2010-09-22,68325.00,85.85577,69.43111,1.674300,1.339100,84.48000,126.2000,19.81706
2010-09-23,68794.00,85.15935,69.52962,1.717700,1.331913,84.51000,126.3000,19.83397
2010-09-24,68196.00,86.91554,69.18475,,,,126.6900,20.13832
2010-09-26,,,,1.664400,1.347909,84.31600,,
2010-09-27,68816.00,86.49920,69.71974,1.709000,1.343905,84.27500,126.7200,20.00305
2010-09-28,69228.00,86.80201,69.95201,1.709000,1.357092,83.89200,127.8500,20.00305
2010-09-29,69228.00,86.65060,69.78304,1.703500,1.362806,83.76600,127.9500,20.26514
2010-09-30,69430.00,86.39324,69.69857,1.696100,1.362212,83.57000,127.9100,20.38350
2010-10-01,70229.00,86.75658,69.73602,,,,128.9100,20.42577
2010-10-03,,,,1.633500,1.377695,83.33300,,
2010-10-04,70385.00,86.10559,69.98296,1.697500,1.367409,83.50300,128.4600,20.35814
2010-10-05,71283.00,87.83906,69.99702,1.669000,1.383394,83.19000,130.9900,20.77240
2010-10-06,70541.00,87.83152,70.44866,1.684000,1.392002,82.96700,131.8100,20.78086
2010-10-07,69918.00,87.72554,70.51922,1.677800,1.392796,82.38000,130.3700,20.56950
2010-10-08,70809.00,88.21754,70.54749,,,,131.6600,21.25430
2010-10-10,,,,1.625800,1.397761,81.82000,,
2010-10-11,70946.00,88.30082,70.61806,1.661300,1.388021,82.08900,132.2900,21.15285
2010-10-12,,88.57332,70.41342,1.670000,1.391692,81.78000,131.9600,21.25430
2010-10-13,71675.00,89.26215,70.41342,1.652500,1.396726,81.79800,134.0700,21.35576
2010-10-14,71692.00,88.91395,70.01118,1.660600,1.407202,81.47000,134.7500,21.32194
2010-10-15,71830.00,89.09564,69.70776,,,,133.6800,21.08521
2010-10-17,,,,1.606400,1.396433,81.37800,,
2010-10-18,71736.00,89.53470,70.03945,1.672000,1.393592,81.19800,134.2800,21.29657
2010-10-19,69864.00,88.36137,70.27928,1.690000,1.373909,81.54200,130.1100,20.67095
2010-10-20,70405.00,89.22430,70.23693,1.675000,1.396317,81.05500,131.3200,21.16130
2010-10-21,69652.00,89.42110,69.84891,1.694000,1.391692,81.30000,129.4700,20.89922
2010-10-22,69530.00,89.58765,69.87008,,,,129.7300,21.07676
2010-10-24,,,,1.643900,1.394408,81.30900,,
2010-10-25,69580.00,89.85261,69.84891,1.699800,1.394895,80.82500,130.8500,21.18667
2010-10-26,70740.00,89.86775,69.38322,1.702300,1.385425,81.33700,130.8800,21.29657
2010-10-27,70569.00,89.61035,68.98100,1.719000,1.377809,81.67900,129.5200,21.22894
2010-10-28,70320.00,89.62550,69.38322,1.713500,1.377809,81.67900,131.2400,21.33885
2010-10-29,70673.00,89.69365,69.69366,,,,132.6200,21.28812
2010-11-01,71561.00,89.72389,69.57697,1.646200,1.397507,80.40600,131.9200,21.42339
2010-11-02,,90.43549,69.81036,1.704300,1.391091,80.55900,132.4900,21.61784
2010-11-03,71905.00,90.79881,70.03672,1.701000,1.403607,80.66800,131.5700,21.71929
2010-11-04,72996.00,92.54745,70.60257,1.689000,1.412729,81.05000,136.0300,22.23501
2010-11-05,72607.00,92.89563,70.30547,1.674700,1.422799,80.77600,136.3800,22.32801
2010-11-08,72657.00,92.72151,70.32670,1.679000,1.407578,81.14000,137.7800,22.38719
2010-11-09,71679.00,92.05539,69.73257,1.696000,1.386963,81.09000,135.5900,22.23501
2010-11-10,71638.00,92.42630,69.99430,1.696000,1.377202,81.58300,137.2400,22.47173
2010-11-11,71195.00,92.07809,69.91651,1.710000,1.377562,82.20400,137.6600,22.28574
2010-11-12,70367.00,90.98804,69.33651,1.721500,1.362101,82.41000,133.6900,21.35576
2010-11-15,,90.85936,68.44525,1.670400,1.369319,82.47000,132.4200,21.38957
2010-11-16,69192.00,89.44386,68.95454,1.720000,1.357478,83.16200,130.9700,20.75549
2010-11-17,69709.00,89.48924,68.75648,1.736000,1.349054,83.38000,130.3800,20.59486
2010-11-18,70781.00,90.80640,68.59380,1.726200,1.355399,83.10000,132.0900,21.15285
2010-11-19,70898.00,91.05618,68.73522,1.711000,1.365728,83.54000,132.2000,20.84849
2010-11-22,69633.00,90.98046,69.10307,1.673000,1.374438,83.48500,133.4800,20.91613
2010-11-23,67953.00,89.66333,69.24454,1.720800,1.360193,83.29000,134.4100,20.86540
2010-11-24,69629.00,90.98804,68.50187,1.733500,1.338634,83.26900,134.1800,21.25430
2010-11-25,69362.00,,,1.722000,1.335791,83.52000,,
2010-11-26,68226.00,89.92830,68.79895,1.715500,1.333974,83.63000,133.1100,21.35576
2010-11-29,67908.00,90.20080,68.94743,1.729600,1.323802,84.15700,133.5100,21.39803
2010-11-30,67705.00,89.69365,69.06772,1.717000,1.310393,84.25400,135.4200,21.19512
2010-12-01,69346.00,91.60120,68.15943,1.714500,1.299207,83.67800,135.3800,21.82074
2010-12-02,69527.00,92.77450,67.98927,1.705900,1.312491,84.12300,135.2000,22.00674
2010-12-03,69766.00,93.02431,67.99638,1.701500,1.321598,83.74900,138.0700,22.28574
2010-12-06,69552.00,92.92592,68.42177,1.636100,1.341598,82.78000,139.1100,22.26037
2010-12-07,69338.00,92.97887,67.28732,1.681300,1.328692,82.67000,136.5000,22.10819
2010-12-08,68175.00,93.31954,66.71301,1.677000,1.324468,83.47900,134.7900,22.27728
2010-12-09,67879.00,93.68288,66.85486,1.692000,1.325082,84.10000,135.3700,22.21810
2010-12-10,68342.00,94.22791,66.28756,1.703600,1.324205,83.81600,135.4100,22.18428
2010-12-13,69126.00,94.28848,66.50027,1.705000,1.319714,83.97300,136.0500,22.40409
2010-12-14,68743.00,94.37170,65.79832,1.693000,1.339549,83.44000,136.1800,22.34492
2010-12-15,67870.00,93.94027,65.52893,1.693000,1.336095,83.79000,134.7000,22.28574
2010-12-16,67306.00,94.48525,65.91890,1.698900,1.322401,84.26900,133.8100,22.20965
2010-12-17,67981.00,94.58646,66.48613,1.704300,1.323995,84.05000,134.2000,22.37873
2010-12-20,67264.00,94.81476,66.47899,1.666200,1.316500,84.01000,135.1100,22.58163
2010-12-21,68215.00,95.41592,66.62086,1.706600,1.311802,83.77100,135.3200,22.72536
2010-12-22,68471.00,95.71268,66.43644,1.700000,1.309003,83.79000,135.0500,22.84373
2010-12-23,68486.00,95.57571,66.20252,1.699000,1.311544,83.56000,134.6600,22.92827
2010-12-24,,,,1.692300,1.312715,83.02000,,
2010-12-27,67803.00,95.61375,66.45773,1.690700,1.307976,82.91900,135.0200,22.88600
2010-12-28,68041.00,95.75076,65.75963,1.685000,1.318965,82.72000,137.2200,23.13117
2010-12-29,68952.00,95.81926,66.49896,1.690200,1.308627,82.35600,137.7100,23.13963
2010-12-30,69305.00,95.66705,66.36392,1.678000,1.322454,81.61800,137.0300,22.86063
2010-12-31,,95.68987,66.69806,1.662000,1.330123,81.48000,138.7200,23.29181
2011-01-03,69962.00,96.67910,66.49187,1.615500,1.335791,81.12300,138.0000,23.39326
2011-01-04,70318.00,96.62584,66.64826,1.646500,1.335684,81.67000,134.7500,23.08044
2011-01-05,71091.00,97.12805,65.93024,1.667500,1.332108,82.03800,134.3700,23.32562
2011-01-06,70579.00,96.93785,66.27151,1.675000,1.315686,83.18900,133.8300,23.01281
2011-01-07,70057.00,96.74756,66.71227,1.685900,1.297993,83.30000,133.5800,22.92827
2011-01-10,70127.00,96.62584,66.93979,1.635500,1.289507,83.03000,134.1200,23.19881
2011-01-11,70423.00,96.96825,66.67670,1.689000,1.296496,82.71000,134.9100,23.46089
2011-01-12,71633.00,97.84337,66.48476,1.641600,1.298398,83.34000,135.4600,23.61307
2011-01-13,70721.00,97.68354,66.93264,1.624700,1.312836,83.07000,134.0500,23.57925
2011-01-14,70940.00,98.39124,66.74779,1.669000,1.335327,82.76200,132.6900,23.68916
2011-01-17,70609.00,,,1.648100,1.338025,82.88700,,
2011-01-18,70920.00,98.55869,66.58434,1.682100,1.328392,82.67000,133.4300,23.66380
2011-01-19,70058.00,97.59222,66.75494,1.671500,1.337811,82.61200,133.7200,23.63844
2011-01-20,69562.00,97.46288,66.23594,1.670000,1.345207,82.15500,131.2000,23.40171
2011-01-21,69133.00,97.68354,66.45631,1.635200,1.346801,82.92000,131.0300,23.63844
2011-01-24,69427.00,98.23904,66.46343,1.619300,1.361953,82.58600,130.3600,23.43553
2011-01-25,,98.29231,66.79762,1.670500,1.364405,82.54200,130.1000,23.13963
2011-01-26,68709.00,98.67283,66.39232,1.667700,1.368607,82.26000,131.1600,23.65534
2011-01-27,68051.00,98.91628,66.64119,1.618300,1.371009,82.16300,127.9300,23.45244
2011-01-28,66698.00,97.18893,66.94686,1.672300,1.372307,82.88500,130.2800,23.74834
2011-01-31,66575.00,97.91945,66.68385,1.634300,1.357276,82.08900,129.8700,24.12034
2011-02-01,67847.00,99.48703,66.37383,1.667000,1.371385,82.07000,130.8000,24.29788
2011-02-02,66688.00,99.29677,66.21702,1.665200,1.382992,81.39100,130.4500,24.53460
2011-02-03,66765.00,99.51746,65.83929,1.662700,1.381788,81.49300,132.2000,24.37397
2011-02-04,65269.00,99.79899,65.43305,1.668400,1.362454,81.65000,131.6600,24.23870
2011-02-07,65362.00,100.4229,65.40456,1.624200,1.357497,82.22000,131.6800,24.17106
2011-02-08,65771.00,100.8796,64.95554,1.627900,1.359194,82.28900,133.1400,24.33169
2011-02-09,64218.00,100.6513,65.32613,1.664500,1.362695,82.30300,133.0700,24.45006
2011-02-10,64578.00,100.6893,65.11231,1.662000,1.372100,82.41900,132.8500,24.30633
2011-02-11,65756.00,101.2905,65.41166,1.664100,1.360193,83.34000,132.3200,24.22179
2011-02-14,66558.00,101.5340,65.43305,1.615500,1.351004,83.44400,132.9500,24.34015
2011-02-15,66341.00,101.2144,65.58271,1.666500,1.348109,83.41300,133.9700,24.02734
2011-02-16,67571.00,101.8536,65.49008,1.668600,1.349856,83.71600,134.1000,24.20488
2011-02-17,67685.00,102.1580,65.73240,1.669000,1.357534,83.61000,135.0400,24.28097
2011-02-18,68067.00,102.3710,65.71809,1.662000,1.362602,83.29000,135.4100,24.25561
2011-02-21,67259.00,,,1.614500,1.371347,83.08000,,
2011-02-22,66440.00,100.3165,66.35240,1.667500,1.368232,83.06600,136.2900,24.22179
2011-02-23,66910.00,99.70009,66.18851,1.670700,1.367372,82.76000,137.5100,24.76287
2011-02-24,66949.00,99.63157,66.35954,1.671000,1.376406,82.43800,136.4800,24.54305
2011-02-25,66903.00,100.6969,66.57341,1.662700,1.381998,82.04700,137.3800,25.08413
2011-02-28,67383.00,101.3209,66.54482,1.660000,1.373438,81.62200,137.6600,25.12640
2011-03-01,66243.00,99.63157,66.62059,1.658800,1.382151,81.87300,140.0300,25.50685
2011-03-02,67282.00,99.84468,66.27055,1.657400,1.377183,81.89800,139.9200,25.60830
2011-03-03,68146.00,101.5644,65.82052,1.654200,1.386655,81.82800,138.0900,25.59985
2011-03-04,68012.00,100.8035,66.29195,1.649500,1.395888,82.36700,139.3500,25.72667
2011-03-07,,100.0121,66.12767,1.639900,1.399071,82.34300,139.7200,25.60830
2011-03-08,,100.8872,65.97054,1.652100,1.396394,82.29200,139.3600,25.38849
2011-03-09,67264.00,100.7426,66.35625,1.654000,1.389796,82.80000,139.4100,25.48994
2011-03-10,66041.00,98.87827,66.92063,1.654700,1.390221,82.83300,137.7700,25.07568
2011-03-11,66685.00,99.56310,66.76347,1.659000,1.380129,82.91800,138.2200,24.93195
2011-03-14,67169.00,98.96195,66.91344,1.656100,1.393456,81.28400,138.8600,24.99959
2011-03-15,67005.00,97.82813,67.15639,1.664900,1.399208,81.82000,136.2700,24.08652
2011-03-16,66003.00,96.01707,67.72784,1.663200,1.398621,81.05600,136.2400,24.23024
2011-03-17,66216.00,97.28786,67.52065,1.676000,1.388484,79.12800,136.9700,24.98268
2011-03-18,66880.00,97.64173,67.47782,1.679500,1.403292,79.50000,138.3700,25.12640
2011-03-21,66690.00,99.15495,67.12778,1.663700,1.417053,81.01500,139.1400,25.24477
2011-03-22,67578.00,98.81103,67.16348,1.663600,1.421707,81.20900,139.0500,25.43076
2011-03-23,67796.00,99.09381,67.07774,1.659300,1.416812,81.03900,140.3400,25.48149
2011-03-24,67533.00,100.0415,66.73486,1.660000,1.410596,80.86700,139.2200,25.56603
2011-03-25,67766.00,100.3472,66.55624,1.657500,1.417193,81.01400,139.2600,25.63367
2011-03-27,,,,1.649900,1.402603,81.44900,,
2011-03-28,67193.00,100.1026,66.57772,1.660000,1.407975,81.76000,138.5400,25.28704
2011-03-29,67419.00,100.7752,66.38486,1.655900,1.411114,82.41100,138.2100,25.43076
2011-03-30,67997.00,101.4706,66.61343,1.628500,1.412130,83.15000,138.6700,25.39695
2011-03-31,68587.00,101.3331,66.44196,1.627200,1.415869,83.36000,139.8600,25.79430
2011-04-01,69268.00,101.7611,66.58388,,,,139.2000,25.97184
2011-04-03,,,,1.612000,1.422333,84.22000,,
2011-04-04,69704.00,101.8451,66.73417,1.605200,1.422010,84.13000,139.8400,26.20856
2011-04-05,69838.00,101.8298,66.39754,1.607000,1.421909,85.16000,142.0500,26.23393
2011-04-06,69037.00,102.1509,66.11108,1.614700,1.433527,85.32000,142.3800,26.31002
2011-04-07,69176.00,101.8910,66.11823,1.592900,1.430206,84.96000,142.5100,26.36074
2011-04-08,68718.00,101.5394,65.92484,,,,143.6600,26.98637
2011-04-10,,,,1.570300,1.446215,85.04000,,
2011-04-11,68164.00,101.2338,66.01077,1.577100,1.443793,84.63000,142.6400,26.48756
2011-04-12,66896.00,100.4771,66.38328,1.591000,1.447639,83.60000,141.6100,25.94648
2011-04-13,66486.00,100.4695,66.64114,1.592000,1.444210,83.78300,141.9000,26.14938
2011-04-14,66279.00,100.5459,66.41901,,1.443210,,143.8100,26.21702
2011-04-15,66684.00,100.9127,66.90615,,,,145.0500,26.35229
2011-04-17,,,,1.568600,1.441296,83.14700,,
2011-04-18,65415.00,99.78162,67.07088,1.589000,1.422394,82.33400,145.9300,26.19166
2011-04-19,66158.00,100.3549,67.15678,1.578500,1.433795,82.58000,145.9300,26.20011
2011-04-20,67058.00,101.7228,66.89175,1.569000,1.451400,82.44000,146.5000,26.61437
2011-04-21,,102.2425,66.94195,1.569000,1.455498,81.89700,146.7400,26.80882
2011-04-24,,,,1.561300,1.455710,81.87000,,
2011-04-25,66972.00,102.1356,67.17828,1.575000,1.457896,81.84000,146.8700,26.73274
2011-04-26,67144.00,103.0144,67.46481,1.564500,1.468795,81.51100,146.3800,26.72428
2011-04-27,66264.00,103.6870,67.27144,1.566500,1.478000,82.20400,149.2000,26.88492
2011-04-28,65673.00,104.0233,67.52927,1.586300,1.484406,81.53000,149.8200,26.69046
2011-04-29,66133.00,104.2678,67.66541,,,,152.3700,26.96946
2011-05-01,,,,1.563300,1.479399,81.22700,,
2011-05-02,65463.00,104.1073,67.64453,1.576500,1.482382,81.18000,150.4100,26.69892
2011-05-03,64318.00,103.7329,67.82402,1.587500,1.483327,80.96900,149.8800,26.41993
2011-05-04,63616.00,103.0450,67.99638,1.605000,1.482975,80.64000,147.7300,25.99721
2011-05-05,63407.00,102.1126,68.33392,1.625000,1.454440,80.41700,143.4700,24.25561
2011-05-06,64417.00,102.5635,68.36979,,,,145.3000,24.17952
2011-05-08,,,,1.599400,1.435297,80.73400,,
2011-05-09,64622.00,102.9610,68.47031,1.615500,1.437608,80.24200,147.3800,25.06722
2011-05-10,64877.00,103.8398,68.14005,1.607000,1.441109,81.01100,147.9000,25.29549
2011-05-11,63776.00,102.7470,68.38416,1.619900,1.421100,81.01000,146.5400,24.48387
2011-05-12,64003.00,103.2361,68.23338,1.616500,1.423792,81.04000,146.5900,24.50924
2011-05-13,63235.00,102.4413,68.49914,,,,145.6300,24.55151
2011-05-15,,,,1.635600,1.407796,80.81700,,
2011-05-16,62830.00,101.7916,68.66425,1.630800,1.415809,80.78200,145.3700,24.23024
2011-05-17,63673.00,101.7763,68.86528,1.618000,1.426900,81.42100,144.7400,24.28942
2011-05-18,62841.00,102.6858,68.47031,1.611300,1.425517,81.66100,145.6000,24.77978
2011-05-19,62367.00,102.9304,68.54218,1.615900,1.431619,81.71400,145.6500,24.58533
2011-05-20,62597.00,102.1126,68.70734,,,,147.4900,24.81359
2011-05-22,,,,1.611300,1.410576,81.74000,,
2011-05-23,62345.00,100.9280,68.80067,1.637300,1.403666,81.95700,147.8300,24.41624
2011-05-24,63337.00,100.8439,68.87243,1.628500,1.409900,82.04800,148.5900,24.74596
2011-05-25,63388.00,101.1803,68.87964,1.626500,1.408490,82.02200,148.5800,25.19404
2011-05-26,64099.00,101.6465,69.26023,1.622300,1.413507,81.27000,148.2200,25.28704
2011-05-27,64295.00,102.0362,69.25307,,,,149.7000,25.43076
2011-05-29,,,,1.594300,1.429736,80.83100,,
2011-05-30,63954.00,,,1.593000,1.432234,80.88000,,
2011-05-31,64620.00,103.0986,69.36079,1.578700,1.442793,81.45300,149.6400,25.57449
2011-06-01,63411.00,100.7828,69.93242,1.592000,1.434494,80.89400,149.9100,25.25322
2011-06-02,64218.00,100.6758,69.51490,1.577500,1.448604,80.97000,149.5000,25.47303
2011-06-03,64341.00,99.67464,69.78844,,,,150.2200,25.57449
2011-06-05,,,,1.568800,1.465502,80.22000,,
2011-06-06,63068.00,98.62000,69.74522,1.580200,1.458300,80.12000,150.4800,25.27858
2011-06-07,63218.00,98.55884,69.87481,1.577000,1.468601,80.17000,150.4200,25.51531
2011-06-08,63033.00,98.14613,70.02599,1.581500,1.460195,79.89000,149.8100,25.72667
2011-06-09,63469.00,98.89507,69.74522,1.586900,1.451568,80.29000,150.5600,25.87039
2011-06-10,62697.00,97.51944,69.96838,,,,149.2400,25.59985
2011-06-12,,,,1.594800,1.433260,80.34000,,
2011-06-13,62023.00,97.59588,69.81717,1.589000,1.441691,80.17600,147.7700,25.43076
2011-06-14,62205.00,98.83395,69.26290,1.579100,1.445003,80.54000,148.6700,25.60830
2011-06-15,61604.00,97.07616,70.01159,1.597000,1.418198,80.88000,149.1200,24.92350
2011-06-16,60881.00,97.29017,70.20596,1.606100,1.419910,80.57700,148.9700,24.82205
2011-06-17,61060.00,97.58047,70.15556,,,,149.9400,24.71214
2011-06-19,,,,1.589800,1.428510,80.07600,,
2011-06-20,61168.00,98.07970,70.04757,1.594000,1.432542,80.23400,150.0300,24.57687
2011-06-21,61424.00,99.42381,69.95398,1.587500,1.438166,80.22100,150.7600,24.59378
2011-06-22,61194.00,98.82470,69.92518,1.587000,1.431434,80.38300,150.9900,24.70369
2011-06-23,,98.54054,70.29236,1.590500,1.427002,80.44000,148.3400,24.17952
2011-06-24,61017.00,97.39615,70.58758,,,,146.2600,23.89207
2011-06-26,,,,1.590000,1.417133,80.46000,,
2011-06-27,61217.00,98.26402,70.31396,1.595000,1.431680,80.85000,145.7300,23.88361
2011-06-28,62303.00,99.54668,69.66600,1.578000,1.435791,81.08000,146.2400,24.30633
2011-06-29,62334.00,100.3992,69.24844,1.569700,1.447890,80.71000,147.1800,24.74596
2011-06-30,62404.00,101.3593,69.01093,1.561400,1.449695,80.60000,146.0000,24.48387
2011-07-01,63394.00,102.8570,68.83844,,,,144.9300,24.51769
2011-07-03,,,,1.548800,1.453996,80.88000,,
2011-07-04,63891.00,,,1.551500,1.455307,80.73300,,
2011-07-05,63039.00,102.7725,69.27145,1.563700,1.442814,81.07000,147.6300,24.84741
2011-07-06,62565.00,102.8954,69.39409,1.569200,1.433158,80.93800,148.9100,24.83896
2011-07-07,62207.00,103.9629,69.12710,1.554500,1.436451,81.23000,149.1500,25.36313
2011-07-08,61513.00,103.2256,69.86318,,,,150.2500,25.33776
2011-07-10,,,,1.561800,1.420192,80.65000,,
2011-07-11,60224.00,101.3593,70.39719,1.580000,1.404060,80.29000,151.5900,25.14331
2011-07-12,59705.00,100.9215,70.49824,1.574700,1.396902,79.31800,152.7700,25.36313
2011-07-13,60670.00,101.2594,70.61367,1.567700,1.423427,78.92000,154.1400,25.70976
2011-07-14,59679.00,100.5605,70.20959,1.576500,1.415729,79.18000,154.5400,25.56603
2011-07-15,59478.00,101.1442,70.49824,,,,155.2000,25.79430
2011-07-17,,,,1.568000,1.412310,79.11300,,
2011-07-18,58838.00,100.3147,70.45493,1.575000,1.411194,79.05000,156.5700,25.65058
2011-07-19,59082.00,101.9430,70.72194,1.565000,1.417294,79.12600,154.6600,25.82812
2011-07-20,59120.00,101.8815,70.37553,1.561500,1.427002,78.75400,156.0200,25.91266
2011-07-21,60263.00,103.2948,69.98586,1.552300,1.442003,78.58400,154.8300,25.78584
2011-07-22,60270.00,103.3639,70.25288,,,,156.1200,25.99721
2011-07-24,,,,1.553900,1.438849,78.38000,,
2011-07-25,59971.00,102.7878,70.02912,1.544100,1.437153,78.30000,157.3400,25.87039
2011-07-26,59340.00,102.4038,70.32500,1.533700,1.450810,77.91400,157.7700,26.07330
2011-07-27,58288.00,100.3071,70.20959,1.563100,1.437298,77.93000,157.1900,25.89575
2011-07-28,58708.00,100.0152,70.34667,1.562800,1.433199,77.73000,157.3200,25.81121
2011-07-29,58823.00,99.33161,71.19824,,,,158.2900,25.59985
2011-07-31,,,,1.546500,1.436369,77.21300,,
2011-08-01,58536.00,98.90919,71.45720,1.557800,1.426208,77.46000,157.7200,25.59985
2011-08-02,57311.00,96.38235,72.11553,1.563300,1.417334,77.33500,161.5200,25.59985
2011-08-03,56017.00,96.90459,72.17333,1.563000,1.435297,77.11200,161.4900,25.21940
2011-08-04,52811.00,92.36545,73.12825,1.576800,1.406707,79.29000,160.6400,24.26406
2011-08-05,52949.00,92.22718,72.28188,,,,161.7500,24.36551
2011-08-07,,,,1.593000,1.429409,78.25400,,
2011-08-08,48668.00,86.22107,73.43210,1.596900,1.417073,77.58500,167.1200,23.46089
2011-08-09,51151.00,90.23026,73.85890,1.628200,1.438311,77.05000,168.6100,23.68916
2011-08-10,51395.00,86.24411,74.83549,1.621900,1.412469,76.75900,174.5800,23.79062
2011-08-11,53343.00,90.11505,73.73589,1.623300,1.422637,76.86000,170.7500,24.30633
2011-08-12,53473.00,90.72179,74.24953,,,,169.9700,24.27251
2011-08-14,,,,1.611400,1.427409,76.82000,,
2011-08-15,54652.00,92.64194,73.97461,1.588700,1.443835,76.84000,171.8000,24.56842
2011-08-16,54324.00,91.85083,74.31463,1.584100,1.439802,76.75400,173.9200,24.56842
2011-08-17,55073.00,91.91228,74.83549,1.578500,1.442918,76.54700,174.4200,24.77978
2011-08-18,53134.00,87.94916,75.22604,1.607000,1.432439,76.63700,177.7200,24.17106
2011-08-19,52448.00,86.51292,75.30570,,,,179.9500,24.60223
2011-08-21,,,,1.595300,1.436926,76.78600,,
2011-08-22,52440.00,86.58202,75.16819,1.602500,1.436101,76.83200,184.5900,24.64450
2011-08-23,53787.00,89.43150,74.86444,1.597300,1.443710,76.66000,177.6700,24.89814
2011-08-24,53796.00,90.69110,74.06140,1.607300,1.441234,77.05300,171.6500,24.64450
2011-08-25,52953.00,89.30859,74.51716,1.609000,1.437298,77.43500,172.3600,24.75441
2011-08-26,53351.00,90.60663,74.75588,,,,177.4700,25.03341
2011-08-28,,,,1.600000,1.449506,76.68200,,
2011-08-29,54861.00,93.21029,74.26401,1.594300,1.452433,76.93300,173.8900,25.11795
2011-08-30,55385.00,93.45608,74.77757,1.586500,1.443314,76.70100,179.1000,25.45613
2011-08-31,56495.00,93.87080,74.50995,1.582500,1.437463,76.73000,177.7200,25.49840
2011-09-01,58118.00,92.88771,75.10372,1.599000,1.426208,76.86000,177.8700,25.32086
2011-09-02,56532.00,90.51443,75.79247,,,,183.2400,25.18559
2011-09-04,,,,1.629800,1.415769,76.90200,,
2011-09-05,54998.00,,,1.649300,1.406312,76.90200,,
2011-09-06,56607.00,89.85387,75.89397,1.660000,1.400325,77.61800,182.9000,25.10104
2011-09-07,,92.38848,75.48800,1.653500,1.408570,77.30100,177.0800,25.32931
2011-09-08,57624.00,91.42841,75.85770,1.651600,1.390414,77.50800,181.8100,25.16022
2011-09-09,55778.00,89.03211,76.22745,,,,180.7000,24.76287
2011-09-11,,,,1.674900,1.360082,77.46300,,
2011-09-12,55685.00,89.60814,75.99548,1.703500,1.366027,77.18000,176.6700,24.70369
2011-09-13,55544.00,90.42993,75.77075,1.711500,1.368607,76.93200,178.5400,24.62760
2011-09-14,56286.00,91.68191,75.81422,1.724000,1.374608,76.67700,177.2100,24.50924
2011-09-15,56381.00,93.26400,75.24870,1.709100,1.386905,76.73400,174.4000,24.61069
2011-09-16,57210.00,93.81604,75.39372,,,,176.0300,24.50078
2011-09-18,,,,1.710500,1.370145,76.91000,,
2011-09-19,57103.00,92.88190,76.00999,1.784600,1.360563,76.59600,173.3100,24.08652
2011-09-20,56379.00,92.77382,76.11153,1.791600,1.369394,76.46300,175.7800,24.04425
2011-09-21,55982.00,90.04087,76.43772,1.833900,1.358603,76.53800,173.5900,23.68916
2011-09-22,53280.00,87.13034,77.14828,1.876800,1.348090,76.30600,169.0500,22.85218
2011-09-23,53230.00,87.65531,76.51021,,,,159.8000,22.44637
2011-09-25,,,,1.855800,1.354701,76.54000,,
2011-09-26,53748.00,89.73977,76.19125,1.846000,1.351808,76.33600,157.5800,22.52246
2011-09-27,53920.00,90.74338,75.68372,1.802000,1.358234,76.80800,160.6300,22.90290
2011-09-28,53270.00,88.89056,75.69824,1.817700,1.353766,76.54000,156.2200,22.28574
2011-09-29,53385.00,89.59309,75.69824,1.827700,1.358585,76.76500,157.7000,22.54782
2011-09-30,52324.00,87.35422,76.17676,,,,158.0600,21.77002
2011-10-02,,,,1.847000,1.336095,77.19000,,
2011-10-03,50792.00,84.86832,76.88214,1.887700,1.319505,76.59200,160.9600,21.66011
2011-10-04,50686.00,86.72889,76.48988,1.850100,1.333013,76.76000,157.6400,21.61784
2011-10-05,51014.00,88.33469,76.17023,1.833700,1.333992,76.78200,159.4600,21.92220
2011-10-06,52290.00,89.93279,75.63990,1.806700,1.342895,76.65800,160.4900,22.37873
2011-10-07,51244.00,89.33061,75.24760,,,,159.1800,22.27728
2011-10-09,,,,1.762300,1.338598,76.77000,,
2011-10-10,53273.00,92.31834,74.45573,1.746900,1.363550,76.66000,163.2700,22.77609
2011-10-11,53838.00,92.41096,74.70276,1.738800,1.364573,76.66700,162.1000,22.94518
2011-10-12,,93.22157,74.44851,1.774000,1.379196,77.18000,163.2600,22.98745
2011-10-13,54601.00,93.03630,74.74637,1.743100,1.373551,76.88000,162.3000,23.03818
2011-10-14,55030.00,94.62666,74.37587,,,,163.4000,23.56235
2011-10-16,,,,1.730700,1.387906,77.22000,,
2011-10-17,53911.00,92.82016,74.86256,1.767000,1.374400,76.83100,162.6200,23.22417
2011-10-18,55032.00,94.63442,74.78262,1.757500,1.374004,76.77700,161.8400,23.35099
2011-10-19,54966.00,93.51496,74.89892,1.761300,1.376500,76.80000,159.8700,22.89445
2011-10-20,54010.00,93.92413,74.74637,1.787000,1.377904,76.86000,157.7700,22.86063
2011-10-21,55255.00,95.70749,74.60835,,,,159.5200,22.97899
2011-10-23,,,,1.767600,1.384773,76.21000,,
2011-10-24,56892.00,96.88100,74.57198,1.749300,1.392234,76.13200,161.0200,23.34253
2011-10-25,56286.00,94.99723,75.21129,1.761500,1.390453,76.10900,165.5900,23.41862
2011-10-26,57144.00,95.96228,74.65910,1.758000,1.387694,76.18400,167.4000,23.28335
2011-10-27,59270.00,99.30511,73.75832,1.709000,1.417394,75.93000,169.5500,23.90052
2011-10-28,59513.00,99.28197,74.20151,,,,169.6200,23.79907
2011-10-31,58338.00,96.88869,75.19669,1.687100,1.414007,75.74000,167.3400,23.43553
2011-11-01,57323.00,94.18666,76.09866,1.692400,1.386001,78.30800,167.3800,23.15654
2011-11-02,,95.72293,75.91665,1.742000,1.365598,78.30600,169.0600,23.30026
2011-11-03,58196.00,97.46770,75.55998,1.733300,1.369000,78.13900,171.7200,23.58771
2011-11-04,58670.00,96.87323,75.78568,1.731500,1.382992,78.05300,170.8500,23.66380
2011-11-07,59199.00,97.47544,75.87295,1.749000,1.378930,78.13000,174.9800,24.01043
2011-11-08,59026.00,98.72610,75.53088,1.749900,1.376008,78.07700,173.5300,24.12879
2011-11-09,57550.00,95.08215,76.20054,1.739500,1.382648,77.70800,172.0700,23.59616
2011-11-10,57322.00,95.97771,75.82931,1.756600,1.352667,77.75800,171.1400,23.57080
2011-11-11,58547.00,97.78424,75.47990,1.760000,1.361007,77.65200,173.9600,23.79907
2011-11-14,58258.00,96.85783,75.95307,1.739900,1.378702,77.15600,173.2000,23.54543
2011-11-15,,97.33646,75.85114,1.759500,1.362416,77.07900,173.3600,23.71453
2011-11-16,58560.00,95.79243,76.12775,1.769300,1.350713,77.06000,171.5100,23.65534
2011-11-17,56989.00,94.27153,76.28061,1.770300,1.344104,77.06100,167.1000,23.10581
2011-11-18,56731.00,94.17120,75.99671,1.764500,1.345804,76.95800,167.6200,23.07199
2011-11-21,56285.00,92.38008,76.20786,1.777800,1.352997,76.83900,163.5000,22.90290
2011-11-22,55878.00,92.01720,76.44075,1.804200,1.348436,76.90000,165.3100,23.05509
2011-11-23,54972.00,89.98684,76.70287,1.811700,1.352192,76.97000,164.8300,22.70846
2011-11-24,55280.00,,,1.859300,1.335203,77.27200,,
2011-11-25,54894.00,89.81699,76.21511,1.875500,1.333102,77.16600,163.4000,22.52246
2011-11-28,56017.00,92.41867,76.22243,1.880300,1.331345,77.66700,166.6300,22.80145
2011-11-29,55300.00,92.68116,76.07684,1.854700,1.331700,78.08100,166.8800,23.09735
2011-11-30,56875.00,96.49493,75.63276,1.841500,1.332410,77.96000,170.1300,23.36790
2011-12-01,58143.00,96.47952,75.61088,1.808000,1.344393,77.58300,169.6300,23.28335
2011-12-02,57886.00,96.39462,75.94638,1.799000,1.346692,77.75000,169.8200,23.48626
2011-12-05,58910.00,97.44455,75.90259,1.795200,1.341904,78.08000,167.3200,23.35944
2011-12-06,59536.00,97.47544,75.70569,1.779600,1.338670,77.81200,168.1800,23.48626
2011-12-07,58663.00,97.83829,76.04850,1.791000,1.341202,77.75000,169.4000,23.28335
2011-12-08,57455.00,95.69205,76.43505,1.798700,1.340375,77.67300,165.9800,22.98745
2011-12-09,58236.00,97.31330,75.90992,1.817000,1.334543,77.68000,166.4000,23.07199
2011-12-12,57347.00,95.89279,76.17247,1.797300,1.337167,77.61200,161.9900,22.77609
2011-12-13,57495.00,94.99723,76.52255,1.809200,1.317107,77.93900,158.4500,22.86909
2011-12-14,56647.00,93.98590,76.84345,1.857700,1.301914,77.96100,152.8900,22.05747
2011-12-15,56331.00,94.32557,76.77785,1.876300,1.298802,78.10800,152.3300,21.94756
2011-12-16,56097.00,94.46543,77.14977,1.858800,1.302966,77.84000,155.2300,22.12510
2011-12-19,55298.00,93.45544,77.41234,1.853000,1.303696,77.81000,154.8700,22.02365
2011-12-20,56865.00,96.28344,76.71218,1.866500,1.300779,78.01000,156.9800,22.53091
2011-12-21,56653.00,96.46989,76.46424,1.841800,1.308798,77.84000,157.1600,22.69155
2011-12-22,57348.00,97.32449,76.55904,1.855300,1.304002,78.07000,156.0400,22.71691
2011-12-23,57701.00,98.19462,76.24541,1.851000,1.305602,78.16000,156.3100,22.82681
2011-12-26,57669.00,,,1.858000,1.304495,78.08000,,
2011-12-27,58005.00,98.27233,76.28854,1.857500,1.305057,78.03000,154.9100,22.92827
2011-12-28,56534.00,96.98266,76.77077,1.860000,1.307207,77.87000,151.0300,22.65773
2011-12-29,56754.00,97.98491,76.86575,1.876700,1.292725,77.94600,150.3400,22.72536
2011-12-30,,97.50317,77.13612,1.865200,1.295605,77.65900,151.9900,22.69155
2012-01-02,,,,1.862300,1.296008,77.02000,,
2012-01-03,59265.00,99.05701,76.64656,1.870100,1.294096,76.93000,155.9200,23.36790
2012-01-04,59365.00,99.21239,76.40545,1.834500,1.305602,76.72200,156.7100,23.54543
2012-01-05,58546.00,99.47652,76.42008,1.818400,1.293142,76.71000,157.7800,23.22417
2012-01-06,58600.00,99.22017,76.71964,1.843000,1.279607,77.15100,157.2000,23.32562
2012-01-09,59083.00,99.46101,76.73422,1.847600,1.268038,76.91000,156.5000,23.35099
2012-01-10,59806.00,100.3234,76.58075,1.841000,1.277596,76.86000,158.6400,23.52007
2012-01-11,59962.00,100.3778,77.02652,1.799000,1.275185,76.85000,159.6700,23.45244
2012-01-12,59921.00,100.6186,76.86575,1.803500,1.272394,76.85800,160.3800,23.12272
2012-01-13,59147.00,100.0981,77.20917,1.780900,1.282051,76.77900,159.2600,23.07199
2012-01-16,59956.00,,,1.790800,1.264702,76.91000,,
2012-01-17,60646.00,100.4865,77.28226,1.779300,1.266705,76.82000,160.5000,23.23262
2012-01-18,61723.00,101.5975,77.04108,1.779500,1.274600,76.82000,161.6000,23.24108
2012-01-19,61927.00,102.1336,76.58075,1.768300,1.286604,76.76700,161.2200,23.34253
2012-01-20,62312.00,102.5143,76.31775,1.755500,1.296496,77.08000,162.0700,23.17344
2012-01-23,62386.00,102.2501,76.14969,1.760100,1.288477,76.96000,163.1600,23.44398
2012-01-24,62486.00,102.1336,76.23738,1.752000,1.302694,77.00000,162.0100,23.48626
2012-01-25,,102.9882,76.60269,1.758400,1.304104,77.68700,166.4200,23.68071
2012-01-26,62953.00,102.4599,77.01188,1.760000,1.310736,77.77000,167.2700,23.74834
2012-01-27,62904.00,102.4133,77.24570,1.852500,1.309278,77.46000,168.9700,23.83289
2012-01-30,62770.00,102.0637,77.50872,1.738000,1.320795,76.73200,168.0300,23.58771
2012-01-31,63072.00,102.0249,77.80096,1.746300,1.313957,76.36000,169.3100,23.52853
2012-02-01,64567.00,102.9183,77.53088,1.744800,1.307702,76.27000,169.5600,23.60462
2012-02-02,64593.00,103.0814,77.64071,1.731700,1.317003,76.18900,171.0500,23.66380
2012-02-03,65217.00,104.5265,77.02580,1.718100,1.313715,76.18000,167.6400,23.94279
2012-02-06,65224.00,104.4566,77.23812,1.715300,1.312715,76.55100,167.1800,24.06115
2012-02-07,65917.00,104.7207,76.74034,1.723700,1.312164,76.55000,169.7000,24.04425
2012-02-08,65831.00,105.0315,76.77695,1.724700,1.324854,76.79000,168.5000,24.15415
2012-02-09,65530.00,105.1636,76.60130,1.718400,1.324854,77.06000,168.0200,24.28097
2012-02-10,63998.00,104.3867,77.03318,1.715500,1.327845,77.63200,167.1400,24.05270
2012-02-13,65692.00,105.1636,76.98192,1.718800,1.323679,77.70000,167.5100,24.11188
2012-02-14,65039.00,105.0315,77.14294,1.715200,1.315789,77.51000,167.1200,24.10343
2012-02-15,65368.00,104.5421,77.20154,1.716100,1.313370,78.36000,168.1100,24.18797
2012-02-16,66142.00,105.6997,76.85013,1.727700,1.305807,78.48000,168.0000,24.29788
2012-02-17,66204.00,105.9793,76.76963,1.715500,1.312680,78.82400,167.3500,24.25561
2012-02-20,,,,1.709300,1.322716,79.78800,,
2012-02-21,,106.0259,76.49148,1.717200,1.320481,79.58600,171.0200,24.63605
2012-02-22,,105.6841,76.79164,1.714500,1.324328,79.83000,172.9400,24.86432
2012-02-23,65820.00,106.1503,76.90142,1.705100,1.325574,80.28000,173.0200,24.94041
2012-02-24,65943.00,106.3833,76.95996,1.712800,1.337363,79.93000,172.2300,25.09259
2012-02-27,65241.00,106.5620,77.21613,1.706600,1.346711,81.47100,171.7000,24.88968
2012-02-28,65959.00,106.8728,77.25275,1.705900,1.340662,80.46400,173.4900,24.88123
2012-02-29,65812.00,106.4533,76.94533,1.697700,1.347800,80.48000,164.2900,24.78823
2012-03-01,66810.00,107.0049,76.69608,1.716600,1.332090,81.27600,166.6100,25.17713
2012-03-02,67782.00,106.6786,77.00397,1.713500,1.332268,81.12000,166.3400,24.92350
2012-03-05,66964.00,106.2435,76.85000,1.729300,1.318618,81.62700,165.6500,24.80514
2012-03-06,65114.00,104.6897,77.17261,1.737800,1.322576,81.51800,162.7000,24.39933
2012-03-07,66017.00,105.4200,77.02598,1.759300,1.312336,80.66000,163.6300,24.50924
2012-03-08,66908.00,106.4688,76.79864,1.765800,1.313991,81.33800,165.2800,24.71214
2012-03-09,66704.00,106.8806,76.74003,1.761300,1.327492,81.58000,166.3800,24.77978
2012-03-12,66385.00,106.8883,76.71805,1.789100,1.312508,82.37300,165.0700,24.74596
2012-03-13,68394.00,108.8151,76.16817,1.798800,1.316829,82.36300,162.3000,24.85587
2012-03-14,68257.00,108.6985,75.29573,1.791300,1.308044,82.96000,159.5700,24.68678
2012-03-15,67749.00,109.3279,75.27370,1.803400,1.302253,83.84000,161.0800,24.70369
2012-03-16,67684.00,109.4793,75.25171,1.799400,1.307873,83.49200,161.3000,25.00804
2012-03-19,67730.00,109.9084,74.78983,1.797500,1.317714,83.45000,161.5900,24.96577
2012-03-20,67296.00,109.5885,74.82647,1.820700,1.322926,83.37000,160.1300,24.66142
2012-03-21,66860.00,109.4090,75.20771,1.814100,1.323767,83.65000,160.2100,24.60223
2012-03-22,65828.00,108.6209,75.30303,1.819200,1.321877,83.20300,159.5700,24.40779
2012-03-23,65813.00,108.9720,75.58162,1.818100,1.320481,82.51000,161.5300,24.64450
2012-03-25,,,,1.809300,1.328304,82.58900,,
2012-03-26,66685.00,110.5015,75.49368,1.817100,1.336005,82.98700,164.4000,24.75441
2012-03-27,66037.00,110.1581,75.91158,1.821200,1.332871,83.04800,163.2400,24.65296
2012-03-28,65079.00,109.6119,75.77961,1.823400,1.332623,82.83200,161.5100,24.41624
2012-03-29,64872.00,109.4246,76.09483,1.820800,1.331381,82.27300,161.2800,24.07806
2012-03-30,64511.00,109.8772,75.72094,,,,162.1200,24.34860
2012-04-01,,,,1.825700,1.335827,82.87000,,
2012-04-02,65216.00,110.6809,75.90236,1.832800,1.333333,81.54000,162.9400,24.66142
2012-04-03,64284.00,110.2283,75.34415,1.829200,1.322524,82.83000,159.8900,24.55151
2012-04-04,63529.00,109.1359,75.72609,1.827500,1.314406,82.44000,157.2100,24.17106
2012-04-05,63691.00,109.0813,76.06392,1.822900,1.306506,82.27000,158.3100,24.26406
2012-04-08,,,,1.821900,1.307908,81.33000,,
2012-04-09,62923.00,107.8562,76.84241,1.819000,1.311131,81.64300,159.3700,24.15415
2012-04-10,61738.00,106.0458,77.20228,1.832500,1.307360,80.69400,161.1000,23.83289
2012-04-11,61293.00,106.9042,76.90115,1.834600,1.311992,81.00800,161.0700,23.89207
2012-04-12,63058.00,108.3009,76.74693,1.826200,1.318913,80.93000,162.7000,24.20488
2012-04-13,62106.00,107.0134,77.20963,,,,160.8500,23.95970
2012-04-15,,,,1.837400,1.305653,80.90200,,
2012-04-16,61955.00,106.9432,77.18760,1.845700,1.312680,80.38100,160.4600,23.72298
2012-04-17,62699.00,108.5273,77.10677,1.858400,1.313543,81.06000,160.2500,23.83289
2012-04-18,63010.00,108.1605,77.26102,1.877700,1.311992,81.30000,159.3100,23.60462
2012-04-19,62618.00,107.4660,77.34911,1.879500,1.314579,81.60900,159.4300,23.61307
2012-04-20,62494.00,107.6455,77.35648,,,,159.5400,23.70607
2012-04-22,,,,1.871800,1.320481,81.60000,,
2012-04-23,61539.00,106.7403,77.51075,1.879800,1.315201,81.08000,159.0700,23.66380
2012-04-24,61971.00,107.1461,77.31243,1.879300,1.319784,81.39000,159.3000,23.66380
2012-04-25,61750.00,108.6131,77.21696,1.878800,1.323276,81.30000,159.6200,23.79907
2012-04-26,62198.00,109.3700,77.47403,1.883800,1.319087,81.05800,161.0300,23.84980
2012-04-27,61691.00,109.5495,77.55479,,,,161.3800,23.92588
2012-04-29,,,,1.886000,1.324152,80.35000,,
2012-04-30,61820.00,109.1437,77.62090,1.905800,1.323977,79.92100,161.8800,24.01888
2012-05-01,,109.8226,77.47963,1.906400,1.323977,80.21000,161.3200,24.01888
2012-05-02,62424.00,109.4949,77.62675,1.922200,1.314752,80.12100,160.5900,23.70607
2012-05-03,62104.00,108.6599,77.61942,1.909800,1.315616,80.21000,158.9700,23.44398
2012-05-04,60821.00,106.9042,77.92839,,,,159.4700,23.02972
2012-05-06,,,,1.926900,1.297034,79.81800,,
2012-05-07,61220.00,106.9822,77.90626,1.918800,1.306165,79.92000,159.0800,22.97899
2012-05-08,60365.00,106.5530,78.08282,1.937900,1.299545,79.86000,156.0000,22.89445
2012-05-09,59786.00,105.9210,78.14904,1.969500,1.293661,79.71000,154.4700,22.71691
2012-05-10,59702.00,106.1395,78.03870,1.952000,1.293494,79.86900,154.7700,22.72536
2012-05-11,59445.00,105.8195,78.29616,,,,153.5600,22.55627
2012-05-13,,,,1.965200,1.289990,80.03000,,
2012-05-14,57540.00,104.6491,78.64188,1.992600,1.283203,79.85000,151.3300,22.26037
2012-05-15,56238.00,104.0482,78.66391,1.999900,1.273561,80.32500,149.7400,22.30264
2012-05-16,55888.00,103.6502,78.72278,1.999400,1.273075,80.35000,149.4600,22.27728
2012-05-17,54038.00,102.1130,79.01705,2.007700,1.269841,79.40800,152.8000,22.22655
2012-05-18,54513.00,101.2391,78.96555,,,,154.5500,22.20965
2012-05-20,,,,2.022000,1.277302,79.17000,,
2012-05-21,56590.00,102.9791,78.75956,2.032300,1.281066,79.41000,154.6500,22.50555
2012-05-22,55039.00,103.1586,78.59038,2.087300,1.266464,80.00400,152.0800,22.18428
2012-05-23,54619.00,103.2132,78.79633,2.027100,1.256124,79.42000,151.6200,21.93910
2012-05-24,54063.00,103.4161,78.62719,2.027400,1.253604,79.66000,151.4100,21.94756
2012-05-25,54463.00,103.0806,78.85520,,,,152.6800,22.02365
2012-05-27,,,,1.984700,1.256913,79.59000,,
2012-05-28,55213.00,,,1.981900,1.252505,79.56100,,
2012-05-29,54633.00,104.3291,78.78900,1.992000,1.247816,79.50000,151.0200,21.93065
2012-05-30,53798.00,102.8153,79.53933,2.014900,1.237471,78.98200,151.9100,21.52484
2012-05-31,54490.00,102.5890,79.84827,2.025300,1.236247,78.52800,151.6200,21.33885
2012-06-01,53403.00,100.0061,80.53414,,,,157.5000,20.89922
2012-06-03,,,,2.038800,1.240233,78.10000,,
2012-06-04,53417.00,99.95930,80.07005,2.052900,1.250938,78.36100,157.3200,21.01758
2012-06-05,52481.00,100.7162,79.80477,2.021500,1.246261,78.73000,157.1400,20.94149
2012-06-06,54156.00,102.9791,79.28172,2.031600,1.257387,79.27000,157.2100,21.33039
2012-06-07,,103.0416,79.47327,2.029600,1.257071,79.69000,154.5000,21.18667
2012-06-08,54430.00,103.8609,79.53220,,,,154.7300,21.25430
2012-06-10,,,,2.022000,1.264542,79.56000,,
2012-06-11,54001.00,102.5422,79.74583,2.063700,1.247816,79.30700,155.3600,20.86540
2012-06-12,55049.00,103.7205,79.31853,2.066800,1.250469,79.52700,156.4600,20.96685
2012-06-13,55651.00,103.0572,79.73846,2.070900,1.257387,79.37200,157.1200,20.80622
2012-06-14,55352.00,104.1496,79.52479,2.057800,1.262786,79.42200,157.7500,21.05140
2012-06-15,56105.00,105.2148,79.89320,,,,157.8400,21.01758
2012-06-17,,,,2.048200,1.270487,79.05200,,
2012-06-18,56195.00,105.4187,79.87110,2.060100,1.259763,79.00000,157.9300,21.03449
2012-06-19,57195.00,106.4384,79.59849,2.027900,1.268070,79.03400,157.1600,21.21203
2012-06-20,57167.00,106.2659,79.43640,2.022500,1.268070,79.42100,155.9700,20.86540
2012-06-21,55505.00,103.8814,79.60583,2.062200,1.255178,80.02000,152.0200,20.41732
2012-06-22,55440.00,104.6815,79.25954,,,,152.6400,20.62022
2012-06-24,,,,2.066000,1.253761,80.56000,,
2012-06-25,53805.00,103.0029,79.69428,2.060300,1.250469,79.65000,153.7600,20.83158
2012-06-26,53837.00,103.5206,79.51744,2.074700,1.248751,79.46000,152.6200,20.97531
2012-06-27,53109.00,104.4540,79.62794,2.074500,1.247349,79.68500,152.8300,21.09367
2012-06-28,52652.00,104.1559,79.88583,2.076800,1.244091,79.31300,151.0500,20.86540
2012-06-29,54355.00,106.7522,79.51744,,,,155.1900,21.77002
2012-07-01,,,,2.008700,1.265518,79.83900,,
2012-07-02,54693.00,107.0737,79.88639,1.984600,1.258178,79.44000,155.0900,21.72775
2012-07-03,55780.00,107.7797,79.68711,2.008400,1.260557,79.84000,157.4600,22.33646
2012-07-04,56077.00,,,2.026300,1.251627,79.94000,,
2012-07-05,56379.00,107.2934,79.90117,2.018700,1.239157,79.86000,155.6800,22.42101
2012-07-06,55394.00,106.2737,80.18154,,,,153.7100,21.90529
2012-07-08,,,,2.027600,1.227144,79.47800,,
2012-07-09,,106.1404,80.40285,2.031400,1.231830,79.55800,154.0400,22.29419
2012-07-10,53706.00,105.2148,80.43977,2.032500,1.225640,79.35000,152.1500,22.00674
2012-07-11,53569.00,105.2305,80.36598,2.035200,1.224725,79.61000,152.9900,22.25192
2012-07-12,53421.00,104.7207,80.55041,2.036700,1.219274,79.31000,152.5900,22.30264
2012-07-13,54331.00,106.4777,80.48407,,,,154.1400,22.57318
2012-07-15,,,,2.037300,1.224890,79.17000,,
2012-07-16,53402.00,106.2267,80.66109,2.034100,1.226843,78.82000,154.2100,22.85218
2012-07-17,53909.00,106.9561,80.45449,2.020600,1.229559,79.09600,153.4700,22.87754
2012-07-18,54583.00,107.7483,80.53565,2.018500,1.227747,78.79900,153.0500,23.08044
2012-07-19,55347.00,108.0307,80.41762,2.011200,1.227687,78.74000,153.3800,23.35944
2012-07-20,54195.00,107.0424,80.73495,,,,153.6700,23.35944
2012-07-22,,,,2.022900,1.212709,78.45000,,
2012-07-23,53034.00,105.9599,80.86771,2.036400,1.212415,78.31100,153.0300,22.86909
2012-07-24,52639.00,105.0501,81.02264,2.045500,1.206185,78.10700,153.5200,22.73382
2012-07-25,52608.00,105.0736,81.06700,2.032700,1.214034,78.10300,155.6700,22.90290
2012-07-26,54003.00,106.8070,80.81602,2.020100,1.228049,78.32400,156.7700,22.94518
2012-07-27,56553.00,108.7759,80.23312,,,,157.5400,23.18190
2012-07-29,,,,2.020900,1.230466,78.50000,,
2012-07-30,57241.00,108.7759,80.49141,2.040300,1.225941,78.10100,157.4300,23.31717
2012-07-31,56097.00,108.0150,80.63158,2.056700,1.229407,78.12000,156.4900,23.03818
2012-08-01,55623.00,107.9209,80.33746,2.042100,1.224140,78.38000,155.1400,23.07199
2012-08-02,55520.00,107.1757,80.52962,2.048400,1.218027,78.22000,154.1300,22.87754
2012-08-03,57255.00,109.3014,80.10839,,,,155.5500,23.26645
2012-08-05,,,,2.027000,1.242854,78.61000,,
2012-08-06,58345.00,109.5132,80.16015,2.028500,1.239004,78.20000,156.3000,23.40171
2012-08-07,57726.00,110.0622,79.73894,2.027100,1.238697,78.61000,156.2800,23.57925
2012-08-08,58951.00,110.1955,79.62810,2.021100,1.237333,78.40000,156.4800,23.64689
2012-08-09,58797.00,110.2897,79.56900,2.017100,1.229407,78.61000,156.9900,23.84134
2012-08-10,59281.00,110.4701,79.79808,,,,157.1800,23.71453
2012-08-12,,,,2.013900,1.227717,78.25000,,
2012-08-13,59123.00,110.4152,79.74635,2.019700,1.232742,78.33000,155.9900,23.52853
2012-08-14,58083.00,110.4309,79.35471,2.025800,1.232590,78.81500,155.1300,23.55389
2012-08-15,58189.00,110.5563,78.95566,2.023600,1.228954,78.99000,155.6300,23.75680
2012-08-16,59446.00,111.3721,78.76357,2.015100,1.235788,79.25000,156.5600,23.84980
2012-08-17,59082.00,111.5211,78.85963,,,,156.7200,23.88361
2012-08-19,,,,2.014500,1.233259,79.51000,,
2012-08-20,59283.00,111.5290,78.90396,2.014300,1.235330,79.33000,157.2600,23.99352
2012-08-21,58918.00,111.1916,78.97045,2.010900,1.247661,79.24200,158.8300,24.21333
2012-08-22,59381.00,111.2388,79.58374,2.015300,1.253447,78.53900,160.5400,24.34015
2012-08-23,58512.00,110.3289,79.72418,2.022800,1.256124,78.60000,161.8900,24.22179
2012-08-24,58426.00,110.9956,79.68726,,,,161.9700,24.11188
2012-08-26,,,,2.023100,1.250438,78.73000,,
2012-08-27,58111.00,111.0191,79.89408,2.031000,1.250156,78.75000,161.3600,24.00197
2012-08-28,58406.00,110.9093,79.92373,2.040900,1.257229,78.57000,161.6400,24.01888
2012-08-29,57369.00,110.9956,79.87201,2.047000,1.253133,78.72000,160.5900,24.06115
2012-08-30,57256.00,110.1955,80.01980,2.045500,1.251095,78.53000,160.5200,24.08652
2012-08-31,57061.00,110.7211,80.53701,,,,164.2200,24.34015
2012-09-02,,,,2.027700,1.257703,78.29000,,
2012-09-03,57281.00,,,2.028600,1.258653,78.33900,,
2012-09-04,56234.00,110.6191,80.35273,2.036700,1.253447,78.47000,164.4800,24.34860
2012-09-05,56864.00,110.5249,80.32315,2.036200,1.260239,78.42000,164.3100,24.23024
2012-09-06,58321.00,112.7682,79.77557,2.025000,1.263264,78.89000,164.8900,24.22179
2012-09-07,,113.2075,79.87920,,,,168.4400,24.49233
2012-09-09,,,,2.025300,1.279591,78.21900,,
2012-09-10,58404.00,112.5643,79.91615,2.019300,1.276161,78.22600,167.2900,24.52615
2012-09-11,59423.00,112.8781,79.76819,2.011900,1.285182,77.75000,167.9000,24.57687
2012-09-12,59922.00,113.2546,79.37601,2.023800,1.290323,77.83000,167.9200,24.70369
2012-09-13,61958.00,114.9801,79.60538,2.018200,1.299376,77.64800,171.3100,24.87277
2012-09-14,62105.00,115.4900,78.85806,,,,171.8000,25.13486
2012-09-16,,,,2.009300,1.311648,78.33300,,
2012-09-17,61806.00,115.0978,79.02083,2.030300,1.311011,78.67300,170.4000,24.44160
2012-09-18,61804.00,115.0037,79.22063,2.019900,1.304631,78.77000,171.7200,24.26406
2012-09-19,61652.00,115.0665,79.40559,2.021500,1.305824,78.39700,171.7400,23.90898
2012-09-20,61688.00,115.0743,79.45002,2.018100,1.297353,78.20000,171.4700,24.04425
2012-09-21,61320.00,115.0262,79.62016,,,,171.9600,24.20488
2012-09-23,,,,2.018800,1.296849,78.08000,,
2012-09-24,61910.00,114.8527,79.79783,2.023500,1.294163,77.86400,171.0500,23.95125
2012-09-25,60501.00,113.6305,80.09372,2.028200,1.290006,77.72800,170.7700,23.97661
2012-09-26,60478.00,112.9917,80.42674,2.033200,1.288162,77.69800,169.8100,23.80752
2012-09-27,60240.00,114.0562,80.25658,2.027000,1.291322,77.61000,172.3400,24.10343
2012-09-28,59176.00,113.5280,80.25658,,,,171.8900,24.24715
2012-09-30,,,,2.022600,1.280902,77.95900,,
2012-10-01,59571.00,113.8276,80.40547,2.023000,1.288826,78.04100,172.2900,24.28097
2012-10-02,59222.00,113.9459,80.35363,2.025100,1.291656,78.21500,172.1000,24.15415
2012-10-03,58627.00,114.4111,80.43510,2.018700,1.292324,78.41500,172.4100,23.73989
2012-10-04,58458.00,115.2312,80.11655,2.016100,1.301744,78.48400,173.6100,24.25561
2012-10-05,58572.00,115.2391,79.75350,,,,172.6200,24.12879
2012-10-07,,,,1.997400,1.301575,78.70200,,
2012-10-08,59317.00,114.8448,80.01277,2.028700,1.297690,78.28600,172.0500,24.06115
2012-10-09,58939.00,113.7093,79.84980,2.030700,1.285843,78.21900,170.9900,24.23870
2012-10-10,58456.00,112.9838,80.04247,2.039400,1.285843,78.07500,170.8400,24.19642
2012-10-11,59162.00,113.0469,80.11655,2.039100,1.293326,78.40200,171.3200,24.47542
2012-10-12,,112.6763,80.12393,,,,170.0600,24.13724
2012-10-14,,,,2.041900,1.294331,78.46800,,
2012-10-15,59602.00,113.6147,80.14619,2.035500,1.296849,78.78900,168.3500,24.01888
2012-10-16,59744.00,114.7660,79.76829,2.033400,1.310788,78.82500,169.4200,24.03579
2012-10-17,60087.00,115.2864,79.26447,2.029900,1.311648,79.06000,169.5400,24.04425
2012-10-18,59734.00,114.9867,79.12368,2.026000,1.306916,79.30800,168.7900,24.03579
2012-10-19,58922.00,113.0706,79.45706,,,,166.9700,23.67225
2012-10-21,,,,2.026000,1.302253,79.25700,,
2012-10-22,58700.00,113.0864,79.19036,2.023000,1.307019,79.99000,167.5800,23.56235
2012-10-23,57690.00,111.5172,79.56824,2.025400,1.297353,79.82000,165.4300,23.27489
2012-10-24,57161.00,111.2017,79.39786,2.024100,1.296512,79.83800,164.8600,23.20726
2012-10-25,57837.00,111.5251,79.10886,2.024000,1.293828,80.23500,166.0200,23.26645
2012-10-26,57277.00,111.4620,79.61266,,,,165.9300,23.31717
2012-10-29,57177.00,,,2.025200,1.292407,79.65000,,
2012-10-30,57684.00,,,2.030900,1.290822,79.76400,,
2012-10-31,57068.00,111.4620,79.93874,2.029000,1.296260,79.68400,166.8300,23.30026
2012-11-01,58383.00,112.6290,79.77921,2.027900,1.296512,79.86000,166.0700,23.34253
2012-11-02,,111.6275,79.84595,2.029500,1.294834,80.22000,162.6000,22.94518
2012-11-05,58210.00,111.8562,80.03889,2.028800,1.282791,80.50000,163.2300,23.13963
2012-11-06,59459.00,112.7315,79.67530,2.034200,1.280246,80.16000,166.3000,23.55389
2012-11-07,58517.00,110.1766,80.34309,2.029100,1.280803,80.29000,166.4900,23.11427
2012-11-08,57524.00,108.8518,80.69914,2.033000,1.275998,79.97000,167.9900,23.14808
2012-11-09,57358.00,108.9465,80.70660,2.037200,1.274535,79.47900,167.8200,23.33408
2012-11-12,57064.00,109.0332,80.75853,2.044500,1.272394,79.46000,167.4500,23.22417
2012-11-13,57486.00,108.6546,80.85501,2.049300,1.270971,79.59800,167.1000,23.18190
2012-11-14,56279.00,107.1880,80.87721,2.057200,1.270971,79.46000,167.1400,23.24953
2012-11-15,,107.0066,80.84010,2.063700,1.273237,80.20000,166.0900,23.15654
2012-11-16,55402.00,107.5349,80.89207,2.064800,1.278445,81.12000,165.8800,23.25799
2012-11-19,56451.00,109.7114,80.72886,2.080600,1.275950,81.52600,167.8700,23.69762
2012-11-20,,109.7587,80.39497,2.077200,1.276944,81.35000,167.3900,23.53698
2012-11-21,56242.00,109.9637,80.27629,2.080200,1.281443,81.75500,167.5600,23.63844
2012-11-22,56437.00,,,2.095600,1.286505,82.57400,,
2012-11-23,57574.00,111.4620,80.23177,2.103300,1.287515,82.35900,169.6100,23.72298
2012-11-26,56737.00,111.2254,80.36527,2.080100,1.296596,82.54600,169.4300,23.68916
2012-11-27,56248.00,110.6576,80.55080,2.081300,1.298701,81.87300,168.7100,23.65534
2012-11-28,56539.00,111.5487,80.65464,2.083000,1.293828,82.08000,166.5500,23.57925
2012-11-29,57853.00,112.0691,80.73628,2.091900,1.295337,82.15000,167.1800,23.73989
2012-11-30,57475.00,112.0928,80.72141,2.095600,1.297353,82.15100,166.0500,23.75680
2012-12-03,58202.00,111.5408,80.68951,2.133900,1.299680,82.45600,166.1300,23.81598
2012-12-04,57563.00,111.3831,80.83063,2.119100,,82.13300,164.4200,23.60462
2012-12-05,57679.00,111.5802,80.89751,2.118300,1.309929,81.81600,164.1200,23.57925
2012-12-06,57656.00,111.9587,80.94203,2.087100,1.307019,82.43600,164.5000,23.36790
2012-12-07,58487.00,112.2978,80.71178,2.076000,1.296344,82.43000,165.1600,23.34253
2012-12-10,59248.00,112.3451,80.78606,2.073500,1.290606,82.56000,165.8000,23.29181
2012-12-11,59623.00,113.1100,80.63007,2.076200,1.293828,82.35000,165.6500,23.24953
2012-12-12,59474.00,113.1652,80.28831,2.075600,1.301321,82.52000,165.7700,23.35944
2012-12-13,59317.00,112.4713,80.13239,2.070400,1.306677,83.21000,164.3700,23.14808
2012-12-14,59605.00,112.0533,80.31064,2.084300,1.307873,83.66700,164.1300,23.29181
2012-12-17,59567.00,113.3702,79.88721,2.085100,1.316586,84.15800,164.4400,23.27489
2012-12-18,60461.00,114.6319,79.57520,2.095100,1.316482,83.90300,162.0800,23.33408
2012-12-19,60998.00,113.7803,79.68662,2.088000,1.323101,84.36100,161.6900,23.41862
2012-12-20,61276.00,114.4348,79.73866,2.069200,1.321528,84.22600,159.7300,23.30871
2012-12-21,61007.00,113.3961,79.95411,2.069300,1.323767,84.42000,160.3300,23.26645
2012-12-24,,113.0466,79.87237,2.056300,1.318200,84.41000,160.6200,23.19035
2012-12-25,,,,2.074900,1.318044,84.84000,,
2012-12-26,60960.00,112.5701,80.03674,2.077100,1.318044,85.00000,160.7800,23.42708
2012-12-27,60416.00,112.4193,80.20042,2.048000,1.322576,85.66800,161.1600,23.42708
2012-12-28,60952.00,111.2042,80.38641,2.041700,1.325030,86.50700,160.5400,23.35944
2012-12-31,,113.0943,79.96241,2.045100,1.322769,85.96000,162.0200,23.48626
2013-01-01,,,,2.050700,1.320132,86.72000,,
2013-01-02,62550.00,115.9929,79.59780,2.045600,1.319784,86.60000,163.1700,23.57080
2013-01-03,63312.00,115.7308,79.18871,2.045600,1.318218,87.27500,161.2000,23.37635
2013-01-04,62523.00,116.2391,79.22591,2.048700,1.303271,87.74000,160.4400,23.27489
2013-01-07,61933.00,115.9214,79.27048,2.032400,1.306745,88.19800,159.4300,23.31717
2013-01-08,61128.00,115.5879,79.46394,2.026400,1.312508,87.25300,160.5600,23.37635
2013-01-09,61579.00,115.8817,79.50856,2.040100,1.308233,86.86800,160.4900,23.34253
2013-01-10,61678.00,116.8030,79.27801,2.047700,1.305483,88.13300,161.9800,23.42708
2013-01-11,61497.00,116.7950,79.53094,2.027700,1.327316,89.24600,161.0600,23.32562
2013-01-14,62081.00,116.7155,79.50111,2.029700,1.336202,89.52300,161.5400,23.47780
2013-01-15,61728.00,116.7950,79.69457,2.032400,1.337793,89.46000,162.5600,23.37635
2013-01-16,61787.00,116.7791,79.79870,,1.330849,88.75000,162.6500,23.40171
2013-01-17,62194.00,117.5336,79.43420,2.040800,1.329080,88.63000,163.3500,23.50316
2013-01-18,61956.00,117.7956,79.65736,2.037100,1.337256,89.82100,163.0900,23.65534
2013-01-21,61900.00,,,2.029800,1.332001,90.18100,,
2013-01-22,61692.00,118.4309,79.72433,2.038700,1.331150,89.60000,163.6700,23.72298
2013-01-23,61966.00,118.6215,79.76146,2.041000,1.331398,88.52900,163.2100,23.74834
2013-01-24,61170.00,118.6533,79.62765,2.033900,1.330849,88.58000,161.4200,23.73143
2013-01-25,,119.3204,79.09944,2.028500,1.336934,90.55800,160.6500,23.68071
2013-01-28,60027.00,119.1774,78.93581,2.028500,1.346602,91.17900,160.2900,23.67225
2013-01-29,60406.00,119.6460,78.81675,1.994100,1.344628,90.46000,160.9900,23.80752
2013-01-30,59337.00,119.1774,78.86137,1.986400,1.349164,90.79000,162.1900,24.07806
2013-01-31,59761.00,118.8836,78.92833,1.988300,1.356834,91.02100,161.2000,24.06961
2013-02-01,60351.00,120.1066,78.66017,1.990600,1.361100,91.70700,161.4500,24.16261
2013-02-04,59576.00,118.7565,79.11455,1.986400,1.364871,92.77000,162.0000,24.07806
2013-02-05,59445.00,119.9557,78.83151,1.994700,1.351169,92.15300,161.9600,24.17106
2013-02-06,58951.00,120.0430,79.06986,1.982900,1.358142,93.57000,162.3900,24.13724
2013-02-07,58372.00,119.8842,79.10711,1.985900,1.352393,93.43500,161.8400,24.04425
2013-02-08,58498.00,120.5513,79.16669,1.963500,1.338939,93.63300,161.5700,24.13724
2013-02-11,,120.5275,79.08482,1.970100,1.336827,92.53500,159.7000,24.05270
2013-02-12,,120.7260,79.00279,1.970700,1.340357,94.19100,159.8900,24.09497
2013-02-13,58406.00,120.8292,78.72724,1.968800,1.345207,93.30500,159.0500,24.10343
2013-02-14,58077.00,120.9405,79.06240,1.964100,1.344447,93.25600,158.3500,24.06961
2013-02-15,57903.00,120.7974,78.98796,1.956200,1.335292,92.95700,155.7600,23.96815
2013-02-18,57614.00,,,1.965200,1.334401,93.72200,,
2013-02-19,57314.00,121.7028,78.86129,1.959700,1.334721,93.65000,155.3300,23.87516
2013-02-20,56178.00,120.1860,79.03260,1.953900,1.339585,93.70800,151.4400,23.60462
2013-02-21,56155.00,119.4554,79.18906,1.960100,1.327316,93.66000,152.6200,23.33408
2013-02-22,56697.00,120.6228,79.28590,1.971800,1.319435,93.15000,152.9700,23.33408
2013-02-25,56618.00,118.3277,79.89668,1.969100,1.319592,94.22000,154.3400,23.22417
2013-02-26,56949.00,119.1377,79.74772,1.980500,1.306506,92.39700,156.2200,23.18190
2013-02-27,57274.00,120.6387,79.71046,1.982100,1.306592,92.11000,154.5700,23.03818
2013-02-28,57424.00,120.4004,79.82227,1.974400,1.315097,92.30300,153.0000,22.93672
2013-03-01,56884.00,120.7974,80.02129,1.977700,1.305995,92.58200,152.4400,22.77609
2013-03-04,56499.00,121.4407,79.83487,1.981100,1.301693,93.56400,152.3000,22.69155
2013-03-05,55951.00,122.5287,79.75285,1.971100,1.303611,93.40100,152.3800,22.90290
2013-03-06,57940.00,122.6954,79.49926,1.962500,1.304853,93.28900,153.2300,22.77609
2013-03-07,58847.00,122.9178,79.19350,1.970700,1.297858,93.92700,152.6900,22.92827
2013-03-08,58433.00,123.4419,78.79079,1.959500,1.311131,94.92800,152.7100,22.99590
2013-03-11,58545.00,123.9105,78.82806,1.941900,1.298802,96.17000,152.9900,23.01281
2013-03-12,58209.00,123.6326,79.04438,1.957300,1.303271,96.61900,154.1900,23.06354
2013-03-13,57386.00,123.8073,78.97721,1.965600,1.302932,95.82000,153.6600,22.94518
2013-03-14,57281.00,124.4664,78.99962,1.971500,1.295840,96.02000,153.6800,23.11427
2013-03-15,56869.00,124.3021,79.27560,1.972000,1.301236,95.96200,154.0000,23.16499
2013-03-18,56973.00,123.6161,79.53657,1.978800,1.289275,94.88900,155.3800,23.02972
2013-03-19,56361.00,123.3289,79.78267,1.982800,1.294498,95.34300,156.0800,22.86063
2013-03-20,56030.00,124.1904,79.47687,1.982600,1.286389,95.05000,155.3700,23.02127
2013-03-21,55577.00,123.1295,79.68576,1.984400,1.294163,95.95500,156.2500,22.91982
2013-03-22,55243.00,124.1186,79.71555,2.005100,1.290489,94.91000,155.5500,22.96209
2013-03-25,54873.00,123.6002,79.77518,2.006500,1.302406,94.82800,155.2400,22.97899
2013-03-26,55671.00,124.5894,79.85725,2.006000,1.285843,93.96300,154.7200,23.19035
2013-03-27,56034.00,124.5894,80.20035,2.014900,1.286008,94.63500,155.3600,23.30871
2013-03-28,56352.00,124.9721,80.05118,2.010200,1.277792,94.31600,154.4500,23.08890
2013-03-29,,,,2.019200,1.281591,94.19000,,
2013-03-31,,,,2.019000,1.280574,94.28200,,
2013-04-01,55902.00,124.4776,80.26398,2.015100,1.285017,93.18000,154.6700,23.08890
2013-04-02,54889.00,125.0918,80.10715,2.018600,1.282051,93.36200,152.4300,22.97899
2013-04-03,55563.00,123.8235,80.44323,2.021000,1.285017,92.88900,150.7300,22.59009
2013-04-04,54648.00,124.3260,80.76434,2.012800,1.292825,96.43700,150.2900,22.56473
2013-04-05,55051.00,123.7677,81.01822,,,,152.8100,22.54782
2013-04-07,,,,1.983200,1.299207,98.75100,,
2013-04-08,55092.00,124.6052,80.75684,1.989700,1.302932,99.28000,152.1600,22.61545
2013-04-09,55912.00,125.0359,80.78671,1.980600,1.308027,98.95000,153.3400,22.75918
2013-04-10,56187.00,126.5675,80.45066,1.973200,1.305534,99.66600,150.7500,22.70846
2013-04-11,55401.00,126.9823,80.54028,1.974800,1.311475,99.62100,151.0500,22.61545
2013-04-12,54963.00,126.6712,80.98837,,,,143.9500,22.33646
2013-04-14,,,,1.966200,1.309929,98.40600,,
2013-04-15,52950.00,123.7357,81.16760,1.998000,1.305466,96.80000,131.3100,21.66856
2013-04-16,53991.00,125.5624,80.93607,1.984600,1.317870,97.61000,132.8000,21.89683
2013-04-17,52882.00,123.7278,81.08543,1.997100,1.303492,98.02900,132.8700,21.57557
2013-04-18,53166.00,122.9540,81.13023,1.981700,1.305313,98.20300,134.3000,21.80383
2013-04-19,53929.00,124.0229,81.08543,,,,135.4700,21.75311
2013-04-21,,,,2.005200,1.305568,99.79700,,
2013-04-22,54298.00,124.5733,81.13023,2.015900,1.306165,99.16000,137.9000,21.82074
2013-04-23,54885.00,125.8576,81.07792,2.018400,1.299444,99.67700,136.8800,21.68547
2013-04-24,54984.00,125.9373,81.11533,2.008700,1.301744,99.42000,138.3700,21.92220
2013-04-25,54963.00,126.4479,81.02568,1.999300,1.300728,99.34200,141.6300,22.20965
2013-04-26,54252.00,126.2245,81.31691,,,,140.9100,22.08283
2013-04-28,,,,1.993300,1.304257,97.84200,,
2013-04-29,54887.00,127.0701,81.28706,2.005700,1.309586,97.86400,142.3000,22.37873
2013-04-30,55910.00,127.3731,81.27212,2.001500,1.316829,97.26900,142.7700,22.20965
2013-05-01,,126.2565,81.53756,2.001700,1.318218,97.13200,141.1100,21.81229
2013-05-02,55322.00,127.4290,81.53756,2.006900,1.306506,97.94600,141.9200,22.09128
2013-05-03,55488.00,128.7212,80.84221,,,,142.0900,22.33646
2013-05-05,,,,2.005400,1.312336,99.10000,,
2013-05-06,55430.00,129.0483,80.73756,2.005900,1.307019,99.34400,142.1500,22.36182
2013-05-07,56275.00,129.7024,80.62536,2.005800,1.307702,98.77600,140.3800,22.28574
2013-05-08,55805.00,130.2927,80.72254,2.000700,1.316136,98.87800,142.4600,22.38719
2013-05-09,55448.00,129.9257,80.70757,2.009300,1.303441,100.7650,140.8100,22.37873
2013-05-10,55108.00,130.3485,80.25154,,,,139.6000,22.27728
2013-05-12,,,,2.013800,1.296529,101.9230,,
2013-05-13,54448.00,130.4522,80.10944,2.006200,1.298802,101.6670,138.4300,22.17583
2013-05-14,54667.00,131.8003,79.78793,2.018400,1.293711,102.2100,137.8100,22.09974
2013-05-15,54936.00,132.5102,79.99732,2.019900,1.288245,102.2580,134.6300,22.04902
2013-05-16,54773.00,131.8880,80.37862,2.022600,1.288328,102.1350,134.0900,22.02365
2013-05-17,55164.00,133.1643,79.94492,,,,131.0700,22.13356
2013-05-19,,,,2.031200,1.283565,102.7010,,
2013-05-20,55701.00,133.1563,79.88510,2.035700,1.289108,102.1660,135.1200,22.27728
2013-05-21,56265.00,133.3478,80.09452,2.032800,1.291906,102.4420,132.8800,22.15046
2013-05-22,56429.00,132.3586,79.45892,2.045600,1.284208,103.1760,131.9400,22.04902
2013-05-23,56350.00,131.9758,79.54116,2.041100,1.292507,102.4100,134.6100,22.15046
2013-05-24,56406.00,131.8641,79.57105,,,,133.7600,22.06592
2013-05-26,,,,2.046900,1.293778,101.0610,,
2013-05-27,56396.00,,,2.053500,1.293393,101.1050,,
2013-05-28,56036.00,132.6538,78.63646,2.073800,1.284637,102.4460,133.4900,22.26883
2013-05-29,54635.00,131.7923,78.95795,2.107300,1.294783,100.9160,134.8300,22.12510
2013-05-30,,132.2789,78.96549,2.107700,1.304393,101.1000,136.7000,22.12510
2013-05-31,53506.00,130.3804,78.74867,,,,133.9200,21.86302
2013-06-02,,,,2.089900,1.299646,100.4760,,
2013-06-03,53944.00,131.0983,78.86240,2.121300,1.307292,99.73800,136.5100,22.13356
2013-06-04,54018.00,130.4682,78.66032,2.124000,1.307343,100.2500,135.2300,22.21810
2013-06-05,52799.00,128.6415,79.04213,2.125100,1.309329,98.95200,135.5200,22.11665
2013-06-06,52885.00,129.8061,79.13943,2.127400,1.324556,97.32700,136.5300,22.20119
2013-06-07,51619.00,131.4572,78.52549,,,,133.2800,22.25192
2013-06-09,,,,2.127400,1.322401,98.23800,,
2013-06-10,51317.00,131.4572,78.33088,2.127400,1.322401,98.84900,133.9400,22.16737
2013-06-11,49770.00,130.1012,78.52549,2.127400,1.322401,96.10200,133.2500,21.97292
2013-06-12,49181.00,129.0244,78.17365,2.152700,1.333956,95.92900,134.2500,21.99829
2013-06-13,50415.00,130.9866,78.76508,2.116800,1.336791,95.49400,133.7400,22.14201
2013-06-14,49332.00,130.1650,78.86990,,,,134.4300,22.23501
2013-06-16,,,,2.096400,1.334864,94.24200,,
2013-06-17,49089.00,131.1701,78.68272,2.167800,1.336309,94.68000,133.7700,22.28574
2013-06-18,49465.00,132.2071,78.63778,2.177600,1.338993,95.51700,132.1300,22.32801
2013-06-19,47893.00,130.3804,77.55965,2.224200,1.329186,96.59000,130.5900,22.36182
2013-06-20,48214.00,127.1498,77.20773,2.255700,1.323557,97.14100,123.6000,21.63475
2013-06-21,47056.00,127.5580,76.39162,,,,125.0500,21.49948
2013-06-23,,,,2.238500,1.310530,98.42300,,
2013-06-24,45965.00,125.9462,76.20449,2.225600,1.313232,97.53100,123.9300,21.40648
2013-06-25,46893.00,127.1571,76.11462,2.210200,1.307976,98.14700,123.4700,21.42339
2013-06-26,47172.00,128.4160,76.42162,2.186200,1.301338,97.77000,118.2800,21.36421
2013-06-27,47609.00,129.1698,76.83342,2.195900,1.303594,98.47600,115.9400,21.35576
2013-06-28,47457.00,128.6405,76.74356,,,,119.1100,21.24584
2013-06-30,,,,2.189200,1.301406,99.38000,,
2013-07-01,47230.00,129.3943,76.77283,2.223100,1.306762,99.65700,121.1300,21.38112
2013-07-02,45229.00,129.2740,76.80278,2.247200,1.297892,100.7330,120.0500,21.46566
2013-07-03,45044.00,129.3302,76.65286,2.263400,1.301084,99.95600,120.7400,21.66011
2013-07-04,45763.00,,,2.246000,1.290772,100.2200,,
2013-07-05,45210.00,130.7254,75.36328,,,,118.0900,21.60938
2013-07-07,,,,2.247500,1.282907,101.3860,,
2013-07-08,45076.00,131.4712,75.80569,2.261500,1.287101,100.8500,119.5100,21.71929
2013-07-09,,132.4175,75.93304,2.254100,1.278184,101.1530,120.6200,21.85456
2013-07-10,45483.00,132.4656,75.66320,2.270400,1.318774,98.55100,120.9500,21.92220
2013-07-11,46626.00,134.2698,76.42042,2.252000,1.309775,99.04000,124.2400,22.03210
2013-07-12,45533.00,134.3260,76.36042,,,,124.1300,22.11665
2013-07-14,,,,2.261900,1.305995,99.19700,,
2013-07-15,46739.00,134.8392,76.60033,2.216300,1.305875,99.94600,124.1800,22.05747
2013-07-16,46869.00,134.3340,76.63779,2.248800,1.315115,99.16000,124.8900,22.08283
2013-07-17,47407.00,134.6788,76.97525,2.222900,1.311699,99.66000,123.3200,22.06592
2013-07-18,47657.00,135.4166,76.61533,2.221800,1.311063,100.5220,124.0100,22.15892
2013-07-19,47400.00,135.6572,77.03522,,,,125.1100,22.17583
2013-07-21,,,,2.244800,1.315997,100.3890,,
2013-07-22,48574.00,135.9218,77.02774,2.230200,1.319035,99.32400,128.8400,22.15892
2013-07-23,48820.00,135.6331,76.93772,2.210000,1.322332,99.49700,129.7100,22.19274
2013-07-24,48374.00,135.1359,76.42042,2.243600,1.319087,100.4520,127.4800,22.01520
2013-07-25,49067.00,135.4647,76.53287,2.240700,1.327422,99.27500,128.6700,21.98983
2013-07-26,49422.00,135.6090,76.60033,,,,128.7800,21.85456
2013-07-28,,,,2.254400,1.328745,97.96000,,
2013-07-29,49212.00,135.1921,76.44292,2.266600,1.326365,98.04300,128.4700,21.84611
2013-07-30,48562.00,135.1921,76.42042,2.279400,1.326489,98.01600,128.1200,21.77002
2013-07-31,48234.00,135.2883,76.47292,2.273700,1.330141,97.83300,127.9600,21.92220
2013-08-01,49141.00,136.8519,75.79794,2.301200,1.321196,99.42000,126.6100,21.97292
2013-08-02,48474.00,137.0845,76.44359,,,,126.3600,21.88838
2013-08-04,,,,2.284000,1.327898,98.93500,,
2013-08-05,48436.00,136.8840,76.20336,2.302600,1.325750,98.23200,125.7000,21.77847
2013-08-06,47422.00,136.1063,76.22591,2.295200,1.330814,97.30800,123.9700,21.60093
2013-08-07,47447.00,135.6652,76.50368,2.304100,1.334098,96.57000,124.1500,21.45720
2013-08-08,48929.00,136.1624,76.61629,2.278500,1.338007,96.74000,126.8600,21.56711
2013-08-09,49875.00,135.7695,76.66885,,,,126.8600,21.71929
2013-08-11,,,,2.268600,1.333938,96.04400,,
2013-08-12,50299.00,135.6090,76.51873,2.284500,1.329292,97.20000,129.1300,21.98138
2013-08-13,50601.00,136.0100,75.82803,2.310700,1.326559,98.15300,127.7400,21.97292
2013-08-14,50896.00,135.3124,75.89557,2.321500,1.326418,97.85300,129.0000,22.15046
2013-08-15,50908.00,133.4198,75.47512,2.337800,1.335399,97.05500,131.6900,22.36182
2013-08-16,51539.00,132.9788,75.18233,,,,132.5800,22.37028
2013-08-18,,,,2.387500,1.332907,97.66700,,
2013-08-19,51574.00,132.1288,74.85950,2.409600,1.333387,97.57900,132.0100,22.34492
2013-08-20,50507.00,132.7783,75.26493,2.393900,1.342102,97.31000,132.4500,22.30264
2013-08-21,50405.00,131.9604,74.79194,2.447800,1.334294,97.81000,132.0700,22.27728
2013-08-22,51398.00,133.1632,74.76188,2.432500,1.335506,98.87900,132.8100,22.28574
2013-08-23,52197.00,133.6123,75.18233,,,,134.9000,22.46328
2013-08-25,,,,2.345500,1.338652,98.70500,,
2013-08-26,51429.00,133.1151,75.33244,2.376200,1.337918,98.25800,135.4500,22.59009
2013-08-27,50092.00,130.9741,75.76041,2.368400,1.339208,96.89200,136.7500,22.80991
2013-08-28,49867.00,131.4391,75.45262,2.342500,1.333493,97.72800,136.7100,22.84373
2013-08-29,49922.00,131.6477,75.52761,2.356100,1.323627,98.29200,135.8700,22.60700
2013-08-30,50008.00,131.2307,75.38501,,,,134.6200,22.53937
2013-09-01,,,,2.380700,1.320830,98.38500,,
2013-09-02,51835.00,,,2.374800,1.319000,99.57000,,
2013-09-03,51626.00,131.8241,74.95720,2.356000,1.317402,99.55400,136.4200,22.65773
2013-09-04,51716.00,132.9147,74.70908,2.357800,1.320062,99.72800,134.6600,22.46328
2013-09-05,52352.00,133.0831,74.13761,2.320400,1.311837,100.1160,132.2000,22.41255
2013-09-06,53749.00,133.1472,74.58878,,,,134.1500,22.53937
2013-09-08,,,,2.300600,1.317419,99.97700,,
2013-09-09,54252.00,134.4223,74.73914,2.273900,1.325803,99.71900,133.9100,22.39564
2013-09-10,53979.00,135.4166,74.39327,2.282300,1.326629,100.2850,131.7400,22.19274
2013-09-11,53570.00,135.8416,74.76918,2.271800,1.331558,99.83000,131.7000,22.22655
2013-09-12,53307.00,135.4807,74.77673,2.272600,1.329893,99.57800,127.6700,22.33646
2013-09-13,53798.00,135.7854,74.87447,,,,127.8200,22.26883
2013-09-15,,,,2.276700,1.335934,99.01500,,
2013-09-16,53822.00,136.5713,75.03992,2.281400,1.333796,99.07000,126.4500,21.98983
2013-09-17,54271.00,137.1808,75.19033,2.250300,1.335791,99.12800,126.5000,21.76156
2013-09-18,55703.00,138.7685,76.12265,2.182800,1.352302,98.21000,132.0100,22.23501
2013-09-19,55096.00,138.5359,75.85947,2.197300,1.353418,99.39000,131.7500,22.15046
2013-09-20,54110.00,137.5674,75.93466,,,,127.9600,21.94756
2013-09-22,,,,2.207500,1.353455,99.27700,,
2013-09-23,54602.00,136.9308,76.22045,2.195800,1.349892,98.74000,127.5500,21.78693
2013-09-24,54431.00,136.6085,76.49857,2.194700,1.347182,98.74500,127.6600,21.77847
2013-09-25,54261.00,136.2136,76.70911,2.223300,1.351698,98.43500,128.7900,21.81229
2013-09-26,53783.00,136.7374,76.54370,2.239000,1.348618,98.90500,127.7900,21.98138
2013-09-27,53739.00,136.1089,76.64898,,,,128.9700,21.87147
2013-09-29,,,,2.222700,1.349546,97.82700,,
2013-09-30,52338.00,135.3837,76.77682,2.217000,1.352521,98.40000,128.1800,21.77847
2013-10-01,53179.00,136.4554,76.60586,2.212600,1.352338,97.92600,124.5900,21.63475
2013-10-02,53100.00,136.3265,76.73387,2.189600,1.359102,97.30000,127.0600,21.84611
2013-10-03,52490.00,135.0694,76.83929,2.204900,1.362416,97.25900,127.1800,21.81229
2013-10-04,52849.00,136.0928,76.62845,,,,126.5300,21.87992
2013-10-06,,,,2.207500,1.356999,97.29000,,
2013-10-07,52417.00,134.9163,76.69623,,,,127.6400,22.03210
2013-10-08,52312.00,133.3450,76.65852,2.205100,1.359804,96.90100,127.4000,22.10819
2013-10-09,52548.00,133.4417,76.52306,2.202600,1.352027,97.47900,126.1100,21.94756
2013-10-10,52997.00,136.3184,76.35732,2.177200,1.352667,98.18500,124.2700,22.22655
2013-10-11,53150.00,137.1967,76.47031,,,,122.6000,22.10819
2013-10-13,,,,2.171000,1.355675,98.31400,,
2013-10-14,54171.00,137.7447,76.21426,2.178900,1.355859,98.65000,122.8300,22.09974
2013-10-15,54981.00,136.7455,76.22934,2.177300,1.352174,98.54400,123.7300,22.02365
2013-10-16,55973.00,138.6552,76.59835,2.178100,1.352247,98.94000,123.5400,22.19274
2013-10-17,55358.00,139.5820,77.03510,2.158500,1.366699,97.99000,127.4200,22.07438
2013-10-18,55378.00,140.5248,77.04263,,,,126.8500,22.20119
2013-10-20,,,,2.145500,1.368195,97.92700,,
2013-10-21,56077.00,140.5328,76.98994,2.170600,1.367596,98.19400,126.9800,22.15046
2013-10-22,56460.00,141.3466,77.52456,2.169600,1.377847,98.13300,129.3400,22.12510
2013-10-23,55440.00,140.6697,77.66011,2.186300,1.378094,97.42000,128.6900,21.78693
2013-10-24,54877.00,141.1371,77.50198,2.200600,1.380396,97.38500,129.9000,21.79538
2013-10-25,54154.00,141.7818,77.63752,,,,130.4600,21.86302
2013-10-28,55073.00,142.0074,77.56219,2.184400,1.380529,97.57000,130.5600,21.94756
2013-10-29,54539.00,142.7648,77.66763,2.177500,1.378930,97.62000,129.7700,21.88838
2013-10-30,54173.00,142.0557,77.46429,2.182000,1.374306,98.19400,129.6000,21.95601
2013-10-31,54256.00,141.6529,77.37395,2.181100,1.372401,98.50700,127.7400,21.77002
2013-11-01,54013.00,141.9913,76.94481,2.231800,1.357976,98.32100,126.9500,21.49948
2013-11-04,54437.00,142.4908,77.09564,2.251700,1.349400,98.69200,126.8100,21.40648
2013-11-05,53832.00,142.0396,76.74870,2.240800,1.351698,98.62700,126.5600,21.34730
2013-11-06,53385.00,142.7648,76.98251,2.277300,1.347309,98.45600,127.2000,21.36421
2013-11-07,52741.00,140.9598,77.18612,2.282500,1.351808,98.65000,126.1600,21.21203
2013-11-08,52249.00,142.8615,76.31886,2.302900,1.340914,98.17100,124.2800,21.33039
2013-11-11,52624.00,142.8857,76.28110,2.309300,1.334793,99.19900,123.8700,21.42339
2013-11-12,51804.00,142.5956,76.21323,2.327800,1.340932,99.13800,122.4500,21.27966
2013-11-13,52230.00,143.7399,76.52998,2.330400,1.343996,99.61700,122.8500,21.37266
2013-11-14,53452.00,144.4571,76.89957,2.329000,1.348963,99.21800,124.2700,21.46566
2013-11-15,,145.0856,76.83921,2.311300,1.344899,100.2400,124.3200,21.43184
2013-11-18,54307.00,144.5779,77.11074,2.315900,1.348399,100.3540,122.9000,21.28812
2013-11-19,53033.00,144.2636,76.82413,2.260400,1.350439,99.86300,122.9500,21.25430
2013-11-20,,143.8123,76.40180,2.268800,1.356742,100.1810,120.1200,21.27121
2013-11-21,52688.00,144.9728,76.46968,2.268700,1.343382,100.2070,119.9400,21.54175
2013-11-22,52801.00,145.6980,76.68836,2.302100,1.347182,101.3190,119.9200,21.60938
2013-11-25,52264.00,145.5529,76.74870,2.273800,1.355234,101.2900,120.4600,21.58402
2013-11-26,51447.00,145.5932,76.91466,2.280800,1.352759,101.3500,119.8200,21.57557
2013-11-27,51861.00,145.9478,76.74117,2.293800,1.356779,101.2340,119.4600,21.57557
2013-11-28,51847.00,,,2.327000,1.357368,102.2100,,
2013-11-29,52482.00,145.8511,76.69593,2.314900,1.360396,102.2920,120.7000,21.56711
2013-12-02,51245.00,145.4724,76.36655,2.330800,1.358511,102.4710,117.5800,21.54175
2013-12-03,50349.00,144.8439,76.50249,2.353300,1.354206,102.9330,117.9600,21.66856
2013-12-04,50216.00,144.8277,76.15504,2.373000,1.359065,102.3510,119.9600,21.71084
2013-12-05,50788.00,144.1911,75.96617,2.388000,1.358640,102.4040,118.3000,21.68547
2013-12-06,50944.00,145.8028,76.03415,2.356200,1.366998,101.7420,118.5500,21.76156
2013-12-09,51165.00,146.1734,76.12483,2.321800,1.370652,103.1310,119.7200,21.68547
2013-12-10,50993.00,145.6496,76.44211,2.317000,1.374023,103.2660,121.8200,21.75311
2013-12-11,50068.00,144.0139,76.14748,2.306000,1.376444,102.7980,120.8600,21.75311
2013-12-12,50122.00,143.5384,75.92843,2.338700,1.378607,102.5080,118.2900,21.55021
2013-12-13,50051.00,143.5222,76.04171,2.332000,1.375081,103.5400,119.3800,21.46566
2013-12-16,50280.00,144.4167,76.00396,2.325000,1.373928,103.2700,119.6900,21.53330
2013-12-17,50090.00,143.9574,76.24568,2.322900,1.376292,103.0270,118.6500,21.43184
2013-12-18,50563.00,146.4151,75.95862,2.316400,1.377126,102.6240,117.6100,21.47411
2013-12-19,50819.00,146.2460,75.64134,2.328900,1.368495,104.2130,114.8200,21.52484
2013-12-20,51186.00,147.0967,75.87553,2.354500,1.365579,104.2760,115.9400,21.69393
2013-12-23,51356.00,147.8825,75.63376,2.382700,1.367839,104.0300,115.5700,21.69393
2013-12-24,,148.2066,75.33920,2.354000,1.369994,104.1760,116.1000,21.76156
2013-12-25,,,,2.355200,1.368195,104.3000,,
2013-12-26,51221.00,148.9600,75.27412,2.354500,1.366848,104.5240,116.7400,21.79538
2013-12-27,51267.00,148.9519,75.22865,2.352300,1.369619,104.8790,117.1200,21.85456
2013-12-30,51507.00,148.9276,75.43303,2.333500,1.375024,105.3200,115.3900,21.72775
2013-12-31,,149.6325,75.09245,2.359300,1.381006,104.9340,116.1200,21.69393
2014-01-01,,,,2.359200,1.374495,105.3000,,
2014-01-02,50341.00,148.1985,75.38760,2.357100,1.376671,105.3240,118.0000,21.38112
2014-01-03,50981.00,148.1741,75.34222,2.384700,1.366662,104.8330,119.2900,21.24584
2014-01-06,50974.00,147.7448,75.55406,2.371500,1.359601,104.9120,119.5000,21.27121
2014-01-07,50430.00,148.6522,75.67514,2.373700,1.363196,104.2100,118.8200,21.25430
2014-01-08,50577.00,148.6846,75.30437,2.368700,1.361637,104.7120,118.1200,21.05140
2014-01-09,49322.00,148.7818,75.50108,2.392000,1.357202,104.8440,118.4600,20.88231
2014-01-10,49696.00,149.1869,76.13665,2.388000,1.360711,104.8300,120.2600,21.01758
2014-01-13,49427.00,147.2020,76.35616,2.353500,1.367185,103.9490,121.0200,21.00912
2014-01-14,49703.00,148.8061,76.06862,2.356800,1.366998,103.1160,119.8900,21.00912
2014-01-15,50105.00,149.6082,76.00053,2.351600,1.366848,104.1790,119.6600,21.06831
2014-01-16,49696.00,149.4138,76.21239,2.355500,1.359934,104.5710,119.7900,21.03449
2014-01-17,49182.00,148.7818,76.39393,2.360600,1.361804,104.2950,120.9300,21.05985
2014-01-20,48708.00,,,2.347500,1.352759,104.2380,,
2014-01-21,48542.00,149.2193,76.31073,2.340500,1.354903,104.2250,119.7000,21.11058
2014-01-22,49300.00,149.3166,76.09885,2.357800,1.355914,104.2230,119.1900,21.21203
2014-01-23,48321.00,148.0931,76.61342,2.369600,1.354224,104.6350,121.7900,21.19512
2014-01-24,47787.00,144.9335,76.92365,2.390900,1.368907,103.3700,122.2900,21.20357
2014-01-27,47701.00,144.2205,76.68907,2.393200,1.368794,102.0500,120.9600,21.05985
2014-01-28,47841.00,145.0793,76.80261,2.418400,1.367465,102.6610,120.9500,21.16130
2014-01-29,47557.00,143.6858,77.16579,2.423400,1.365505,103.2310,122.4700,21.14439
2014-01-30,47244.00,145.2089,77.09012,2.432400,1.365859,102.3000,119.7700,21.05985
2014-01-31,47639.00,144.3582,77.39275,2.408800,1.355877,102.7580,120.0900,21.03449
2014-02-03,46148.00,141.1094,77.81347,2.422300,1.348818,102.1920,121.3200,21.03449
2014-02-04,46964.00,142.0978,77.57851,2.437200,1.352503,101.1420,120.9900,21.19512
2014-02-05,46624.00,141.9195,77.29803,2.406400,1.351589,101.6890,121.2900,21.23739
2014-02-06,47738.00,143.7911,77.15402,2.395500,1.353510,101.4660,121.2400,21.32194
2014-02-07,48074.00,145.5734,77.35872,2.379500,1.359213,102.0390,122.1700,21.56711
2014-02-10,47711.00,145.8408,77.39652,2.375200,1.361934,102.5240,122.9200,21.44875
2014-02-11,48463.00,147.4369,77.05548,2.406200,1.364610,102.1330,124.3600,21.55866
2014-02-12,48217.00,147.5098,76.87356,2.401400,1.363903,102.5200,124.4300,21.60093
2014-02-13,47813.00,148.2713,77.23739,2.417000,1.359010,102.4690,125.4900,21.71929
2014-02-14,48201.00,149.0897,77.18436,2.391000,1.367877,102.1880,127.1500,21.79538
2014-02-17,47576.00,,,2.384100,1.369994,101.5640,,
2014-02-18,46600.00,149.2679,77.37385,2.381800,1.370445,102.0620,127.4000,22.10819
2014-02-19,47151.00,148.2795,77.22228,2.386100,1.376197,102.3320,126.2700,22.16737
2014-02-20,47289.00,149.1545,77.13884,2.389000,1.373042,102.3110,127.6000,22.20965
2014-02-21,47380.00,148.9843,77.23739,2.369600,1.372119,102.3120,127.5800,22.15046
2014-02-24,47393.00,149.8108,77.16164,2.340600,1.373796,102.5130,128.9900,22.24346
2014-02-25,46716.00,149.7540,77.42688,2.336300,1.373608,102.4820,129.2100,22.14201
2014-02-26,46599.00,149.7621,77.65431,2.338800,1.374608,102.1500,128.1100,22.08283
2014-02-27,47607.00,150.5480,77.74520,2.348000,1.368195,102.2990,128.2000,22.01520
2014-02-28,47094.00,150.9287,77.66946,2.319000,1.370746,102.1100,127.6200,22.09128
2014-03-03,,149.8674,78.05360,2.333400,1.377695,101.3050,130.2900,22.39564
2014-03-04,,151.9739,77.45385,2.341100,1.373702,101.4120,128.6800,22.31110
2014-03-05,46589.00,152.1116,77.53733,2.337800,1.374117,102.1780,128.8900,22.12510
2014-03-06,47093.00,152.4600,77.20332,2.317300,1.373419,102.3670,130.1700,22.32801
2014-03-07,46244.00,152.5249,76.86924,2.320000,1.386309,103.0320,129.0900,22.22655
2014-03-10,45533.00,152.4438,76.95275,2.335600,1.387867,103.1900,129.1300,22.04056
2014-03-11,45698.00,151.6904,77.02870,2.343200,1.387887,103.2360,129.8600,22.04902
2014-03-12,45862.00,151.7309,77.33237,2.359400,1.385809,102.8400,131.7600,21.98983
2014-03-13,45444.00,150.0294,77.78787,2.352300,1.390453,102.7830,132.2100,21.88838
2014-03-14,44966.00,149.6082,77.79546,2.361100,1.386539,101.7800,133.1000,22.00674
2014-03-17,45118.00,150.9612,77.48419,2.340500,1.391304,101.3300,131.6400,21.76156
2014-03-18,46150.00,152.0387,77.67402,2.346100,1.392661,101.8590,130.6200,21.87147
2014-03-19,46567.00,151.2286,76.95275,2.329400,1.393088,101.4400,128.0900,21.86302
2014-03-20,47278.00,152.1116,76.96796,2.344600,1.381922,102.4680,127.8600,21.76156
2014-03-21,47381.00,151.5217,77.11221,2.323300,1.378208,102.4070,128.4700,21.77847
2014-03-24,47993.00,150.8951,77.14259,2.319800,1.379558,102.2410,126.1800,21.77002
2014-03-25,48180.00,151.6112,77.09702,2.318600,1.383892,102.2070,126.4100,21.91375
2014-03-26,47966.00,150.5207,77.42342,2.309100,1.381903,102.2850,125.4100,21.89683
2014-03-27,49647.00,150.2034,77.49940,2.292900,1.378208,101.9030,124.5900,22.09128
2014-03-28,49768.00,150.9439,77.22607,2.256200,1.374136,102.1470,124.5600,22.09974
2014-03-30,,,,2.256100,1.375213,102.8890,,
2014-03-31,50415.00,152.1809,77.23369,2.269300,1.377505,103.2140,123.6100,22.08283
2014-04-01,50270.00,153.1899,77.07394,2.258300,1.379482,103.6330,123.3900,21.81229
2014-04-02,51701.00,153.7025,76.73927,2.265000,1.376823,103.8670,124.3200,21.76156
2014-04-03,51408.00,153.4991,76.79250,2.276500,1.372382,103.8960,123.9200,21.93910
2014-04-04,51082.00,151.6844,77.26411,,,,125.5700,22.04056
2014-04-06,,,,2.230800,1.370407,103.3200,,
2014-04-07,52155.00,150.0081,77.44661,2.214300,1.374306,103.0690,124.9100,21.98983
2014-04-08,51629.00,150.6265,77.55318,2.198900,1.379329,101.9550,126.0900,22.24346
2014-04-09,51185.00,152.2460,77.53028,2.181300,1.385502,102.1070,126.3200,22.30264
2014-04-10,51127.00,149.0479,77.85736,2.203900,1.388638,101.3800,127.0100,22.31110
2014-04-11,51867.00,147.7051,78.01711,,,,126.9300,22.20965
2014-04-13,,,,2.213900,1.384620,101.4420,,
2014-04-14,51596.00,148.8688,77.89542,2.212300,1.381712,101.9040,127.8500,22.41255
2014-04-15,50454.00,149.8942,77.98667,2.233600,1.381196,101.8770,125.4900,22.42946
2014-04-16,51201.00,151.4647,77.86496,2.238200,1.382705,102.2010,125.5400,22.47173
2014-04-17,52112.00,151.6763,77.42381,2.228200,1.381216,102.4430,124.7500,22.52246
2014-04-20,,,,2.228200,1.381521,102.5600,,
2014-04-21,,152.2053,77.40861,2.228200,1.379501,102.6700,124.2400,22.44637
2014-04-22,51977.00,152.8969,77.37820,2.237000,1.381006,102.6210,123.7800,22.43792
2014-04-23,51570.00,152.5388,77.57591,2.217900,1.381922,102.4800,123.7600,22.42101
2014-04-24,51817.00,152.8481,77.55318,2.209000,1.383202,102.3020,124.5600,22.55627
2014-04-25,51399.00,151.5948,77.65963,,,,125.4300,22.46328
2014-04-27,,,,2.238800,1.384064,102.1050,,
2014-04-28,51384.00,152.0750,77.54551,2.220300,1.385291,102.5160,124.8800,22.38719
2014-04-29,51839.00,152.7830,77.61398,2.233200,1.381368,102.5640,124.8600,22.44637
2014-04-30,51626.00,153.2387,77.81933,2.228000,1.386924,102.2200,124.2200,22.32801
2014-05-01,,153.2550,78.04339,2.230700,1.387097,102.2660,123.8000,22.15892
2014-05-02,52980.00,153.0352,78.15769,,,,125.0600,22.21810
2014-05-04,,,,2.215000,1.387270,102.2000,,
2014-05-05,53446.00,153.3283,78.11198,2.242300,1.387598,102.1400,126.2200,22.16737
2014-05-06,53780.00,151.9936,78.20342,2.227000,1.393068,101.6930,125.9800,22.18428
2014-05-07,54053.00,152.8888,78.26439,2.214000,1.391169,101.8720,124.1700,22.24346
2014-05-08,53422.00,152.7260,78.34819,2.213000,1.384428,101.5930,124.1700,22.17583
2014-05-09,53100.00,152.9539,78.28725,,,,124.1000,22.06592
2014-05-11,,,,2.207500,1.376065,101.9000,,
2014-05-12,54053.00,154.4431,78.08150,2.209900,1.375667,102.1850,124.9400,22.11665
2014-05-13,53907.00,154.5814,78.38632,2.211600,1.370952,102.2320,124.6000,22.21810
2014-05-14,54413.00,153.8490,78.74452,2.199700,1.372006,101.8150,125.8100,22.31955
2014-05-15,53856.00,152.4982,79.02646,2.215600,1.371648,101.4990,124.7700,22.18428
2014-05-16,53976.00,153.0271,78.85880,,,,124.5000,22.20965
2014-05-18,,,,2.210300,1.370332,101.5420,,
2014-05-19,53353.00,153.5886,78.75975,2.202900,1.371385,101.5000,124.5800,22.19274
2014-05-20,52366.00,152.6203,78.98840,2.212800,1.370407,101.2620,124.6900,22.23501
2014-05-21,52203.00,153.9060,78.86643,2.205100,1.368176,101.4200,124.3900,22.27728
2014-05-22,52806.00,154.2803,78.78255,2.210800,1.365449,101.7650,124.6700,22.29419
2014-05-23,52626.00,154.8988,78.94267,,,,124.5100,22.34492
2014-05-25,,,,2.219000,1.362881,101.9620,,
2014-05-26,52932.00,,,2.221100,1.365132,101.8940,,
2014-05-27,52172.00,155.8509,78.96551,2.232800,1.363698,101.9770,121.8500,22.15892
2014-05-28,52640.00,155.7370,79.39990,2.227600,1.359342,101.7300,121.2000,22.16737
2014-05-29,52239.00,156.5425,79.30084,2.223600,1.360452,101.7200,120.9400,22.17583
2014-05-30,51239.00,156.7948,79.23981,,,,120.4300,22.00674
2014-06-01,,,,2.236800,1.362806,101.8760,,
2014-06-02,51606.00,156.9739,78.87724,2.273800,1.359897,102.4200,119.7000,21.98138
2014-06-03,52032.00,156.8925,78.48029,2.276600,1.362101,102.5400,120.0100,21.96447
2014-06-04,51833.00,157.2099,78.41920,2.275400,1.360415,102.6810,119.7600,21.90529
2014-06-05,51559.00,158.2351,78.53377,2.256300,1.366195,102.4230,120.6600,21.93065
2014-06-06,53129.00,158.9920,78.47267,,,,120.6100,22.02365
2014-06-08,,,,2.242800,1.364294,102.4800,,
2014-06-09,54273.00,159.1547,78.35817,2.226200,1.359268,102.4800,120.6500,22.11665
2014-06-10,54604.00,159.1710,78.22076,2.219100,1.354096,102.3140,121.3900,22.05747
2014-06-11,55102.00,158.6176,78.32759,2.230400,1.353711,102.0000,121.4100,21.99829
2014-06-12,,157.4947,78.63296,2.227000,1.355454,101.7000,122.6400,22.31110
2014-06-13,54807.00,157.9747,78.48029,,,,122.9600,22.31110
2014-06-15,,,,2.219600,1.353803,101.9670,,
2014-06-16,54630.00,158.1050,78.48029,2.229800,1.357718,101.8700,122.4200,22.37873
2014-06-17,54300.00,158.5444,78.15205,2.258800,1.354793,102.1740,122.2800,22.40409
2014-06-18,55203.00,159.7080,78.56429,2.219700,1.359065,101.8900,122.6700,22.49709
2014-06-19,,159.8871,78.36582,2.219500,1.361137,101.9300,126.9400,22.71691
2014-06-20,54638.00,160.2117,78.45741,,,,126.5000,22.75918
2014-06-22,,,,2.226800,1.359305,102.0660,,
2014-06-23,54210.00,160.1626,78.40395,2.213000,1.360193,101.8700,126.8500,22.67464
2014-06-24,54281.00,159.1978,78.72456,2.221600,1.360581,101.9100,126.9800,22.70846
2014-06-25,53426.00,159.9174,78.80092,2.204800,1.362899,101.8000,126.9900,22.74227
2014-06-26,53506.00,159.8029,79.00697,2.193900,1.361304,101.6370,126.7300,22.64927
2014-06-27,53157.00,160.1136,79.00697,,,,126.6600,22.60700
2014-06-29,,,,2.191800,1.364443,101.4430,,
2014-06-30,53168.00,160.0318,79.06805,2.211700,1.369357,101.2900,128.0400,22.47173
2014-07-01,53171.00,161.1029,78.80962,2.198100,1.368083,101.5400,127.7000,22.40409
2014-07-02,53029.00,161.2665,78.48838,2.222300,1.365300,101.8300,127.7000,22.36182
2014-07-03,53875.00,162.0596,78.32777,2.206800,1.361007,102.1800,127.1600,22.31955
2014-07-04,54055.00,,,,,,,
2014-07-06,,,,2.209800,1.358843,102.1100,,
2014-07-07,53802.00,161.4955,78.51897,2.222500,1.360618,101.8000,127.0200,22.14201
2014-07-08,53635.00,160.4570,78.87845,2.209400,1.361711,101.4600,127.0700,22.08283
2014-07-09,,161.1766,78.89373,2.207400,1.364294,101.5350,127.8400,21.93065
2014-07-10,54593.00,160.5388,79.06197,2.218600,1.360507,101.2830,128.5400,21.96447
2014-07-11,54786.00,160.7595,79.19202,,,,128.7800,21.77002
2014-07-13,,,,2.217500,1.360378,101.3700,,
2014-07-14,55744.00,161.5690,79.01610,2.207300,1.362175,101.5200,125.7200,21.85456
2014-07-15,55974.00,161.2665,78.94725,2.215800,1.357202,101.6600,124.5300,21.65166
2014-07-16,55717.00,161.8634,79.06197,2.220700,1.352997,101.6300,124.9700,21.68547
2014-07-17,55638.00,160.0237,79.52083,2.255400,1.351881,101.2300,127.0900,21.73620
2014-07-18,57013.00,161.6589,79.36022,,,,126.1300,21.59248
2014-07-20,,,,2.222300,1.353217,101.3400,,
2014-07-21,57634.00,161.3564,79.38316,2.218200,1.352704,101.4000,126.3400,21.69393
2014-07-22,57983.00,162.0596,79.48257,2.208300,1.346801,101.4700,125.7400,21.60093
2014-07-23,57420.00,162.4194,79.47489,2.215900,1.346294,101.5200,125.6200,21.66011
2014-07-24,57978.00,162.4276,79.15376,2.215300,1.346475,101.7600,124.3500,21.63475
2014-07-25,57821.00,161.6672,79.45959,,,,125.7900,21.71929
2014-07-27,,,,2.222100,1.342895,101.7490,,
2014-07-28,57696.00,161.7325,79.36790,2.219300,1.343905,101.8100,125.5800,21.67702
2014-07-29,57119.00,161.0376,79.47489,2.227000,1.341112,102.0760,125.2000,21.60938
2014-07-30,56878.00,161.0621,78.91666,2.243700,1.339603,102.8400,124.8300,21.51639
2014-07-31,55829.00,157.8813,78.89373,2.260300,1.338993,102.7730,123.3900,21.40648
2014-08-01,55903.00,157.3989,79.35808,,,,124.3800,21.23739
2014-08-03,,,,2.252300,1.342895,102.5630,,
2014-08-04,56616.00,158.5355,79.40403,2.254000,1.342210,102.5420,123.9900,21.39803
2014-08-05,56202.00,156.9983,79.44228,2.276300,1.337238,102.5890,123.8700,21.29657
2014-08-06,56487.00,157.0473,79.51128,2.270700,1.338294,102.1130,125.6700,21.43184
2014-08-07,56188.00,156.1970,79.87144,2.294100,1.335827,102.1290,126.1800,21.47411
2014-08-08,55573.00,158.0040,79.80246,,,,126.1900,21.37266
2014-08-10,,,,2.279000,1.340518,102.1550,,
2014-08-11,56613.00,158.4619,79.76414,2.272400,1.338491,102.2050,125.9600,21.40648
2014-08-12,56442.00,158.2411,79.64922,2.274900,1.336612,102.2820,125.9900,21.27121
2014-08-13,55581.00,159.3123,79.90975,2.278500,1.336791,102.4080,126.2000,21.25430
2014-08-14,55780.00,160.0646,80.07064,2.263900,1.336398,102.4960,126.3100,21.00067
2014-08-15,56964.00,160.0318,80.39248,,,,125.4800,21.08521
2014-08-17,,,,2.245600,1.339047,102.4100,,
2014-08-18,57561.00,161.3728,80.13960,2.255200,1.336112,102.6100,124.9600,20.90767
2014-08-19,58449.00,162.2150,80.05531,2.243500,1.332197,102.9100,124.6800,20.94994
2014-08-20,58878.00,162.6483,79.81773,2.257300,1.326049,103.7010,124.2200,21.00912
2014-08-21,58992.00,163.1226,79.98637,2.266800,1.327933,103.8490,122.8800,21.05985
2014-08-22,58407.00,162.8691,79.99401,,,,123.1900,21.02603
2014-08-24,,,,2.272900,1.319871,104.2010,,
2014-08-25,59735.00,163.6949,80.05531,2.282900,1.318896,104.0700,122.7400,21.05985
2014-08-26,59821.00,163.8012,80.03999,2.258600,1.317020,104.0900,123.3500,21.06831
2014-08-27,60951.00,163.7358,80.26218,2.243600,1.319087,103.8780,123.3200,21.10212
2014-08-28,60291.00,163.6459,80.36950,2.237200,1.318496,103.6960,124.0000,21.11903
2014-08-29,61288.00,164.1120,80.37714,,,,123.8600,21.16130
2014-08-31,,,,2.231600,1.312784,104.1680,,
2014-09-01,61141.00,,,2.243100,1.313198,104.3400,,
2014-09-02,61896.00,164.0302,79.86362,2.239800,1.313198,105.2370,121.6500,20.85695
2014-09-03,61837.00,163.9402,79.97881,2.234000,1.315097,104.8710,122.1500,20.94149
2014-09-04,60800.00,163.7031,79.69478,2.239300,1.293276,105.5820,121.4800,20.85695
2014-09-05,60681.00,164.4390,79.71778,,,,122.0600,20.82313
2014-09-07,,,,2.237800,1.295337,105.1800,,
2014-09-08,59193.00,164.0138,79.63336,2.265000,1.289108,106.1600,120.7300,20.72168
2014-09-09,58676.00,162.9754,79.44918,2.283200,1.294197,106.1230,120.8700,20.55259
2014-09-10,58199.00,163.5887,79.24957,2.285200,1.291706,106.8260,120.2600,20.40886
2014-09-11,58337.00,163.7767,79.14983,2.294900,1.292357,107.1050,119.4700,20.30741
2014-09-12,56928.00,162.8200,78.85044,,,,118.3800,20.14678
2014-09-14,,,,2.271900,1.296008,107.3300,,
2014-09-15,57949.00,162.6974,78.99632,2.339500,1.293979,107.1380,118.6400,20.17214
2014-09-16,59115.00,163.9238,78.97328,2.333700,1.295908,107.1500,118.8300,20.35814
2014-09-17,59108.00,164.1446,78.77370,2.355300,1.285000,108.5160,117.5400,20.27359
2014-09-18,58374.00,165.0196,78.71996,2.363200,1.292006,108.8000,117.7800,20.07914
2014-09-19,57789.00,164.8709,79.01934,,,,117.0900,20.01996
2014-09-21,,,,2.365000,1.284142,108.9400,,
2014-09-22,56818.00,163.5975,79.18816,2.395700,1.285149,108.7500,116.8500,19.85087
2014-09-23,56541.00,162.6611,79.35709,2.409700,1.285397,108.5420,117.6000,19.85087
2014-09-24,56824.00,163.9344,79.13446,2.379400,1.277808,109.3160,117.0500,19.93542
2014-09-25,55962.00,161.2892,79.51824,2.425200,1.275705,108.6100,117.3900,19.89315
2014-09-26,57212.00,162.5707,79.34940,,,,117.0600,19.85933
2014-09-28,,,,2.419800,1.267315,109.4110,,
2014-09-29,54625.00,162.2750,79.60267,2.443500,1.269084,109.3900,117.0300,19.97769
2014-09-30,54116.00,161.8478,79.53360,2.435900,1.262834,109.6600,116.2100,19.63106
2014-10-01,52858.00,159.6545,80.20178,2.481700,1.262419,109.0200,116.7700,19.56343
2014-10-02,53519.00,159.6791,79.96343,2.492100,1.267058,108.5230,116.7400,19.48734
2014-10-03,54540.00,161.4371,79.94037,,,,114.6100,19.30134
2014-10-05,,,,2.454900,1.251361,109.8020,,
2014-10-06,57116.00,161.2481,80.07108,2.425300,1.264606,108.8680,116.0300,19.54652
2014-10-07,57436.00,158.7590,80.54016,2.393200,1.266801,108.0720,116.3600,19.47043
2014-10-08,57058.00,161.5356,80.82462,2.374000,1.274307,108.1270,117.4700,19.39434
2014-10-09,57268.00,158.3319,80.68626,2.394900,1.268907,107.8300,117.6400,19.16607
2014-10-10,55312.00,156.5246,81.00151,,,,117.5900,19.09843
2014-10-12,,,,2.386000,1.263983,107.3380,,
2014-10-13,57957.00,153.9534,81.42444,2.390500,1.272394,107.0630,118.5200,19.09843
2014-10-14,58015.00,154.1916,81.58595,2.396100,1.263903,107.3140,118.5900,18.81099
2014-10-15,56135.00,153.1483,82.04726,2.452400,1.282166,105.9800,118.9900,18.57426
2014-10-16,54298.00,153.0169,81.82429,2.465900,1.280442,106.4050,119.2200,18.76026
2014-10-17,55724.00,154.8241,81.58595,,,,118.9900,18.82790
2014-10-19,,,,2.430700,1.274957,107.1440,,
2014-10-20,54303.00,156.3275,81.70126,2.462200,1.279525,106.9100,119.8000,18.69263
2014-10-21,52432.00,159.4245,81.47825,2.478000,1.271472,107.0210,120.0200,18.84481
2014-10-22,52411.00,158.2908,81.45522,2.484300,1.264143,107.1480,119.3400,18.63344
2014-10-23,50713.00,160.1309,81.11682,2.495700,1.265406,108.1610,118.5200,18.85326
2014-10-24,51941.00,161.3631,81.18609,,,,118.3500,18.73490
2014-10-27,50504.00,161.1414,81.27068,2.468900,1.267668,108.2020,118.0600,18.68417
2014-10-28,52330.00,162.9897,81.07072,2.519600,1.270148,107.8430,118.1000,18.83635
2014-10-29,51049.00,162.7432,80.80160,2.458200,1.273837,108.1120,116.4100,19.05617
2014-10-30,52337.00,163.7865,80.88617,2.457800,1.263280,108.8460,115.1900,18.89553
2014-10-31,54629.00,165.6595,80.75549,2.401600,1.261336,109.2130,112.6600,18.87017
2014-11-03,53947.00,165.7498,80.72541,2.413500,1.250313,112.8410,112.1500,18.70108
2014-11-04,54384.00,165.1747,80.71771,2.492300,1.249594,113.6480,112.2200,18.43054
2014-11-05,53698.00,166.2180,80.74080,2.493900,1.255256,113.4800,109.7900,18.48127
2014-11-06,52637.00,166.8835,80.49432,2.501300,1.248003,114.6550,109.8800,18.49817
2014-11-07,53223.00,167.0396,81.01043,2.566600,1.238007,115.1760,112.9700,18.58272
2014-11-10,52725.00,167.5653,80.67921,2.548900,1.246137,114.5330,110.4600,18.40518
2014-11-11,52474.00,167.7296,80.68686,2.549400,1.242993,114.7530,112.0400,18.49817
2014-11-12,52979.00,167.5489,80.65611,2.554400,1.247583,115.7210,111.5000,18.43899
2014-11-13,51846.00,167.7378,80.78701,2.563100,1.242993,115.5700,111.6700,18.10082
2014-11-14,51772.00,167.7789,80.95647,2.585900,1.247598,115.8240,114.4700,18.29527
2014-11-17,51257.00,167.8857,80.86409,2.596800,1.251846,116.8960,114.0500,18.21918
2014-11-18,52062.00,168.8551,80.95647,2.604700,1.244896,116.6460,115.0500,18.12618
2014-11-19,53403.00,168.5840,80.74080,2.579100,1.253337,116.8690,113.6800,18.03318
2014-11-20,,168.8797,80.88719,2.568900,1.254076,118.1480,114.8600,18.18537
2014-11-21,56084.00,169.7832,81.04890,2.569700,1.254501,118.2360,115.3900,18.37981
2014-11-24,55407.00,170.2597,81.14136,2.512000,1.237501,117.7440,115.1100,18.21918
2014-11-25,55561.00,170.1365,81.34167,2.542500,1.243317,118.4540,115.3800,18.13464
2014-11-26,55098.00,170.5719,81.48030,2.527100,1.248065,117.8010,115.1600,18.09236
2014-11-27,54721.00,,,2.497900,1.250594,117.6300,,
2014-11-28,54664.00,170.2104,81.79610,2.527200,1.246199,117.8400,112.1100,17.26384
2014-12-01,52276.00,169.0275,81.59547,2.531500,1.243828,118.8640,116.5800,17.61892
2014-12-02,51612.00,170.1201,81.23286,2.557000,1.247007,118.3080,115.1400,17.24693
2014-12-03,52320.00,170.7773,81.26369,2.564900,1.238850,119.1940,116.3300,17.14548
2014-12-04,51427.00,170.5883,81.54923,2.549100,1.231664,119.8610,115.8800,17.09475
2014-12-05,51992.00,170.8677,81.09396,2.588300,1.238666,119.8120,114.4300,17.05248
2014-12-08,50274.00,169.7258,81.36401,2.586100,1.229407,121.5610,115.7800,16.75657
2014-12-09,50193.00,169.6108,81.66494,2.596600,1.231512,120.6500,118.1900,16.87493
2014-12-10,49548.00,166.8917,82.03529,2.589500,1.239495,119.3420,117.9600,16.61285
2014-12-11,49861.00,167.7378,81.89647,2.613100,1.247396,117.7090,117.6900,16.46067
2014-12-12,48002.00,165.0269,82.56771,2.646700,1.239495,119.0070,117.4100,16.32540
2014-12-15,47019.00,163.8933,82.26676,2.649600,1.246354,118.1650,114.3900,16.06331
2014-12-16,47008.00,162.5789,82.68346,2.692100,1.244354,117.7410,114.9500,15.97032
2014-12-17,48714.00,165.7663,82.11242,2.735200,1.251204,116.6130,114.2700,16.06331
2014-12-18,48496.00,169.8655,81.64950,2.712000,1.233898,118.7960,115.1500,16.01259
2014-12-19,49651.00,170.5882,81.95039,2.659300,1.229045,118.9380,114.7700,16.24931
2014-12-22,50121.00,171.3729,81.95039,2.656500,1.222599,119.4970,112.5500,15.95341
2014-12-23,50890.00,171.6042,81.27144,2.662400,1.222374,120.1500,112.7400,16.11404
2014-12-24,,171.6208,81.33014,2.691200,1.217493,120.6900,112.7700,15.90268
2014-12-25,,,,2.691200,1.219854,120.4590,,
2014-12-26,50145.00,172.1742,81.43832,2.695200,1.221001,120.3700,114.8300,15.88577
2014-12-29,50594.00,172.4054,81.71652,2.692700,1.216945,120.4240,113.6700,15.73359
2014-12-30,50007.00,171.4803,81.80923,2.699300,1.215347,120.6320,115.2000,15.71668
2014-12-31,,169.7787,81.90202,2.654100,1.216205,119.4580,113.5800,15.59833
2015-01-01,,,,2.654200,1.209863,119.6730,,
2015-01-02,48512.00,169.6879,82.31920,2.653200,1.208941,119.8700,114.0800,15.41233
2015-01-05,47517.00,166.6233,82.82152,2.691200,1.194643,120.4340,115.8000,15.19251
2015-01-06,48001.00,165.0539,83.37790,2.703100,1.193902,119.4250,117.1200,15.04879
2015-01-07,49463.00,167.1107,83.36243,2.696600,1.187536,118.6730,116.4300,14.95579
2015-01-08,49943.00,170.0761,83.02248,2.680800,1.183600,119.2890,115.9400,15.01497
2015-01-09,48840.00,168.7131,83.43201,2.659700,1.179607,119.7920,117.2600,14.98961
2015-01-12,48140.00,167.3915,83.72565,2.626400,1.187070,118.2120,118.5600,14.65989
2015-01-13,48042.00,166.9207,83.80289,2.670200,1.183152,118.3280,118.1600,14.60071
2015-01-14,47646.00,165.9130,84.18927,2.639600,1.177829,117.7950,117.9700,14.76134
2015-01-15,48026.00,164.3931,84.90792,2.612100,1.178592,117.3900,120.9400,14.55843
2015-01-16,49017.00,166.5490,84.28201,2.638700,1.163738,116.1300,122.5200,14.83743
2015-01-19,47758.00,,,2.616900,1.156604,117.5600,,
2015-01-20,47877.00,166.9042,84.47513,2.648100,1.159797,117.7120,124.2000,14.63452
2015-01-21,49224.00,167.7467,84.07337,2.611000,1.154694,118.6490,124.2300,14.72752
2015-01-22,49443.00,170.2412,83.86469,2.597100,1.161535,117.8600,125.2300,14.71061
2015-01-23,48775.00,169.3079,84.41338,2.570700,1.134675,118.7510,124.2300,14.61762
2015-01-26,48577.00,169.7044,84.22012,2.577800,1.112545,117.3610,122.9900,14.56689
2015-01-27,48591.00,167.4659,84.33609,2.579900,1.124771,118.5200,124.4000,14.64298
2015-01-28,47695.00,165.3183,84.98515,2.569300,1.136738,117.7750,123.4200,14.43162
2015-01-29,47762.00,166.8463,84.68382,2.573100,1.128146,117.5920,120.7600,14.36398
2015-01-30,46908.00,164.7483,85.42561,2.600200,1.133556,118.2480,123.4500,14.71061
2015-02-02,47651.00,166.7885,85.31879,2.678800,1.130902,117.1840,122.4200,14.91352
2015-02-03,48964.00,169.2005,84.59899,2.723600,1.134173,117.5750,121.0500,15.32778
2015-02-04,49301.00,168.5562,84.73833,2.691100,1.145738,117.6460,121.5800,14.98961
2015-02-05,49234.00,170.2578,84.42874,2.738300,1.131875,117.2880,121.7900,15.19251
2015-02-06,48792.00,169.7870,83.48443,2.741600,1.147197,117.5350,118.6400,15.23479
2015-02-09,49383.00,169.0271,83.44576,2.779600,1.131439,118.9700,119.1700,15.38697
2015-02-10,48510.00,170.8278,83.23676,2.766300,1.132695,118.5630,118.4700,15.19251
2015-02-11,48240.00,170.9269,83.20577,2.831100,1.132195,119.3580,117.0700,15.07415
2015-02-12,49533.00,172.5706,83.23676,2.865500,1.131196,120.1700,117.3400,15.30242
2015-02-13,50636.00,173.2810,82.95811,2.817000,1.140394,118.9160,117.9800,15.47151
2015-02-16,,,,2.830900,1.140004,118.5700,,
2015-02-17,,173.5536,82.36987,2.826000,1.133401,118.4920,116.0100,15.47996
2015-02-18,51280.00,173.5701,82.76457,2.825700,1.140472,119.2080,116.3400,15.29397
2015-02-19,51294.00,173.4462,82.55565,2.834000,1.140004,118.6890,115.9400,15.24324
2015-02-20,51238.00,174.4870,82.50916,2.863300,1.136674,118.9880,115.2800,15.18406
2015-02-23,51281.00,174.4622,82.88843,2.864100,1.138148,119.0760,115.4300,15.08261
2015-02-24,51874.00,174.9578,83.43795,2.874700,1.133299,118.9030,115.2600,15.09106
2015-02-25,51811.00,174.8091,83.51539,2.857000,1.133903,118.8920,115.7000,15.31933
2015-02-26,51761.00,174.6027,83.02000,2.868800,1.136364,118.8220,116.0700,15.19251
2015-02-27,51583.00,174.0079,83.31413,2.905000,1.120536,119.3770,116.1600,15.36160
2015-03-02,51021.00,175.1064,82.69398,2.836800,1.116196,119.8260,115.6800,15.14179
2015-03-03,51304.00,174.3878,82.51568,2.892700,1.117905,120.2040,115.4700,15.23479
2015-03-04,50468.00,173.6527,82.57767,2.927900,1.118218,119.6370,115.1100,15.09952
2015-03-05,50365.00,173.8427,82.62421,2.971400,1.108205,119.6510,115.0000,15.04033
2015-03-06,49981.00,171.3977,81.77915,3.000100,1.103205,120.0450,111.8600,14.85434
2015-03-09,49181.00,172.1081,82.15906,3.057000,1.084599,120.7390,111.9700,14.81207
2015-03-10,48293.00,169.3161,82.50788,3.122700,1.083341,121.4080,111.4200,14.61762
2015-03-11,48906.00,168.9196,82.65521,3.101600,1.070870,121.0380,110.7500,14.69370
2015-03-12,48880.00,171.0673,82.73267,3.126900,1.054875,121.4110,110.7200,14.62607
2015-03-13,48596.00,170.0182,82.60869,3.163100,1.062631,121.3180,110.8800,14.33017
2015-03-16,48848.00,172.2898,82.89549,3.245000,1.048163,121.3430,110.8100,14.31326
2015-03-17,50285.00,171.7777,83.06609,3.242800,1.057295,121.3670,110.2100,14.21180
2015-03-18,51526.00,173.8427,84.01962,3.246200,1.059805,121.2800,112.3700,14.60071
2015-03-19,50954.00,173.0497,83.62424,3.218100,1.084999,120.0640,112.2900,14.35553
2015-03-20,51967.00,174.5772,83.96530,3.290400,1.066894,120.7620,113.5700,14.54998
2015-03-23,51908.00,174.2371,84.07393,3.224600,1.082661,120.0270,114.2900,14.71907
2015-03-24,51506.00,173.2580,84.32969,3.128300,1.094499,119.7500,114.5700,14.60071
2015-03-25,51858.00,170.7191,83.96530,3.136200,1.090203,119.7910,114.7300,14.64298
2015-03-26,50580.00,170.3126,83.49246,3.197300,1.096047,119.5180,115.4800,14.82052
2015-03-27,50095.00,170.7025,83.81803,3.179500,1.088637,119.1830,115.0600,14.52462
2015-03-29,,,,3.241200,1.088495,119.2500,,
2015-03-30,51243.00,172.7850,83.81030,3.226000,1.083025,120.0130,113.7500,14.60071
2015-03-31,51150.00,171.2750,84.02735,3.188500,1.073814,120.0220,113.6600,14.43162
2015-04-01,52322.00,170.6693,84.42724,3.164300,1.076994,119.5740,115.6000,14.69370
2015-04-02,53123.00,171.2833,84.18653,3.122200,1.087075,119.6970,115.2800,14.61762
2015-04-05,,,,3.121600,1.100134,118.8230,,
2015-04-06,53737.00,172.4366,84.29524,3.121600,1.093482,119.4770,116.6900,14.80361
2015-04-07,53729.00,171.9803,84.36511,3.125100,1.082415,120.2900,116.1100,14.87970
2015-04-08,53661.00,172.5610,84.28747,3.046100,1.078528,120.0940,115.4700,14.59225
2015-04-09,53803.00,173.3244,83.94582,3.055300,1.066906,120.5500,114.6700,14.59225
2015-04-10,54214.00,174.2702,83.92254,,,,115.9700,14.74443
2015-04-12,,,,3.071800,1.060985,120.2090,,
2015-04-13,54240.00,173.4821,84.09338,3.119200,1.057295,120.0590,115.1400,14.67680
2015-04-14,53982.00,173.8139,84.34187,3.064600,1.064713,119.4570,114.4400,14.74443
2015-04-15,54919.00,174.5938,84.38840,3.025900,1.067680,119.1430,115.4300,15.04033
2015-04-16,54674.00,174.5440,84.45053,3.018600,1.075558,119.0440,115.0300,15.20097
2015-04-17,53955.00,172.5361,84.62137,,,,115.6000,15.16715
2015-04-19,,,,3.036700,1.081023,118.8180,,
2015-04-20,53761.00,174.1125,84.46606,3.029400,1.074749,119.1950,114.7200,15.09952
2015-04-21,,173.9052,84.28747,3.026000,1.074172,119.6330,115.3800,14.98961
2015-04-22,54617.00,174.7597,83.79830,3.005200,1.072582,119.9500,113.8300,15.04033
2015-04-23,55685.00,175.1995,84.05453,2.968500,1.081502,119.5710,114.6600,15.22633
2015-04-24,56594.00,175.6060,84.34960,,,,113.0500,15.21788
2015-04-26,,,,2.948300,1.086897,118.9270,,
2015-04-27,55535.00,174.8759,84.21760,2.913100,1.087796,119.1260,115.3300,15.21788
2015-04-28,55812.00,175.4318,83.82936,2.934800,1.096912,118.8230,116.3300,15.24324
2015-04-29,55325.00,174.7100,83.51870,2.952700,1.111432,118.9700,115.5100,15.34470
2015-04-30,56229.00,172.9593,83.49548,3.011100,1.121466,119.4520,113.4700,15.46305
2015-05-01,,174.8344,83.03897,,,,113.0800,15.44615
2015-05-03,,,,3.011100,1.118593,120.1360,,
2015-05-04,57354.00,175.3322,82.86787,3.083000,1.114914,120.1000,114.1000,15.43769
2015-05-05,58052.00,173.3244,82.72793,3.053100,1.118631,119.9220,114.4200,15.56450
2015-05-06,57103.00,172.6107,82.32352,3.028700,1.134147,119.3970,114.3600,15.56450
2015-05-07,56921.00,173.2995,82.67345,3.021300,1.124695,119.7090,113.4200,15.31933
2015-05-08,57149.00,175.5812,82.99227,,,,113.9700,15.40387
2015-05-10,,,,2.971200,1.119407,119.7800,,
2015-05-11,57197.00,174.7432,82.17579,3.056400,1.114442,120.1310,113.5300,15.33624
2015-05-12,56792.00,174.2205,82.23801,3.017500,1.122146,119.8350,114.5000,15.49687
2015-05-13,56372.00,174.2536,82.12911,3.036500,1.135048,119.1600,116.5500,15.51378
2015-05-14,56657.00,176.0707,82.40905,2.989900,1.140498,119.1910,117.1800,15.60678
2015-05-15,57249.00,176.2615,83.00007,,,,117.5300,15.59833
2015-05-17,,,,2.991400,1.144505,119.3300,,
2015-05-18,56204.00,176.8091,82.44015,3.005800,1.132618,119.9000,117.5200,15.55605
2015-05-19,55499.00,176.7510,82.07469,3.031600,1.114666,120.6520,115.8900,15.22633
2015-05-20,54901.00,176.6265,82.25352,3.001700,1.110075,121.2120,116.0800,15.19251
2015-05-21,55112.00,177.1410,82.74346,3.036700,1.111185,121.0390,115.6900,15.37851
2015-05-22,54377.00,176.7179,82.55682,,,,115.6000,15.20942
2015-05-24,,,,3.089000,1.099300,121.5710,,
2015-05-25,54609.00,,,3.093200,1.097117,121.6000,,
2015-05-26,53630.00,174.8178,83.07008,3.148000,1.088886,122.9860,113.9100,14.91352
2015-05-27,54236.00,176.4772,83.02342,3.137900,1.090001,123.7400,113.8900,14.71061
2015-05-28,53976.00,176.2781,83.10117,3.158400,1.096035,123.8200,114.0200,14.78670
2015-05-29,52760.00,175.1828,83.14783,,,,114.1000,14.97270
2015-05-31,,,,3.175800,1.095794,124.1930,,
2015-06-01,53031.00,175.5396,82.78101,3.169500,1.092299,124.8470,114.0000,14.93888
2015-06-02,54236.00,175.3654,82.20461,3.128600,1.115001,124.0360,114.4600,15.11642
2015-06-03,53523.00,175.8300,81.50360,3.133200,1.125784,124.3040,113.6400,14.92198
2015-06-04,,174.3449,81.90083,3.140200,1.120787,124.3800,112.8400,14.78670
2015-06-05,52973.00,174.0462,81.30889,,,,112.2400,14.85434
2015-06-07,,,,3.139600,1.110815,125.6290,,
2015-06-08,52810.00,172.9759,81.42573,3.109900,1.128095,124.5630,112.5700,14.86279
2015-06-09,52816.00,172.9510,81.16090,3.095500,1.129905,124.3390,112.8200,15.09952
2015-06-10,53876.00,175.0252,80.84933,3.114000,1.131196,122.8660,113.7800,15.15870
2015-06-11,53689.00,175.5895,81.48801,3.087100,1.124063,123.5810,113.2600,15.02343
2015-06-12,53348.00,174.2453,81.44128,,,,113.2300,14.87125
2015-06-14,,,,3.116800,1.121994,123.2900,,
2015-06-15,53138.00,173.4986,81.63601,3.123500,1.127701,123.4200,113.7300,14.80361
2015-06-16,53702.00,174.4444,81.94757,3.086900,1.124202,123.4390,113.3200,14.84588
2015-06-17,53249.00,174.7265,81.99429,3.050400,1.136997,123.5300,113.8500,14.88816
2015-06-18,54239.00,176.5435,81.93197,3.057800,1.137074,123.0020,115.3200,14.88816
2015-06-19,53749.00,175.7599,82.36819,,,,115.1200,14.75289
2015-06-21,,,,3.093200,1.137294,122.7510,,
2015-06-22,53864.00,176.6603,81.67496,3.084400,1.134906,123.3790,113.6400,14.80361
2015-06-23,53772.00,176.7854,81.42573,3.073800,1.117219,123.8600,112.8900,14.98115
2015-06-24,53843.00,175.5014,81.66714,3.094900,1.120699,123.8510,112.5900,14.87970
2015-06-25,53176.00,174.9679,81.46465,3.124400,1.120298,123.5980,112.4400,14.89661
2015-06-26,54017.00,174.9345,81.07519,,,,112.5600,14.96424
2015-06-28,,,,3.125700,1.097502,122.6120,,
2015-06-29,53014.00,171.2660,82.01770,3.115000,1.122297,122.6700,113.0700,14.89661
2015-06-30,53081.00,171.6245,81.79183,3.108000,1.113499,122.3860,112.3700,15.21788
2015-07-01,52758.00,173.0002,81.36433,3.145500,1.103363,123.3200,111.9800,15.03188
2015-07-02,53106.00,172.8418,81.65294,3.094000,1.108697,123.0590,111.7600,15.00652
2015-07-03,52519.00,,,,,,,
2015-07-05,,,,3.129200,1.099505,122.4070,,
2015-07-06,52149.00,172.3499,82.23017,3.135100,1.104899,122.6110,112.0600,14.51616
2015-07-07,52344.00,173.4337,82.44863,3.178700,1.100994,122.4900,110.7600,14.43162
2015-07-08,51782.00,170.5240,82.77629,3.231700,1.107101,120.8620,111.0900,14.36398
2015-07-09,,170.8325,82.19898,3.221100,1.106305,121.7000,111.3600,14.53307
2015-07-10,52591.00,172.9835,81.62953,,,,111.4900,14.60071
2015-07-12,,,,3.155600,1.112904,122.4960,,
2015-07-13,53119.00,174.8929,81.41109,3.131200,1.099046,123.5700,110.9900,14.60916
2015-07-14,53239.00,175.6515,81.66854,3.136500,1.100800,123.3200,110.7400,14.55843
2015-07-15,52902.00,175.5932,81.98057,3.135600,1.094355,123.8700,110.1600,14.38935
2015-07-16,53070.00,177.0022,81.94935,3.150600,1.088601,124.1490,109.7600,14.32171
2015-07-17,52342.00,177.1523,81.95719,,,,108.6500,14.24562
2015-07-19,,,,3.185200,1.083025,124.1420,,
2015-07-20,51600.00,177.2439,81.79334,3.194500,1.083541,124.2940,105.7000,14.01736
2015-07-21,51474.00,176.5435,82.01958,3.171900,1.093996,123.8600,105.3700,14.07654
2015-07-22,50916.00,176.2267,82.12097,3.219800,1.092705,124.0680,104.8000,13.87363
2015-07-23,49807.00,175.2346,82.45643,3.284200,1.098901,123.8760,104.3300,13.75527
2015-07-24,49246.00,173.4171,82.53445,,,,105.3500,13.64536
2015-07-26,,,,3.356000,1.097237,123.7630,,
2015-07-27,48736.00,172.4082,82.80750,3.361700,1.109004,123.2400,104.8600,13.38328
2015-07-28,49602.00,174.5260,82.57347,3.354500,1.106599,123.5760,105.0200,13.49318
2015-07-29,50245.00,175.7265,82.45643,3.323900,1.098406,123.9400,105.1700,13.53546
2015-07-30,49897.00,175.7682,82.55006,3.370800,1.093924,124.0710,104.2700,13.48473
2015-07-31,50865.00,175.5014,83.03375,,,,104.9300,13.29873
2015-08-02,,,,3.419400,1.096900,124.0400,,
2015-08-03,50138.00,174.9095,83.28683,3.448800,1.095602,123.9450,104.1000,13.07892
2015-08-04,50058.00,174.5676,82.85711,3.466300,1.088898,124.2740,104.3100,13.15501
2015-08-05,50287.00,175.1429,82.53683,3.483800,1.090310,124.7300,103.9300,13.10428
2015-08-06,50011.00,173.7089,82.82590,3.531600,1.092705,124.7340,104.3900,13.09583
2015-08-07,48577.00,173.3754,83.15405,,,,104.6500,13.04510
2015-08-09,,,,3.531600,1.096503,124.3000,,
2015-08-10,49353.00,175.5598,82.81025,3.435700,1.101698,124.6130,105.7200,13.32410
2015-08-11,49072.00,173.9757,83.35720,3.471000,1.104204,125.0700,106.2600,13.14655
2015-08-12,48388.00,174.1841,83.32594,3.475100,1.116096,124.2550,107.7500,13.10428
2015-08-13,48010.00,173.9673,83.10717,3.519300,1.116096,124.3630,106.8600,13.04510
2015-08-14,47508.00,174.6009,83.02119,,,,106.8500,12.96056
2015-08-16,,,,3.477900,1.109299,124.3500,,
2015-08-17,47217.00,175.5765,83.16964,3.476600,1.107800,124.4380,107.1300,12.90983
2015-08-18,47451.00,175.0679,83.03683,3.464900,1.103083,124.3710,107.1100,12.84220
2015-08-19,46588.00,173.6839,83.54466,3.488300,1.111803,123.8970,108.5500,12.69847
2015-08-20,46649.00,170.0571,83.77130,3.457800,1.123697,123.4200,110.4400,12.73229
2015-08-21,45720.00,164.9380,84.10722,,,,111.1300,12.52093
2015-08-23,,,,3.498000,1.137695,121.7320,,
2015-08-24,44336.00,157.9929,84.24782,3.548100,1.158306,118.8840,110.5300,12.20812
2015-08-25,44545.00,156.1337,83.78687,3.611500,1.155095,118.5400,109.1600,12.25884
2015-08-26,46038.00,162.1283,83.27125,3.594100,1.134005,120.0580,107.6700,12.18276
2015-08-27,47715.00,166.1387,83.22428,3.550200,1.124796,121.0030,107.7300,12.62238
2015-08-28,47154.00,166.1469,83.23993,,,,108.7000,12.95210
2015-08-30,,,,3.578700,1.121403,121.2890,,
2015-08-31,46626.00,164.8046,83.09935,3.619200,1.122586,121.0890,108.8200,13.26492
2015-09-01,45477.00,159.8856,83.47258,3.692500,1.129344,119.7150,109.2000,12.82529
2015-09-02,46464.00,162.9204,83.24570,3.753900,1.121604,120.5800,108.6200,12.93520
2015-09-03,47366.00,163.0371,83.44911,3.735000,1.112595,120.0560,107.8400,13.01974
2015-09-04,46498.00,160.5692,83.70737,,,,107.4900,12.85911
2015-09-06,,,,3.839700,1.115200,119.1640,,
2015-09-07,,,,3.835000,1.116395,119.4030,,
2015-09-08,46762.00,164.6046,83.33958,3.815900,1.120737,120.0890,107.5200,12.95210
2015-09-09,46657.00,162.4034,83.37086,3.778700,1.122070,120.2780,106.1300,12.78302
2015-09-10,46504.00,163.2872,83.18305,3.848100,1.129089,120.6190,106.3800,12.89292
2015-09-11,46401.00,164.0292,83.40221,,,,106.1600,12.87601
2015-09-13,,,,3.868200,1.134404,120.7960,,
2015-09-14,47282.00,163.4206,83.48045,3.810700,1.130761,120.3600,106.2200,12.71538
2015-09-15,47364.00,165.4632,82.82307,3.859700,1.127180,120.4340,105.9000,12.75765
2015-09-16,48553.00,166.8972,82.79961,3.828600,1.129203,120.5230,107.3100,12.96901
2015-09-17,48551.00,166.5221,83.48826,3.891400,1.140095,120.0460,108.4100,12.88447
2015-09-18,47264.00,163.8009,83.87952,,,,109.2100,12.69002
2015-09-20,,,,3.939000,1.129203,120.0010,,
2015-09-21,46590.00,164.6473,83.40221,3.981400,1.119094,120.4980,108.5300,12.83374
2015-09-22,46265.00,162.5102,83.81689,4.047700,1.112075,120.0800,107.7900,12.75765
2015-09-23,45340.00,162.2505,83.72303,4.175100,1.118994,120.2000,108.2200,12.65620
2015-09-24,45292.00,161.6638,83.84821,3.933000,1.117893,120.2400,110.4900,12.73229
2015-09-25,44831.00,161.6219,83.62914,,,,109.8100,12.80838
2015-09-27,,,,3.967600,1.120172,120.3680,,
2015-09-28,43957.00,157.5656,84.10650,4.103700,1.123103,119.8400,108.4200,12.63084
2015-09-29,44132.00,157.6578,84.39598,4.054400,1.125594,119.8600,107.9800,12.71538
2015-09-30,45059.00,160.5994,84.41164,3.945700,1.117206,119.8590,106.8600,12.80838
2015-10-01,45313.00,161.0185,84.47746,3.998800,1.119344,119.8100,106.7300,12.72384
2015-10-02,47033.00,163.4238,84.88496,,,,108.9900,12.80838
2015-10-04,,,,3.927500,1.122700,119.9950,,
2015-10-05,47598.00,166.3319,84.41476,3.909900,1.119520,120.4610,108.7700,12.97747
2015-10-06,47735.00,165.7619,84.58723,3.849000,1.126799,120.2400,109.8600,13.23110
2015-10-07,48914.00,167.1197,84.37560,3.880300,1.124000,119.9150,109.7000,13.20574
2015-10-08,49107.00,168.6282,84.15617,3.781900,1.128694,119.9290,109.1400,13.26492
2015-10-09,49338.00,168.7287,84.20318,,,,110.8700,13.32410
2015-10-11,,,,3.759100,1.136997,120.1790,,
2015-10-12,,168.8879,84.48528,3.760500,1.135551,120.0110,111.3100,13.11274
2015-10-13,47363.00,167.8236,84.56369,3.888800,1.138498,119.7200,111.8600,13.02819
2015-10-14,46710.00,167.0191,85.02611,3.807100,1.147552,118.8300,113.8100,13.06201
2015-10-15,47161.00,169.5835,84.73610,3.792500,1.136816,119.0500,113.2900,13.02819
2015-10-16,47236.00,170.3546,84.66557,,,,112.4900,13.03665
2015-10-18,,,,3.920700,1.136105,119.2700,,
2015-10-19,47447.00,170.4384,84.62638,3.887800,1.132901,119.5030,112.0200,12.79993
2015-10-20,47077.00,170.2205,84.33643,3.902300,1.135396,119.7800,112.7300,12.82529
2015-10-21,47026.00,169.1645,84.62638,3.936700,1.134803,119.8420,111.7300,12.71538
2015-10-22,47772.00,172.0223,84.71259,3.902300,1.108095,120.8600,111.6900,12.75765
2015-10-23,47597.00,173.9080,84.23457,,,,111.5000,12.68156
2015-10-26,47209.00,173.4805,84.45399,3.875600,1.102038,121.2960,111.4300,12.64775
2015-10-27,47043.00,173.1454,84.66557,3.903900,1.106599,120.9490,111.6800,12.58857
2015-10-28,46741.00,175.1148,84.22669,3.883400,1.103704,120.4770,110.7800,12.79993
2015-10-29,45628.00,175.0142,83.70939,3.897200,1.092896,120.8600,109.7200,12.72384
2015-10-30,45869.00,174.2600,83.87400,3.844700,1.099384,121.0000,109.3000,12.85065
2015-11-02,,176.3217,83.63304,3.851400,1.102597,120.4950,108.5900,12.78302
2015-11-03,48054.00,176.8329,83.41328,3.870200,1.101601,120.7880,106.9800,13.01128
2015-11-04,47710.00,176.2965,83.32690,3.767100,1.096395,121.0950,105.9700,12.79147
2015-11-05,48047.00,176.1205,83.27197,3.795600,1.086803,121.4900,105.6400,12.69002
2015-11-06,46919.00,176.0283,82.70682,3.780100,1.088400,121.6700,104.1000,12.61393
2015-11-09,46195.00,174.3857,82.56552,3.766300,1.073341,123.2000,104.4000,12.50402
2015-11-10,46179.00,174.7879,82.72252,3.799100,1.075951,123.0770,104.1800,12.47866
2015-11-11,47065.00,174.1008,82.68331,3.745400,1.073756,123.0840,103.8300,12.35184
2015-11-12,46884.00,171.6704,82.73041,3.762900,1.076299,122.7570,103.8500,12.17430
2015-11-13,46517.00,169.7428,83.04438,3.766900,1.081502,122.5600,103.5600,12.08130
2015-11-16,46847.00,172.3241,83.15427,3.840600,1.069999,122.3640,103.7100,12.14048
2015-11-17,47248.00,172.1983,83.13065,3.825600,1.068799,123.2660,102.3400,11.95449
2015-11-18,47436.00,174.9305,83.09141,3.808300,1.064385,123.4450,102.4300,12.00521
2015-11-19,48139.00,174.7796,83.27197,3.767100,1.066997,123.5250,103.5600,12.00521
2015-11-20,,175.4165,83.16212,3.761200,1.072616,122.9120,103.0900,11.98831
2015-11-23,48150.00,175.2154,83.27197,3.699600,1.064101,122.9230,102.2600,12.08130
2015-11-24,48284.00,175.4500,83.35046,3.728900,1.064203,122.9150,102.9400,12.27575
2015-11-25,46867.00,175.4249,83.39755,3.696200,1.064385,122.5050,102.4600,12.25884
2015-11-26,47146.00,,,3.739400,1.062496,122.6800,,
2015-11-27,45873.00,175.6260,83.48393,3.738400,1.060445,122.6340,101.2500,12.07285
2015-11-30,45120.00,174.8969,83.51530,3.841400,1.058302,122.8300,101.9200,11.99676
2015-12-01,45047.00,176.5647,83.95947,3.866600,1.057295,123.2100,102.2800,12.13203
2015-12-02,44915.00,174.7629,83.72363,3.850600,1.062586,122.9150,100.6900,11.87840
2015-12-03,46393.00,172.3156,82.84312,3.832300,1.061301,123.2260,101.7600,12.01367
2015-12-04,45361.00,175.6763,83.14977,3.755900,1.091596,122.6530,104.0200,11.99676
2015-12-07,45223.00,174.6120,83.41704,3.751000,1.088400,123.1900,102.6700,11.65013
2015-12-08,44443.00,173.4387,83.46418,3.759500,1.083400,123.2800,102.8400,11.59095
2015-12-09,46108.00,172.0894,83.58997,3.814500,1.089396,122.9120,102.6400,11.59940
2015-12-10,45631.00,172.5335,83.40916,3.742700,1.101795,121.7000,102.5500,11.55713
2015-12-11,45263.00,169.1897,84.07741,3.807800,1.094811,121.7100,103.1100,11.43877
2015-12-14,44747.00,170.0444,83.45637,3.812700,1.098394,120.8930,101.7900,11.36268
2015-12-15,44872.00,171.8296,83.24407,3.884400,1.099300,121.0900,101.5200,11.33732
2015-12-16,45016.00,174.3438,83.02395,3.905900,1.093625,121.6750,102.7500,11.28659
2015-12-17,45261.00,171.6871,83.36986,3.892900,1.087453,122.4630,100.5000,11.16823
2015-12-18,43911.00,168.6285,83.66862,3.876300,1.084410,122.4500,102.0400,11.21896
2015-12-21,43200.00,170.0195,83.70795,3.978400,1.086992,121.3000,103.1500,11.16823
2015-12-22,43470.00,171.5624,83.47208,4.011400,1.091298,121.2060,102.6100,11.11750
2015-12-23,44015.00,173.6869,83.28343,3.985200,1.095002,121.0300,102.3100,11.32041
2015-12-24,,173.4002,83.43619,3.941000,1.090917,120.9350,103.0500,11.32041
2015-12-25,,,,3.913000,1.096996,120.1700,,
2015-12-28,43764.00,173.0040,83.45187,3.908200,1.096599,120.2310,102.2700,11.15978
2015-12-29,43654.00,174.8502,83.01097,3.855100,1.097526,120.3500,102.2000,11.34577
2015-12-30,43350.00,173.6109,83.04245,3.864100,1.092801,120.5290,101.4200,11.23587
2015-12-31,,171.8743,83.13694,3.956700,1.093398,120.4500,101.4600,11.29505
2016-01-01,,,,3.950000,1.085906,120.2880,,
2016-01-04,42141.00,169.4716,83.49125,3.949100,1.085399,120.3110,102.8900,11.21050
2016-01-05,42419.00,169.7582,83.46767,4.037300,1.082755,119.4670,103.1800,11.10060
2016-01-06,41773.00,167.6169,83.97157,4.026900,1.075199,119.1020,104.6700,10.92305
2016-01-07,40695.00,163.5954,84.15258,4.019900,1.077900,118.6100,106.1500,10.87233
2016-01-08,40612.00,161.7998,84.36522,4.041500,1.092598,117.5400,105.6800,10.82160
2016-01-11,39950.00,161.9599,84.09752,3.993200,1.094104,117.0800,104.7400,10.52570
2016-01-12,39514.00,163.2666,84.47546,4.050400,1.085800,117.6500,104.2100,10.45806
2016-01-13,38944.00,159.1947,84.80614,4.025200,1.084399,117.8300,104.7200,10.39888
2016-01-14,39500.00,161.8081,84.63296,4.014100,1.088601,117.4250,103.0200,10.42424
2016-01-15,38569.00,158.3348,85.02661,4.005900,1.085894,118.2030,104.0800,10.20443
2016-01-18,37937.00,,,4.004300,1.092001,116.9900,,
2016-01-19,38057.00,158.5455,84.91637,4.052300,1.089503,117.3840,103.9800,10.11989
2016-01-20,37645.00,156.5137,85.33367,4.058400,1.091298,117.5650,105.3700,10.04380
2016-01-21,37717.00,157.3906,85.12112,4.101400,1.087701,117.1340,105.4900,10.17907
2016-01-22,38031.00,160.6194,84.93211,4.153500,1.086201,117.9240,105.0000,10.48343
2016-01-25,,158.1914,85.21557,4.089500,1.079902,118.5720,106.0800,10.25516
2016-01-26,37497.00,160.3497,85.27850,4.087900,1.085305,118.2280,107.2900,10.45806
2016-01-27,38376.00,158.6046,85.34151,4.066900,1.086496,118.3800,107.6900,10.58488
2016-01-28,38630.00,159.4307,85.45177,4.104900,1.090798,118.4670,106.5400,10.70324
2016-01-29,40406.00,163.3172,85.90840,4.067000,1.093697,118.9300,106.9500,10.80469
2016-02-01,40570.00,163.2582,85.71049,3.997100,1.082591,121.3400,108.0500,10.60179
2016-02-02,38596.00,160.3159,86.31768,3.959700,1.089728,120.8400,108.0900,10.41579
2016-02-03,39589.00,161.2770,86.22306,3.985300,1.092204,119.8560,109.2500,10.67788
2016-02-04,40822.00,161.5300,86.42802,3.892300,1.109102,118.1200,110.5700,10.66097
2016-02-05,40592.00,158.4528,86.53847,3.886200,1.119996,116.8660,112.3200,10.59333
2016-02-08,,156.3199,87.18506,3.898500,1.114504,116.9500,113.8300,10.54261
2016-02-09,,156.3282,87.20078,3.891600,1.118981,115.6680,113.5800,10.27207
2016-02-10,40377.00,156.1934,87.46099,3.881500,1.128999,115.1910,114.4600,10.28898
2016-02-11,39318.00,154.1616,87.86313,3.926300,1.128095,113.2520,119.0600,10.41579
2016-02-12,39808.00,157.3399,87.19289,3.987500,1.131798,112.4970,118.3600,10.56797
2016-02-15,40093.00,,,3.968200,1.122599,113.6700,,
2016-02-16,40948.00,159.9956,86.93272,3.995000,1.117406,114.3220,114.7700,10.44961
2016-02-17,41631.00,162.6091,86.71982,4.062500,1.114703,114.0800,115.4800,10.66942
2016-02-18,41478.00,161.9431,87.12193,3.980900,1.112298,114.2800,118.2900,10.61024
2016-02-19,41543.00,161.8672,87.12193,4.024600,1.111099,113.2500,117.5800,10.51724
2016-02-22,43235.00,164.2108,87.03520,4.016400,1.112397,112.4890,115.4900,10.67788
2016-02-23,42521.00,162.1369,87.20870,3.942800,1.102803,112.9710,117.2200,10.53415
2016-02-24,42085.00,162.8788,87.20870,3.953500,1.102706,111.8800,117.6100,10.66942
2016-02-25,41888.00,164.8516,87.46889,3.954400,1.101394,112.1010,117.9200,10.66097
2016-02-26,41593.00,164.4722,87.04310,3.951900,1.102499,113.1180,117.1100,10.64406
2016-02-29,42794.00,163.1823,87.18506,3.964700,1.092395,113.6600,118.6400,10.77933
2016-03-01,44122.00,167.0182,86.50359,4.012900,1.088898,112.4300,117.7700,10.78778
2016-03-02,44893.00,167.7685,86.35357,3.922000,1.087595,113.9300,118.6800,10.84696
2016-03-03,47193.00,168.4261,86.45625,3.889300,1.086897,113.4660,120.7300,10.90615
2016-03-04,49085.00,168.9741,86.16406,3.796100,1.094895,113.6700,120.5400,11.11750
2016-03-07,49246.00,169.1091,85.99029,3.768800,1.099396,113.8030,121.1400,11.32041
2016-03-08,49102.00,167.2627,86.48778,3.781100,1.101601,113.4520,120.5800,11.16823
2016-03-09,48665.00,168.0889,86.14827,3.752700,1.100401,112.6600,119.5800,11.33732
2016-03-10,49571.00,168.2238,85.84029,3.676900,1.098901,113.2530,121.5000,11.32041
2016-03-11,49639.00,170.9385,85.59552,3.614000,1.117843,112.8600,119.4100,11.36268
2016-03-14,48867.00,170.7193,85.65870,3.571700,1.116794,113.7780,117.8700,11.26123
2016-03-15,47130.00,170.4411,85.64287,3.655000,1.110198,113.8300,117.9600,11.16823
2016-03-16,47763.00,171.4274,86.09293,3.762300,1.110901,113.1050,120.5900,11.36268
2016-03-17,50914.00,172.5150,86.18766,3.736600,1.121894,112.7520,120.1300,11.48950
2016-03-18,50815.00,173.1929,86.33775,3.620600,1.131798,111.3500,119.8000,11.48104
2016-03-21,51172.00,173.4387,86.09293,3.621100,1.127904,111.4450,118.9600,11.51486
2016-03-22,51010.00,173.3454,85.91138,3.612600,1.123595,112.1390,119.3100,11.59940
2016-03-23,49690.00,172.2015,86.30620,3.577800,1.122297,112.2520,116.6100,11.35423
2016-03-24,49657.00,172.1252,86.21931,3.680100,1.118105,112.4000,116.3300,11.28659
2016-03-25,,,,3.677200,1.116794,112.8300,,
2016-03-27,,,,3.683500,1.115997,113.4500,,
2016-03-28,50838.00,172.2269,86.34564,3.677200,1.120272,113.3640,116.6000,11.32041
2016-03-29,51155.00,173.8200,86.92995,3.634900,1.129203,112.6800,118.7600,11.29505
2016-03-30,51249.00,174.5827,86.81148,3.596100,1.133466,112.3660,117.1000,11.25278
2016-03-31,50055.00,174.1589,87.12740,3.586500,1.137967,112.4800,117.6400,11.23587
2016-04-01,50562.00,175.3454,87.10208,,,,116.9300,11.04142
2016-04-03,,,,3.548600,1.139004,111.7220,,
2016-04-04,48780.00,174.7776,87.20487,3.617200,1.138900,111.2500,116.1500,10.88924
2016-04-05,49054.00,173.0320,87.55280,3.673700,1.138200,110.3780,117.6600,10.86387
2016-04-06,48096.00,174.9216,87.36304,3.636400,1.140498,109.6990,116.9400,10.98223
2016-04-07,48513.00,172.8285,87.81383,3.682600,1.137398,108.4270,118.6100,10.94842
2016-04-08,50293.00,173.2946,87.67940,,,,118.4300,11.21050
2016-04-10,,,,3.586200,1.140303,108.3110,,
2016-04-11,50165.00,172.8879,87.66353,3.488500,1.141292,107.9300,120.0300,11.29505
2016-04-12,52002.00,174.4979,87.31560,3.482500,1.138498,108.6400,120.0500,11.54022
2016-04-13,53150.00,176.2605,87.37885,3.493500,1.127904,109.4200,118.7700,11.59940
2016-04-14,52411.00,176.2690,87.17327,3.472500,1.127002,109.3160,117.1100,11.50641
2016-04-15,53228.00,176.0741,87.43423,,,,117.9200,11.46413
2016-04-17,,,,3.531000,1.129995,108.0170,,
2016-04-18,52894.00,177.3113,87.34724,3.609900,1.130902,109.0730,117.7400,11.51486
2016-04-19,53710.00,177.8706,87.20487,3.525300,1.135963,109.2400,119.5800,11.76004
2016-04-20,53631.00,178.0401,86.76198,3.524400,1.130506,109.8380,118.9700,11.98831
2016-04-21,,177.0825,86.61965,3.524400,1.129203,109.4370,119.4200,11.93758
2016-04-22,52908.00,177.0825,86.52476,,,,117.8900,11.88685
2016-04-24,,,,3.562300,1.123406,111.4360,,
2016-04-25,51862.00,176.7775,86.42988,3.550400,1.126900,111.1360,118.2300,11.87840
2016-04-26,53083.00,177.0401,86.24798,3.520200,1.129905,111.2300,118.7000,12.03058
2016-04-27,54478.00,177.4045,86.72248,3.521500,1.132901,111.5200,119.0400,12.14048
2016-04-28,54312.00,175.7945,87.02302,3.479700,1.135589,108.0760,121.2900,12.20812
2016-04-29,53911.00,174.8454,86.99136,,,,123.6500,12.32648
2016-05-01,,,,3.432800,1.146303,106.4530,,
2016-05-02,53562.00,176.2351,86.73869,3.496500,1.152499,106.3960,123.2400,12.15739
2016-05-03,52260.00,174.7013,87.25352,3.554900,1.150404,106.6800,122.9600,11.97140
2016-05-04,52553.00,173.7268,87.41191,3.545400,1.149306,106.9200,122.2100,11.97985
2016-05-05,51671.00,173.6929,87.64952,3.533100,1.140602,107.2750,122.0700,11.86149
2016-05-06,51718.00,174.3284,87.44355,,,,123.1800,11.93758
2016-05-08,,,,3.499000,1.138797,107.3600,,
2016-05-09,50990.00,174.4725,87.60989,3.513000,1.138797,108.3310,120.6500,11.67549
2016-05-10,53071.00,176.6419,87.59406,3.470400,1.137436,109.1940,120.9800,11.96294
2016-05-11,52764.00,174.9895,87.72868,3.447000,1.142700,108.4150,122.1200,12.24194
2016-05-12,53241.00,175.0403,87.49111,3.477100,1.137695,109.1000,121.1600,12.25884
2016-05-13,51804.00,173.5149,87.82372,,,,121.7100,12.24194
2016-05-15,,,,3.530200,1.131695,108.6610,,
2016-05-16,51803.00,175.2267,87.50693,3.494500,1.131606,109.0800,121.8000,12.37721
2016-05-17,50839.00,173.5912,87.38818,3.486100,1.131606,108.9500,122.2200,12.47021
2016-05-18,50562.00,173.6420,86.68328,3.558500,1.122297,110.1400,120.1000,12.37721
2016-05-19,50133.00,173.0404,86.77042,3.560900,1.120599,109.8810,119.8700,12.34339
2016-05-20,49723.00,174.1335,86.82581,,,,119.7100,12.39411
2016-05-22,,,,3.557300,1.122171,110.0500,,
2016-05-23,49330.00,173.8963,86.88124,3.566500,1.121604,109.3740,119.3700,12.32648
2016-05-24,49345.00,176.1503,86.73869,3.567300,1.113797,110.1700,117.3000,12.32648
2016-05-25,49483.00,177.3452,86.69916,3.576900,1.115897,110.1110,116.9800,12.47021
2016-05-26,,177.3960,86.96841,3.582700,1.119207,109.7130,116.5800,12.46175
2016-05-27,49051.00,178.1587,86.80208,,,,115.6200,12.51248
2016-05-29,,,,3.608900,1.111000,110.7700,,
2016-05-30,48964.00,,,3.567400,1.114840,110.8410,,
2016-05-31,48472.00,177.8197,86.90502,3.583200,1.113598,110.6700,116.0600,12.43639
2016-06-01,49013.00,178.1842,86.87571,3.591000,1.118906,109.4770,115.9400,12.56320
2016-06-02,49887.00,178.7265,87.14537,3.580100,1.115200,108.8600,115.6700,12.58857
2016-06-03,50619.00,178.1926,87.95438,,,,118.8800,12.67311
2016-06-05,,,,3.524500,1.135100,106.7210,,
2016-06-06,50432.00,179.0994,87.72437,3.484500,1.136402,107.4380,118.9200,12.82529
2016-06-07,50488.00,179.3790,87.85127,3.434900,1.135783,107.2540,118.8200,12.95210
2016-06-08,51629.00,179.9637,87.95438,3.357500,1.140706,106.7800,120.5800,13.17192
2016-06-09,51118.00,179.7179,88.08925,3.395900,1.131503,107.0900,121.2500,13.14655
2016-06-10,49422.00,178.0147,88.39857,,,,121.7400,12.98592
2016-06-12,,,,3.415800,1.124000,106.5040,,
2016-06-13,49661.00,176.6419,88.57307,3.477300,1.129102,106.2260,122.6400,12.98592
2016-06-14,48648.00,176.2944,88.54929,3.475100,1.121302,106.0870,122.7700,12.90138
2016-06-15,48915.00,176.0487,88.81898,3.469300,1.126266,105.8500,123.6800,12.83374
2016-06-16,49412.00,176.5741,88.91414,3.461200,1.125201,104.7430,122.3800,12.61393
2016-06-17,49534.00,175.9165,88.61274,,,,123.9500,12.90983
2016-06-19,,,,3.412800,1.134906,104.6480,,
2016-06-20,50329.00,177.0494,88.23202,3.391700,1.132298,103.8240,123.2100,13.02819
2016-06-21,50838.00,177.5520,88.03371,3.412100,1.125062,104.6700,120.8400,12.92674
2016-06-22,50156.00,177.2623,88.20820,3.374300,1.132824,104.6500,120.9000,12.85065
2016-06-23,51560.00,179.5707,87.78782,3.337000,1.132400,104.8960,120.1100,12.95210
2016-06-24,50105.00,173.1225,89.00134,,,,126.0000,12.69002
2016-06-26,,,,3.367700,1.103594,102.1270,,
2016-06-27,49246.00,170.0219,89.77077,3.389300,1.101503,101.8120,126.6800,12.66465
2016-06-28,50007.00,173.0884,89.75489,3.302500,1.107395,102.7010,125.3200,12.86756
2016-06-29,51002.00,176.0357,89.39004,3.237600,1.112805,102.7780,125.8400,13.05356
2016-06-30,51527.00,178.4379,89.58833,3.205900,1.110605,103.0730,126.4700,12.97747
2016-07-01,52233.00,178.8127,89.82498,,,,128.4100,13.13810
2016-07-03,,,,3.230600,1.113102,102.4880,,
2016-07-04,52569.00,,,3.288500,1.114604,102.5180,,
2016-07-05,51842.00,177.5264,90.31752,3.299100,1.106501,101.1410,129.4700,12.76611
2016-07-06,51902.00,178.5911,90.33334,3.327000,1.109903,101.1500,130.2300,12.81683
2016-07-07,52015.00,178.4804,90.21425,3.361100,1.106574,100.7900,129.7400,12.45330
2016-07-08,53141.00,181.1381,90.38897,,,,130.5200,12.58011
2016-07-10,,,,3.297700,1.104399,100.6920,,
2016-07-11,53960.00,181.7769,89.91241,3.307200,1.105803,102.5240,129.2900,12.52938
2016-07-12,54256.00,183.0973,89.38021,3.293500,1.106293,104.7560,127.1500,12.76611
2016-07-13,54598.00,183.0717,89.61058,3.261600,1.109496,104.0760,128.3200,12.60547
2016-07-14,55481.00,184.0939,89.23724,3.248400,1.110605,105.1910,127.3300,12.65620
2016-07-15,55578.00,183.8468,88.89574,,,,126.8400,12.62238
2016-07-17,,,,3.276600,1.105314,105.4590,,
2016-07-18,56484.00,184.3409,88.87189,3.249400,1.107187,106.1460,127.0400,12.56320
2016-07-19,56698.00,184.1535,89.11017,3.247900,1.101358,106.1370,127.2100,12.48711
2016-07-20,56578.00,184.9201,88.92742,3.252700,1.101953,107.2040,125.3900,12.40257
2016-07-21,56641.00,184.2216,89.12604,3.268600,1.103290,105.8110,127.3000,12.33494
2016-07-22,57002.00,185.0479,89.05460,,,,126.3500,12.30957
2016-07-24,,,,3.251500,1.097045,106.3260,,
2016-07-25,56873.00,184.5453,88.98309,3.282100,1.099118,105.5780,125.4700,12.17430
2016-07-26,56783.00,184.6305,89.03867,3.270000,1.098780,104.8490,126.0000,12.12358
2016-07-27,56853.00,184.4346,89.41995,3.258600,1.107346,104.9510,128.0300,12.00521
2016-07-28,56667.00,184.6475,89.46764,3.281900,1.108438,104.7450,127.6600,11.97140
2016-07-29,57308.00,184.9457,89.80912,,,,128.9800,12.07285
2016-07-31,,,,3.246200,1.116807,102.3320,,
2016-08-01,56756.00,184.7924,89.49733,3.258400,1.116807,102.3590,129.2200,11.86149
2016-08-02,56162.00,183.6083,89.28260,3.252800,1.121906,101.0680,130.2700,11.84458
2016-08-03,57077.00,184.1450,89.33028,3.234600,1.115150,101.3370,129.6500,12.03903
2016-08-04,57594.00,184.3409,89.54505,3.186900,1.113474,101.1990,129.8700,12.08976
2016-08-05,57661.00,185.8486,88.98828,,,,127.5500,12.14048
2016-08-07,,,,3.160700,1.108955,102.1450,,
2016-08-08,57635.00,185.7379,88.94054,3.168600,1.108365,102.2880,127.4400,12.20812
2016-08-09,57689.00,185.8486,89.25867,3.142900,1.111580,101.9150,127.9600,12.17430
2016-08-10,56920.00,185.3887,89.49733,3.124700,1.118643,101.1330,128.5600,12.03058
2016-08-11,58300.00,186.2489,89.06784,3.139000,1.113908,101.8080,127.6700,12.21657
2016-08-12,58298.00,186.0871,89.38601,,,,127.4000,12.30957
2016-08-14,,,,3.190500,1.116695,101.2830,,
2016-08-15,59146.00,186.6237,89.12353,3.184800,1.118406,101.2400,127.8400,12.51248
2016-08-16,58855.00,185.6612,88.97235,3.201200,1.127599,100.2000,128.4700,12.61393
2016-08-17,59324.00,186.0105,89.11555,3.204800,1.129892,99.90600,128.5000,12.66465
2016-08-18,59166.00,186.4278,89.27462,3.237900,1.134945,100.1120,129.1100,12.82529
2016-08-19,59099.00,186.1552,88.97235,,,,127.9700,12.78302
2016-08-21,,,,3.204500,1.129816,100.5540,,
2016-08-22,57781.00,186.1467,89.17123,3.198700,1.131926,100.2510,127.7800,12.66465
2016-08-23,58020.00,186.5215,89.16328,3.235500,1.130084,100.3110,127.7600,12.71538
2016-08-24,57718.00,185.5675,89.13147,3.223300,1.126380,100.5520,126.3400,12.56320
2016-08-25,57722.00,185.4397,88.98828,3.228300,1.129050,100.5550,126.2300,12.61393
2016-08-26,57716.00,185.0905,88.64626,,,,126.0500,12.57166
2016-08-28,,,,3.264100,1.119946,101.9200,,
2016-08-29,58610.00,186.0020,89.01215,3.227600,1.119282,101.8090,126.3000,12.52093
2016-08-30,58575.00,185.6953,89.00420,3.236800,1.115324,102.8680,125.0300,12.40257
2016-08-31,57901.00,185.1672,88.90080,3.226000,1.116071,103.3020,124.7800,12.16585
2016-09-01,58236.00,185.1757,89.04018,3.253200,1.120072,103.2580,125.2900,12.03058
2016-09-02,59616.00,186.0105,88.80918,,,,126.5700,12.16585
2016-09-04,,,,3.256100,1.116196,103.9340,,
2016-09-05,59566.00,,,3.267200,1.115324,103.5100,,
2016-09-06,60129.00,186.5726,89.22336,3.196300,1.125366,101.5250,128.7100,12.25039
2016-09-07,,186.5556,89.27118,3.190700,1.124101,101.8290,128.2700,12.36030
2016-09-08,60232.00,186.1297,88.83314,3.214900,1.127142,102.3060,127.5900,12.58011
2016-09-09,58000.00,181.6747,88.41099,,,,126.7500,12.38566
2016-09-11,,,,3.271700,1.124113,102.4380,,
2016-09-12,58586.00,184.2813,88.49058,3.246900,1.124354,101.7510,126.5900,12.38566
2016-09-13,56821.00,181.6321,88.16402,3.314100,1.121869,102.5040,125.7500,12.22503
2016-09-14,57059.00,181.5640,88.36317,3.343500,1.124733,102.5480,126.1800,12.13203
2016-09-15,57909.00,183.3784,88.38710,3.299800,1.124594,102.0080,125.3700,12.19121
2016-09-16,57080.00,182.6695,88.48262,,,,125.0600,12.20812
2016-09-18,,,,3.265500,1.115847,102.3070,,
2016-09-19,57350.00,182.7038,88.33131,3.271200,1.118068,101.8460,125.3200,12.19967
2016-09-20,57736.00,182.7122,88.46671,3.256100,1.115399,101.5470,125.4400,12.24194
2016-09-21,58394.00,184.7670,88.61008,3.209600,1.119319,100.3930,127.2700,12.39411
2016-09-22,58994.00,185.9313,88.87292,3.217000,1.121013,100.8310,127.5700,12.46175
2016-09-23,58697.00,184.9126,88.91273,,,,127.6500,12.31803
2016-09-25,,,,3.243200,1.123924,100.8890,,
2016-09-26,58054.00,183.4143,89.16761,3.240600,1.124986,100.3590,127.5500,12.40257
2016-09-27,58382.00,184.5530,89.31892,3.232600,1.121957,100.4680,126.6200,12.28421
2016-09-28,59356.00,185.4689,89.27911,3.217800,1.122498,100.9350,126.2200,12.57166
2016-09-29,58351.00,183.7910,89.33488,3.259300,1.121957,101.1990,126.0700,12.64775
2016-09-30,58367.00,185.1779,89.11186,,,,125.6400,12.69002
2016-10-02,,,,3.259800,1.123469,101.5630,,
2016-10-03,59461.00,184.7328,88.90450,3.208700,1.121039,101.8170,125.3200,12.79993
2016-10-04,59339.00,183.7910,88.49775,3.254500,1.121076,102.8800,120.9700,12.76611
2016-10-05,60254.00,184.6043,88.29836,3.218500,1.120825,103.4600,120.7800,12.84220
2016-10-06,60644.00,184.7328,88.11494,3.227200,1.114455,103.7650,119.6600,12.86756
2016-10-07,61109.00,184.0992,88.24251,,,,119.7400,12.83374
2016-10-09,,,,3.219300,1.119695,103.0180,,
2016-10-10,61668.00,185.0580,88.01125,3.202700,1.114082,103.6970,120.1600,12.97747
2016-10-11,61022.00,182.7208,87.98729,3.195900,1.106195,103.3420,119.5500,12.90138
2016-10-12,,182.9605,87.98729,3.200700,1.101188,104.3040,119.7400,12.80838
2016-10-13,61119.00,182.3613,88.17071,3.177300,1.104972,103.7220,120.0300,12.89292
2016-10-14,61767.00,182.4554,87.89960,,,,119.3600,12.90138
2016-10-16,,,,3.202000,1.096780,104.0390,,
2016-10-17,62696.00,181.8219,88.09101,3.204200,1.101564,103.8510,119.6800,12.91829
2016-10-18,63782.00,182.9605,88.26649,3.181700,1.097695,103.8650,120.4200,12.94365
2016-10-19,63506.00,183.4485,88.30631,3.166100,1.097514,103.3910,121.1100,13.02819
2016-10-20,63838.00,183.1061,88.22660,3.139100,1.093040,104.1090,120.7400,12.90983
2016-10-21,64108.00,183.1917,88.32224,,,,120.8300,12.96056
2016-10-23,,,,3.148900,1.088258,103.9170,,
2016-10-24,64060.00,183.9708,88.20261,3.124500,1.087548,104.3210,120.5600,12.96901
2016-10-25,63866.00,183.3544,88.18671,3.110400,1.088732,104.1540,121.4700,12.90983
2016-10-26,63826.00,182.9863,87.99531,3.138800,1.091203,104.5630,120.7900,12.82529
2016-10-27,64250.00,182.4982,87.69221,3.165300,1.090037,105.2090,121.0100,12.90138
2016-10-28,64308.00,181.9589,87.70817,,,,121.5800,12.81683
2016-10-31,64925.00,181.9674,87.77994,3.203100,1.098467,104.5650,121.9400,12.64775
2016-11-01,63326.00,180.6491,87.78313,3.198200,1.097333,104.8200,122.7300,12.70693
2016-11-02,,179.5618,88.04668,3.235100,1.105705,104.0920,123.6400,12.55475
2016-11-03,61750.00,178.7399,87.99080,3.252600,1.109755,103.3780,124.3000,12.51248
2016-11-04,61598.00,178.5430,88.26233,3.258400,1.110248,103.0520,124.3900,12.42793
2016-11-07,64052.00,182.4811,87.89492,3.232300,1.110124,104.1950,122.1500,12.47866
2016-11-08,64158.00,183.3030,87.58347,3.200900,1.105217,104.4380,121.6400,12.46175
2016-11-09,63258.00,185.2464,86.24966,3.168100,1.101904,105.0300,121.5600,12.52093
2016-11-10,61201.00,185.7087,85.73054,3.233000,1.092061,105.8530,119.7500,12.41948
2016-11-11,59184.00,185.2807,85.55479,3.395600,1.088969,106.8560,117.1000,12.18276
2016-11-14,59657.00,185.4262,85.05959,3.390000,1.082485,106.8710,116.1100,12.15739
2016-11-15,,186.8730,85.05959,3.440300,1.075038,108.2020,117.1200,12.42793
2016-11-16,60759.00,186.5220,85.13950,3.441700,1.072731,109.0380,116.7700,12.27575
2016-11-17,59770.00,187.4809,84.76414,3.450700,1.070664,108.7850,116.1700,12.30112
2016-11-18,59962.00,187.0613,84.38873,3.432400,1.062304,110.2560,115.1500,12.40257
2016-11-21,61070.00,188.4739,84.46064,3.382300,1.058425,110.9730,115.5800,12.74920
2016-11-22,61954.00,188.8421,84.54046,3.387400,1.063886,110.6500,115.5400,12.73229
2016-11-23,61986.00,188.9448,84.23696,3.363600,1.063377,111.0060,113.2500,12.78302
2016-11-24,61396.00,,,3.431100,1.054519,112.5820,,
2016-11-25,61559.00,189.6468,84.16508,3.390700,1.056189,113.2920,112.6100,12.69002
2016-11-28,62855.00,188.7565,84.54845,3.421000,1.061233,112.6520,113.8000,12.73229
2016-11-29,60987.00,189.1246,84.63633,3.407200,1.062135,111.6900,113.2700,12.47866
2016-11-30,61906.00,188.6709,84.06928,3.453800,1.064849,112.4700,111.7500,12.85911
2016-12-01,59507.00,187.9775,83.74857,3.406300,1.059210,114.6940,111.5400,13.09583
2016-12-02,60316.00,188.0716,84.12445,3.573000,1.066314,113.9090,112.1400,13.18883
2016-12-05,59832.00,189.2016,84.09246,3.474700,1.058201,113.5050,111.5400,13.25646
2016-12-06,61088.00,189.8009,84.12445,3.420000,1.075732,113.8630,111.4300,13.19728
2016-12-07,61414.00,192.2836,84.40438,3.406300,1.072041,114.0520,111.8300,13.09583
2016-12-08,60677.00,192.7545,84.08445,3.381600,1.076195,113.7130,111.5700,13.12119
2016-12-09,60501.00,193.9189,83.65254,3.373700,1.062135,114.0750,110.4000,13.18883
2016-12-12,59179.00,193.6963,83.66860,3.377000,1.054741,115.4120,110.8200,13.27337
2016-12-13,59281.00,194.9890,83.71652,3.337300,1.064169,115.0020,110.4500,13.30719
2016-12-14,58212.00,193.3795,83.02069,3.334200,1.062925,115.2240,108.8300,13.18037
2016-12-15,58396.00,194.1756,82.78880,3.369000,1.051414,117.2110,107.3400,13.16346
2016-12-16,58389.00,193.7959,82.89272,3.365700,1.041884,118.2410,108.0500,13.22264
2016-12-19,57111.00,194.2179,83.27664,3.390400,1.044998,117.7910,108.5900,13.14655
2016-12-20,57583.00,194.9671,83.10069,3.363900,1.040583,117.0370,107.7900,13.20574
2016-12-21,57647.00,194.4245,83.23669,3.353100,1.039047,117.8750,107.8500,13.12965
2016-12-22,57255.00,194.0887,83.20061,3.325400,1.042862,117.6040,107.5900,13.11274
2016-12-23,57937.00,194.3729,83.28071,3.286300,1.043765,117.5420,107.9300,13.13810
2016-12-26,58620.00,,,3.269500,1.045478,117.3100,,
2016-12-27,58697.00,194.8552,83.16055,3.269600,1.045697,117.1920,108.5600,13.34101
2016-12-28,59782.00,193.2448,83.46495,3.269400,1.046233,117.4800,108.8600,13.34946
2016-12-29,60227.00,193.2017,83.72130,3.282500,1.041699,117.0870,110.2900,13.36637
2016-12-30,,192.4956,83.96969,3.252300,1.057530,116.2670,109.6100,13.39173
2017-01-02,59589.00,,,3.253200,1.052698,116.7950,,
2017-01-03,61814.00,193.9681,83.92960,3.284000,1.046003,117.4950,110.4700,13.23110
2017-01-04,61589.00,195.1221,84.02569,3.263500,1.041992,117.6590,110.8600,13.33255
2017-01-05,62071.00,194.9671,84.57045,3.214100,1.050089,117.1130,112.5800,13.40019
2017-01-06,61665.00,195.6646,84.18596,3.197700,1.060592,115.2650,111.7500,13.38328
2017-01-09,61700.00,195.0187,84.50636,3.222200,1.053186,117.1500,112.6700,13.18037
2017-01-10,62132.00,195.0187,84.46635,3.195500,1.058862,115.9850,113.1500,13.12119
2017-01-11,62446.00,195.5699,84.56245,3.194500,1.055242,115.8720,113.5000,13.26492
2017-01-12,63954.00,195.0791,84.61049,3.196300,1.059771,115.0980,113.9100,13.45937
2017-01-13,63652.00,195.5269,84.42626,3.186800,1.061684,114.6640,114.2100,13.43400
2017-01-16,63831.00,,,3.186800,1.062869,114.2270,,
2017-01-17,64354.00,194.8380,84.85081,3.240500,1.060299,114.1520,115.8500,13.42555
2017-01-18,64150.00,195.2685,84.25002,3.209800,1.069679,112.8780,114.8700,13.30719
2017-01-19,63951.00,194.5452,83.92960,3.229600,1.062778,114.7620,114.7700,13.26492
2017-01-20,64521.00,195.2599,83.96969,3.194900,1.065973,114.9800,115.0500,13.41710
2017-01-23,65749.00,194.7518,84.41024,3.142300,1.071375,113.8100,115.7900,13.41710
2017-01-24,65840.00,196.0005,84.08979,3.161700,1.076079,112.7800,115.2700,13.45091
2017-01-25,,197.6970,83.67324,3.168700,1.072869,113.8400,114.3200,13.36637
2017-01-26,66191.00,197.4903,83.78535,3.168500,1.075199,113.2930,113.2600,13.42555
2017-01-27,66034.00,197.1803,83.88958,3.176100,1.068296,114.4550,113.4900,13.31564
2017-01-30,64302.00,195.9574,83.86547,3.109600,1.071398,114.6680,113.9700,13.23955
2017-01-31,64671.00,195.9402,84.15392,3.125500,1.070859,113.6500,115.5500,13.31564
2017-02-01,64836.00,196.0177,83.99261,3.150100,1.080380,112.7430,115.2000,13.45937
2017-02-02,64578.00,196.1469,84.02473,3.128000,1.076739,113.3110,115.8400,13.45937
2017-02-03,64954.00,197.4989,84.08894,3.122500,1.076171,112.7890,116.1300,13.45091
2017-02-06,63993.00,197.1459,84.49006,3.119500,1.078295,112.6390,117.7000,13.36637
2017-02-07,64199.00,197.1545,84.64257,3.113700,1.074322,111.8270,117.4600,13.30719
2017-02-08,64835.00,197.4128,84.98744,3.116700,1.067806,112.3870,118.1900,13.35791
2017-02-09,64965.00,198.5840,84.48205,3.115900,1.069221,111.9520,117.2900,13.42555
2017-02-10,66125.00,199.3676,84.42585,3.128800,1.065859,113.4340,117.6000,13.56927
2017-02-13,66968.00,200.4527,84.29749,3.107100,1.061954,113.9140,116.8000,13.41710
2017-02-14,66713.00,201.2536,83.99261,3.110100,1.059850,113.7050,116.9300,13.43400
2017-02-15,67976.00,202.3042,83.83218,3.081200,1.057832,114.3010,117.4500,13.45091
2017-02-16,67814.00,202.1320,84.16912,3.056100,1.060738,114.1120,118.0800,13.36637
2017-02-17,67748.00,202.4506,84.39378,3.087500,1.067225,113.3050,117.6800,13.34101
2017-02-20,68533.00,,,3.095500,1.062665,112.9110,,
2017-02-21,69052.00,203.6562,84.35368,3.085500,1.060940,113.2800,117.7500,13.32410
2017-02-22,68590.00,203.4754,84.49006,3.093900,1.054207,113.6690,117.9100,13.25646
2017-02-23,67461.00,203.6132,84.71474,3.062300,1.055409,113.4170,118.9400,13.29873
2017-02-24,66662.00,203.8716,85.10784,3.060300,1.058447,112.6820,119.7000,13.27337
2017-02-27,,204.1901,84.80297,3.094600,1.055275,112.1880,119.1200,13.23955
2017-02-28,,203.6390,84.76285,3.105300,1.058425,112.7450,119.2300,13.29028
2017-03-01,66989.00,206.4895,84.17229,3.108000,1.056915,113.0770,119.0600,13.34946
2017-03-02,65855.00,205.1891,83.93132,3.088200,1.053585,114.1210,117.5800,13.13810
2017-03-03,66786.00,205.3183,84.01163,3.154600,1.050972,114.3420,117.5100,13.20574
2017-03-06,66341.00,204.7068,83.99562,3.120000,1.062045,113.8470,116.7200,13.18883
2017-03-07,65742.00,204.0954,83.87509,3.137200,1.057921,113.9170,115.7800,13.12965
2017-03-08,64718.00,203.7165,83.59390,3.115900,1.057015,113.9260,115.0600,12.83374
2017-03-09,64585.00,203.9748,83.36093,3.159300,1.054741,114.4110,114.4700,12.72384
2017-03-10,64675.00,204.6896,83.53764,3.191300,1.057843,115.1490,114.7200,12.60547
2017-03-13,65534.00,204.7930,83.32878,3.147500,1.069004,114.7320,114.7400,12.58857
2017-03-14,64699.00,204.0093,83.41718,3.152400,1.065144,114.9150,114.1200,12.53784
2017-03-15,66235.00,205.7747,84.14823,3.163700,1.061244,114.6590,116.2500,12.64775
2017-03-16,65783.00,205.3699,83.91523,3.099900,1.073791,113.4020,116.7300,12.63084
2017-03-17,64210.00,205.0092,84.14022,3.119300,1.077470,113.3400,116.9900,12.67311
2017-03-20,64884.00,204.7844,84.34105,3.086600,1.074299,112.6740,117.5100,12.66465
2017-03-21,62980.00,202.1550,84.62227,3.071000,1.073768,112.5730,118.5400,12.59702
2017-03-22,63521.00,202.6308,84.78294,3.086800,1.081245,111.5320,118.8300,12.58857
2017-03-23,63531.00,202.4145,84.69455,3.084800,1.079016,111.3690,118.6700,12.56320
2017-03-24,63854.00,202.2675,84.74277,3.138100,1.078388,111.0040,118.8600,12.60547
2017-03-26,,,,3.109700,1.084952,110.5520,,
2017-03-27,64308.00,202.0599,84.95163,3.125200,1.086095,110.7710,119.5300,12.58857
2017-03-28,64640.00,203.5303,84.66243,3.138400,1.081771,111.2260,119.0400,12.66465
2017-03-29,65528.00,203.7205,84.90349,3.122100,1.075963,111.1540,119.3300,12.78302
2017-03-30,65266.00,204.3692,84.66243,3.147700,1.068707,111.7760,118.4700,12.83374
2017-03-31,64984.00,203.8935,84.83115,,,,118.7200,12.85911
2017-04-02,,,,3.121800,1.066883,111.2650,,
2017-04-03,65211.00,203.5389,85.24875,3.113000,1.067008,110.7090,119.3500,12.80838
2017-04-04,65769.00,203.6687,85.12804,3.095600,1.068034,110.8540,119.6200,12.93520
2017-04-05,64775.00,203.0632,85.28898,3.119600,1.067247,110.3810,119.6200,12.96056
2017-04-06,64223.00,203.6340,85.23261,3.141500,1.064464,110.8970,119.1800,12.99438
2017-04-07,64593.00,203.4265,84.97518,,,,119.4600,13.02819
2017-04-09,,,,3.144700,1.058201,111.2250,,
2017-04-10,64650.00,203.5476,85.12804,3.131800,1.059760,110.7170,119.4600,13.12965
2017-04-11,64360.00,203.3054,85.52230,3.136800,1.061132,109.5870,121.1900,13.15501
2017-04-12,63892.00,202.4145,85.78786,3.123500,1.067065,108.9020,122.0200,13.15501
2017-04-13,62826.00,201.0999,86.04530,3.142400,1.061639,109.1010,122.6000,13.19728
2017-04-16,,,,3.143700,1.061053,108.3230,,
2017-04-17,64335.00,202.8816,85.90853,3.130300,1.064453,109.1120,122.2400,13.12119
2017-04-18,64159.00,202.2762,86.39929,3.106500,1.072869,108.5350,122.8200,13.07047
2017-04-19,63407.00,201.9042,86.17405,3.148300,1.071501,108.8340,121.7300,12.84220
2017-04-20,63761.00,203.5476,85.98096,3.147100,1.071490,109.3750,121.9600,12.79147
2017-04-21,,202.8989,86.02116,,,,122.3100,12.66465
2017-04-23,,,,3.146800,1.087394,109.9780,,
2017-04-24,64389.00,205.1303,85.84413,3.127000,1.086484,109.6410,121.4800,12.62238
2017-04-25,65148.00,206.3239,85.40160,3.147200,1.092825,111.0460,120.2500,12.68156
2017-04-26,64862.00,206.1942,85.62689,3.171100,1.090893,111.1910,120.8400,12.61393
2017-04-27,64677.00,206.3672,85.68323,3.181100,1.086425,111.2260,120.3900,12.54629
2017-04-28,65403.00,205.9175,85.77171,,,,120.7700,12.51248
2017-04-30,,,,3.176100,1.090750,111.3020,,
2017-05-01,,206.4363,85.58642,3.175100,1.090893,111.8120,119.6700,12.53784
2017-05-02,66722.00,206.5142,85.76369,3.150200,1.093565,111.9690,119.6500,12.40257
2017-05-03,66094.00,206.2634,85.58642,3.162100,1.088898,112.7830,117.9800,12.35184
2017-05-04,64863.00,206.5056,85.39297,3.184900,1.098153,112.5370,116.7900,12.05594
2017-05-05,65710.00,207.3186,85.40912,,,,117.0100,12.22503
2017-05-07,,,,3.177700,1.096515,112.6840,,
2017-05-08,65526.00,207.2840,85.19962,3.196400,1.092777,113.2300,116.7500,12.17430
2017-05-09,66278.00,207.0937,85.10293,3.186800,1.088684,113.6980,116.0500,12.11512
2017-05-10,67350.00,207.4655,85.07066,3.165700,1.087075,114.3280,116.0400,12.30957
2017-05-11,67538.00,207.0418,85.13511,3.139000,1.086496,113.8090,116.5000,12.36030
2017-05-12,68222.00,206.6959,85.57027,,,,116.8300,12.36030
2017-05-14,,,,3.177700,1.092729,113.2710,,
2017-05-15,68474.00,207.8375,85.51382,3.108200,1.098177,113.6420,117.1400,12.42793
2017-05-16,68684.00,207.6472,85.62669,3.095800,1.109398,112.6460,117.6500,12.44484
2017-05-17,67540.00,203.9627,86.31158,3.133400,1.115636,111.1260,119.7900,12.52938
2017-05-18,61597.00,204.7844,86.28744,3.369000,1.111358,111.4010,118.8100,12.49557
2017-05-19,62639.00,206.1163,86.26328,,,,119.4000,12.74074
2017-05-21,,,,3.253300,1.120486,111.2840,,
2017-05-22,61673.00,207.1629,86.16654,3.265400,1.123886,110.8910,119.9000,12.82529
2017-05-23,62662.00,207.6213,85.94096,3.268600,1.117931,111.9570,119.1400,12.78302
2017-05-24,63257.00,208.1056,86.11823,3.274200,1.123091,111.5240,119.6100,12.75765
2017-05-25,63227.00,209.1003,86.16654,3.273500,1.121076,111.7300,119.4800,12.47866
2017-05-26,64085.00,209.0570,86.22295,,,,120.5400,12.57166
2017-05-28,,,,3.177700,1.117606,111.2560,,
2017-05-29,63761.00,,,3.255400,1.112904,111.1740,,
2017-05-30,63962.00,208.8754,86.44057,3.256200,1.117169,110.8390,120.1400,12.47021
2017-05-31,62711.00,208.8235,86.48087,3.225100,1.124354,110.7960,120.6200,12.33494
2017-06-01,62289.00,210.4841,86.43567,3.249000,1.121579,111.4370,120.7200,12.25039
2017-06-02,62511.00,211.1847,86.81494,,,,121.6100,12.19121
2017-06-04,,,,3.249200,1.128083,110.4630,,
2017-06-05,62450.00,211.0291,86.66966,3.296100,1.125682,110.3810,121.7300,12.12358
2017-06-06,62955.00,210.3544,86.94411,3.276000,1.127142,109.5090,123.1000,12.20812
2017-06-07,63171.00,210.7436,86.78269,3.267300,1.125518,109.9000,122.4500,12.03903
2017-06-08,62756.00,210.8474,86.64548,3.259600,1.118481,109.8590,121.6500,12.03903
2017-06-09,62211.00,210.5274,86.56480,,,,120.5400,12.10667
2017-06-11,,,,3.177700,1.120197,110.2880,,
2017-06-12,61700.00,210.4841,86.54862,3.316700,1.119620,109.9210,120.3600,11.99676
2017-06-13,61829.00,211.5134,86.58092,3.314400,1.120888,110.0550,120.4800,12.04749
2017-06-14,61923.00,211.2453,87.03292,3.272600,1.121579,109.4460,119.8200,11.83613
2017-06-15,,210.8388,86.87955,3.273600,1.114691,110.9520,119.3200,11.88685
2017-06-16,61626.00,210.8848,86.92796,,,,119.3400,11.93758
2017-06-18,,,,3.288600,1.120825,110.9540,,
2017-06-19,62014.00,212.6405,86.68585,3.281100,1.114455,111.6730,118.4300,11.86149
2017-06-20,60766.00,211.2064,86.90378,3.325500,1.113697,111.3340,118.1800,11.74313
2017-06-21,60762.00,211.1542,86.89569,3.333400,1.116720,111.3100,118.5200,11.61631
2017-06-22,61272.00,211.0586,86.97635,3.339700,1.114964,111.2900,118.9200,11.63322
2017-06-23,61087.00,211.3107,87.00058,,,,119.4300,11.68395
2017-06-25,,,,3.341500,1.119884,111.2390,,
2017-06-26,62188.00,211.4498,87.07326,3.294800,1.118356,111.8580,118.3600,11.70931
2017-06-27,61675.00,209.7462,86.64548,3.312000,1.133915,112.1880,118.8100,11.84458
2017-06-28,62018.00,211.6236,86.56480,3.279500,1.138265,112.3540,118.9000,11.92067
2017-06-29,62239.00,209.7636,86.24196,3.302700,1.144165,112.0090,118.3200,11.97140
2017-06-30,62900.00,210.1548,86.04018,,,,118.0200,12.21657
2017-07-02,,,,3.177700,1.142309,112.2620,,
2017-07-03,63280.00,210.5111,85.72412,3.300500,1.137139,113.3860,116.0900,12.34339
2017-07-04,63232.00,,,3.309200,1.136015,112.9620,,
2017-07-05,63154.00,210.9978,85.78883,3.287000,1.134687,113.1870,116.5200,12.15739
2017-07-06,62470.00,209.0683,85.62718,3.297300,1.142478,113.1490,116.4700,12.16585
2017-07-07,62322.00,210.4241,85.48978,,,,115.2800,12.04749
2017-07-09,,,,3.177700,1.140381,113.9850,,
2017-07-10,63025.00,210.6501,85.60294,,,,115.4700,12.09821
2017-07-11,63832.00,210.4937,85.71609,3.253100,1.147394,113.7480,115.6200,12.21657
2017-07-12,64836.00,212.0755,85.96663,3.206800,1.141891,113.3350,116.0300,12.15739
2017-07-13,65178.00,212.4318,85.87773,3.210000,1.140394,113.4180,115.8200,12.14894
2017-07-14,65436.00,213.4227,85.99902,,,,116.7700,12.28421
2017-07-16,,,,3.177700,1.147539,112.3970,,
2017-07-17,65212.00,213.3966,86.10403,3.181200,1.147434,112.5810,117.2900,12.24194
2017-07-18,65338.00,213.5096,86.41930,3.152700,1.154974,111.9950,118.1100,12.29266
2017-07-19,65180.00,214.6655,86.41930,3.147700,1.152844,111.8770,118.0800,12.40257
2017-07-20,64938.00,214.7611,86.44351,3.118400,1.162872,111.8850,118.2400,12.38566
2017-07-21,64684.00,214.5699,86.59709,,,,119.2600,12.21657
2017-07-23,,,,3.177700,1.168170,110.9450,,
2017-07-24,65100.00,214.5178,86.54050,3.144400,1.163887,111.2320,119.3100,12.24194
2017-07-25,65668.00,215.0393,86.05556,3.171200,1.164456,112.0030,118.9200,12.37721
2017-07-26,65011.00,215.0479,86.33033,3.137500,1.172800,111.1280,119.8800,12.49557
2017-07-27,65277.00,214.8480,86.19298,3.152600,1.168866,111.0970,119.7900,12.57166
2017-07-28,65497.00,214.5960,86.33846,,,,120.6900,12.63929
2017-07-30,,,,3.177700,1.174729,110.5100,,
2017-07-31,65920.00,214.4743,86.36268,3.125800,1.182410,110.3590,120.7500,12.71538
2017-08-01,66516.00,214.9523,86.57722,3.122800,1.181126,110.4320,120.6500,12.57166
2017-08-02,67136.00,215.0566,86.49627,3.112200,1.185115,110.7570,120.4000,12.59702
2017-08-03,66777.00,214.6394,86.79578,3.111500,1.188495,109.9000,120.5900,12.50402
2017-08-04,66898.00,215.0306,86.56104,,,,119.6500,12.52938
2017-08-06,,,,3.129300,1.177842,110.7860,,
2017-08-07,67940.00,215.4303,86.60962,3.124200,1.180094,110.7500,119.5100,12.55475
2017-08-08,67899.00,214.9002,86.53675,3.125900,1.175461,110.1020,119.8600,12.56320
2017-08-09,67671.00,214.8915,86.64195,3.152300,1.176152,110.0490,121.3100,12.64775
2017-08-10,66992.00,211.8582,86.96579,3.173600,1.177024,109.1060,122.2100,12.45330
2017-08-11,67359.00,212.1711,87.06293,,,,122.7900,12.49557
2017-08-13,,,,3.177700,1.182550,109.2300,,
2017-08-14,68285.00,214.2744,86.85246,3.187200,1.177579,109.9320,121.9200,12.38566
2017-08-15,68355.00,214.2483,86.59341,3.167600,1.174122,110.5960,120.9800,12.32648
2017-08-16,68594.00,214.6220,86.75530,3.151400,1.177426,109.9990,121.8700,12.29266
2017-08-17,67977.00,211.2759,87.06293,3.173300,1.171550,109.3280,122.4900,12.32648
2017-08-18,68715.00,210.9457,87.07912,,,,122.3000,12.54629
2017-08-20,,,,3.177700,1.175627,109.3200,,
2017-08-21,68635.00,211.1108,87.13578,3.163000,1.181195,108.9440,122.7600,12.39411
2017-08-22,70011.00,213.3184,86.96579,3.160500,1.176221,109.7310,122.2100,12.42793
2017-08-23,70478.00,212.5535,87.26532,3.139300,1.181656,108.9100,122.6700,12.53784
2017-08-24,71133.00,212.0582,87.12765,3.146500,1.180220,109.5140,122.2900,12.52938
2017-08-25,71074.00,212.5535,87.27338,,,,122.7400,12.50402
2017-08-27,,,,3.158700,1.195186,109.3460,,
2017-08-28,71017.00,212.5622,87.35432,3.165800,1.196387,108.7370,124.6900,12.51248
2017-08-29,71330.00,212.8056,87.55672,3.164200,1.197046,109.7900,124.4200,12.51248
2017-08-30,70886.00,213.8138,87.48389,3.158800,1.189343,110.4600,124.3600,12.41948
2017-08-31,70835.00,215.1001,87.62150,3.146000,1.191043,110.1290,125.8200,12.76611
2017-09-01,71923.00,215.4043,87.36367,,,,126.0600,12.78302
2017-09-03,,,,3.177700,1.188284,109.7950,,
2017-09-04,72129.00,,,3.139400,1.189343,109.8100,,
2017-09-05,72151.00,213.8573,87.97172,3.115800,1.192407,108.6020,127.4600,12.80838
2017-09-06,73412.00,214.5873,87.76093,3.097900,1.192777,109.1340,126.8100,12.93520
2017-09-07,,214.5612,88.14193,3.097600,1.202906,108.2700,128.1300,12.92674
2017-09-08,73079.00,214.3092,88.07709,,,,127.9700,12.78302
2017-09-10,,,,3.177700,1.201764,108.2310,,
2017-09-11,74319.00,216.5949,87.57447,3.099700,1.195943,109.3950,126.1900,12.80838
2017-09-12,74539.00,217.3250,87.36367,3.121900,1.197461,110.2260,126.5600,12.84220
2017-09-13,74788.00,217.4293,87.18533,3.131600,1.189061,110.5150,125.6100,12.90138
2017-09-14,74657.00,217.3598,87.20154,3.118100,1.192165,109.9190,126.1600,12.90983
2017-09-15,75757.00,217.6525,87.30693,,,,125.5300,12.96901
2017-09-17,,,,3.109700,1.193716,111.1970,,
2017-09-18,75990.00,218.1153,86.96642,3.134900,1.195929,111.4960,124.3600,12.95210
2017-09-19,75974.00,218.3337,86.86915,3.132800,1.199256,111.5780,124.6200,12.92674
2017-09-20,76004.00,218.4123,86.69888,3.130600,1.187211,112.5460,123.6200,13.03665
2017-09-21,75604.00,217.8271,86.58537,3.134500,1.194558,112.4520,122.6800,12.98592
2017-09-22,75390.00,217.8708,86.73938,,,,123.2400,13.03665
2017-09-24,,,,3.123500,1.192720,112.4440,,
2017-09-25,74443.00,217.4253,86.99886,3.157300,1.185565,111.7610,124.5300,13.25646
2017-09-26,74319.00,217.5563,86.92590,3.163900,1.178606,112.3770,123.1400,13.13810
2017-09-27,73797.00,218.4035,86.47997,3.191900,1.174964,112.8600,121.9800,13.08737
2017-09-28,73567.00,218.6656,86.46378,3.180900,1.178175,112.4670,122.2100,13.08737
2017-09-29,74294.00,219.4342,86.35835,,,,121.5800,13.01974
2017-10-01,,,,3.163400,1.180735,112.6380,,
2017-10-02,74360.00,220.3863,86.26013,3.152900,1.173378,112.7700,120.7700,12.90983
2017-10-03,76763.00,220.8579,86.38194,3.140800,1.174757,112.8480,120.8300,12.91829
2017-10-04,76591.00,221.1200,86.35751,3.133200,1.175724,112.8230,121.1700,12.93520
2017-10-05,76618.00,222.4301,86.26820,3.152400,1.171234,112.7740,120.5200,13.07892
2017-10-06,76055.00,222.1768,86.16270,,,,121.0900,12.87601
2017-10-08,,,,3.155500,1.174246,112.5510,,
2017-10-09,75727.00,221.8100,86.26013,3.186800,1.174164,112.6580,122.0800,12.88447
2017-10-10,76897.00,222.3951,86.29260,3.177800,1.181488,112.3450,122.4000,13.03665
2017-10-11,76660.00,222.7446,86.39005,3.169700,1.186549,112.4340,122.7900,13.06201
2017-10-12,,222.4127,86.47126,3.169000,1.183180,112.2390,122.8900,13.04510
2017-10-13,76990.00,222.6834,86.76351,,,,123.8200,13.17192
2017-10-15,,,,3.146200,1.181405,111.8820,,
2017-10-16,76892.00,222.9804,86.61739,3.170300,1.179454,112.1950,122.9700,13.20574
2017-10-17,76201.00,223.1376,86.58487,3.156100,1.177191,112.2130,122.1300,13.18883
2017-10-18,76591.00,223.3559,86.36565,3.170100,1.179523,113.0130,121.6700,13.18037
2017-10-19,76283.00,223.4171,86.45500,3.164900,1.184806,112.6800,122.3900,13.12119
2017-10-20,76391.00,224.5701,86.09774,,,,121.6100,13.18883
2017-10-22,,,,3.190900,1.175364,114.0480,,
2017-10-23,75413.00,223.6966,86.17892,3.234400,1.175917,113.3400,121.8000,13.18883
2017-10-24,76350.00,224.0897,85.91915,3.242600,1.175903,113.9460,121.3300,13.32410
2017-10-25,76671.00,222.9804,85.78105,3.231200,1.182075,113.5580,121.3500,13.34101
2017-10-26,75896.00,223.2686,85.66743,3.286500,1.163724,114.1240,120.3300,13.40019
2017-10-27,75976.00,225.0941,85.94347,,,,120.9000,13.46782
2017-10-30,74800.00,224.2556,86.25201,3.234800,1.160456,113.7390,121.1300,13.50164
2017-10-31,74308.00,224.6050,86.19519,3.287300,1.165270,112.9960,120.6700,13.53546
2017-11-01,73824.00,224.9019,86.24722,3.269600,1.165175,113.6500,121.1100,13.54391
2017-11-02,,224.9893,86.36106,3.266200,1.162872,114.1520,121.1900,13.62846
2017-11-03,73915.00,225.7405,86.49930,3.264600,1.166181,114.0160,120.6200,13.71300
2017-11-06,74311.00,226.0898,86.60504,3.292600,1.161494,114.1780,121.6500,13.97508
2017-11-07,72415.00,225.9326,86.63754,3.247900,1.161265,113.7710,121.2100,13.89054
2017-11-08,74363.00,226.3169,86.53184,3.270100,1.160106,113.7610,121.6300,13.86518
2017-11-09,72931.00,225.4959,86.49930,3.251300,1.159689,113.9270,122.1300,13.89054
2017-11-10,72166.00,225.4260,86.06017,3.248700,1.164687,113.3750,121.1300,13.86518
2017-11-13,72475.00,225.6356,86.01953,3.276400,1.166113,113.6860,121.3100,13.82290
2017-11-14,70827.00,225.1116,86.14148,3.275900,1.166494,113.5850,121.5600,13.63691
2017-11-15,,223.9848,86.45052,3.311900,1.179287,113.4020,121.4100,13.62000
2017-11-16,72512.00,225.8889,86.23096,,,,121.4000,13.57773
2017-11-17,73437.00,225.2251,86.34479,3.270600,1.177745,113.0280,122.8600,13.79754
2017-11-20,,225.6094,86.20660,3.254500,1.173186,112.0380,121.3100,13.68764
2017-11-21,74595.00,227.0856,86.22279,3.254000,1.174122,112.5510,121.5100,13.78063
2017-11-22,74519.00,226.8847,86.49930,3.257300,1.173723,112.3410,122.6300,13.85672
2017-11-23,74487.00,,,3.222900,1.181474,111.3130,,
2017-11-24,74157.00,227.4087,86.42615,3.220300,1.185396,111.2540,122.3200,13.89899
2017-11-27,74059.00,227.2952,86.48300,3.232900,1.192649,111.6710,122.8300,13.87363
2017-11-28,74140.00,229.6011,86.49930,3.226400,1.190490,111.1700,122.8100,13.81445
2017-11-29,72700.00,229.4613,86.22279,3.209700,1.184806,111.6480,122.0400,13.72145
2017-11-30,71971.00,231.4702,85.95447,3.244800,1.185199,112.0020,121.1000,13.66227
2017-12-01,72264.00,230.9898,86.27207,3.271200,1.189825,112.5560,121.5900,13.78063
2017-12-04,73090.00,230.7103,86.23137,3.257400,1.185986,112.8640,121.1800,13.61155
2017-12-05,72546.00,229.8805,86.29656,3.242600,1.186775,112.4990,120.3200,13.61155
2017-12-06,73268.00,229.9242,86.47569,3.240300,1.183292,112.4640,120.0700,13.38328
2017-12-07,72487.00,230.6492,86.32096,3.234300,1.180429,112.2910,118.4900,13.42555
2017-12-08,72732.00,231.9069,86.25584,3.287200,1.177218,113.1730,118.4800,13.49318
2017-12-11,72800.00,232.6057,86.19879,3.287800,1.176997,113.5430,118.0100,13.52700
2017-12-12,73814.00,233.0161,86.12550,3.303300,1.177759,113.5400,118.1500,13.40864
2017-12-13,72914.00,232.9900,86.47569,3.303100,1.174260,113.5450,119.1700,13.34946
2017-12-14,72429.00,232.0380,86.44315,3.308600,1.183586,112.7820,118.9300,13.39173
2017-12-15,72608.00,233.9702,86.42683,3.340400,1.177496,112.3960,119.1800,13.39173
2017-12-18,73115.00,235.4539,86.23137,3.292000,1.174357,112.7160,119.7300,13.45091
2017-12-19,72680.00,234.5497,85.84044,3.290500,1.178425,112.5680,119.8200,13.55237
2017-12-20,73367.00,234.4268,85.58801,3.288500,1.184133,112.9830,120.1400,13.62846
2017-12-21,75133.00,234.9096,85.64834,3.296500,1.187818,113.2410,120.3100,13.63691
2017-12-22,75187.00,234.8482,85.68094,3.306800,1.185733,113.3230,120.9400,13.69609
2017-12-25,,,,3.338000,1.185607,113.3080,,
2017-12-26,75688.00,234.5672,85.71357,3.335500,1.187254,113.3030,121.7700,13.89899
2017-12-27,76073.00,234.6813,86.08067,3.309700,1.185789,113.2030,122.2300,13.93281
2017-12-28,76402.00,235.1642,85.97460,3.313300,1.190079,113.2170,122.8500,14.00045
2017-12-29,76402.00,234.2775,86.11328,3.311100,1.194172,112.8750,123.6500,14.04272
2018-01-01,,,,3.307600,1.200495,112.6660,,
2018-01-02,77891.00,235.9543,85.82780,3.311000,1.201158,112.7700,125.1500,14.11035
2018-01-03,77995.00,237.4467,85.91750,3.257800,1.206345,112.2440,124.8200,14.19490
2018-01-04,78647.00,238.4475,85.87675,3.235500,1.201043,112.6070,125.4600,14.17799
2018-01-05,79071.00,240.0366,85.77068,3.233100,1.206884,112.7830,125.3300,14.12726
2018-01-08,79379.00,240.4755,85.72993,3.226600,1.203746,113.1540,125.3100,14.11881
2018-01-09,78864.00,241.0198,85.32205,3.239000,1.197046,113.1410,124.7300,14.21180
2018-01-10,78201.00,240.6511,85.29758,3.246800,1.192933,112.7550,125.0300,14.26253
2018-01-11,79365.00,242.4069,85.35471,3.226400,1.195614,111.4440,125.4400,14.25408
2018-01-12,79349.00,243.9872,85.29758,3.214200,1.204210,111.2940,126.9600,14.34708
2018-01-15,79752.00,,,3.200700,1.219230,111.1000,,
2018-01-16,79832.00,243.1532,85.33836,3.213200,1.226843,110.5810,127.1700,14.27944
2018-01-17,81189.00,245.4707,85.15076,3.222700,1.227129,110.3880,126.1400,14.29635
2018-01-18,80963.00,245.0582,84.88158,3.222200,1.218398,111.3760,125.8600,14.29635
2018-01-19,81220.00,246.1730,84.66135,3.205100,1.223661,111.0260,126.4200,14.27099
2018-01-22,81675.00,248.1747,84.62871,3.194700,1.225550,110.6840,126.6500,14.30480
2018-01-23,80678.00,248.7015,84.87344,3.200700,1.225625,110.9660,127.2800,14.40626
2018-01-24,83680.00,248.6048,84.71027,3.235500,1.231027,110.1070,128.8300,14.55843
2018-01-25,,248.7103,84.89788,3.145100,1.239111,109.3260,127.9700,14.47389
2018-01-26,85531.00,251.5897,84.64503,3.146900,1.239234,109.7040,128.0700,14.58380
2018-01-29,84698.00,249.9217,84.43298,3.151000,1.242807,108.6390,127.3500,14.54153
2018-01-30,84482.00,247.3583,84.23720,3.153600,1.238114,108.9260,126.8000,14.44007
2018-01-31,84913.00,247.4812,84.26163,3.179500,1.240957,108.7320,127.6500,14.45698
2018-02-01,85495.00,247.2002,83.82697,3.184700,1.241866,109.2010,128.0700,14.60071
2018-02-02,84041.00,241.8187,83.51653,3.163700,1.251001,109.4060,126.3900,14.36398
2018-02-05,81861.00,231.7052,84.20283,3.215400,1.244694,110.0350,126.7100,14.22871
2018-02-06,83894.00,236.2703,83.83514,3.261100,1.236782,109.0950,125.3800,14.14417
2018-02-07,82767.00,234.9887,83.59004,3.233400,1.238129,109.6270,124.7900,13.98354
2018-02-08,81533.00,226.1745,83.66363,3.269900,1.226813,109.1960,124.9800,13.83981
2018-02-09,80899.00,229.5720,83.51653,3.284600,1.226076,108.5290,124.7700,13.63691
2018-02-12,,232.9430,83.49201,3.290800,1.225280,108.8000,125.3700,13.72145
2018-02-13,,233.5225,83.63087,3.294000,1.230376,108.6900,126.0800,13.74682
2018-02-14,83543.00,236.6742,83.12433,3.294200,1.235376,107.7640,128.2300,13.95817
2018-02-15,84291.00,239.6942,83.14884,3.216200,1.246727,106.5870,128.3800,13.98354
2018-02-16,84525.00,239.7645,83.34494,3.226400,1.250360,106.1110,127.9600,14.00890
2018-02-19,84793.00,,,3.228200,1.241188,106.2610,,
2018-02-20,85804.00,238.2632,83.25506,3.233100,1.239864,106.7090,126.2400,14.05117
2018-02-21,86052.00,237.0780,83.00993,3.254300,1.233532,107.3810,125.6600,14.03426
2018-02-22,86686.00,237.3853,83.12433,3.267600,1.228184,107.5550,126.3000,14.16108
2018-02-23,87293.00,241.1691,83.44299,3.248700,1.232666,106.8140,126.1400,14.25408
2018-02-26,87653.00,243.9696,83.54102,3.237200,1.228713,107.0740,126.4500,14.33017
2018-02-27,86935.00,240.9233,83.27957,3.222500,1.231557,107.0690,125.1300,14.18644
2018-02-28,85481.00,238.4827,83.47569,3.248500,1.223032,107.4260,125.0000,14.03426
2018-03-01,85378.00,235.0150,83.83491,3.244800,1.219126,106.6400,124.7200,14.05963
2018-03-02,85761.00,236.2265,83.52394,3.250000,1.227084,106.1630,125.3900,14.05963
2018-03-05,86023.00,238.9566,83.41759,3.249600,1.231542,105.5560,125.1800,14.14417
2018-03-06,85653.00,239.5625,83.40937,3.241000,1.233654,106.2500,126.5300,14.19490
2018-03-07,85484.00,239.4747,83.40937,3.208000,1.241665,105.5370,125.7200,14.04272
2018-03-08,84985.00,240.6336,83.58122,3.242900,1.241465,106.1860,125.4200,13.95817
2018-03-09,86371.00,244.8211,83.40122,3.266100,1.230663,106.4060,125.5400,14.09345
2018-03-12,86900.00,244.5139,83.59757,3.256100,1.230875,106.8910,125.5400,14.06808
2018-03-13,86384.00,242.9336,83.73672,3.260300,1.233958,106.2600,125.7800,14.02581
2018-03-14,86051.00,241.6869,83.90036,3.258700,1.239234,106.5080,125.7000,14.02581
2018-03-15,84928.00,241.4237,83.86763,3.258500,1.237562,106.1550,124.9000,14.01736
2018-03-16,84886.00,241.6854,83.76945,3.282100,1.230921,106.3090,124.6000,14.06808
2018-03-19,83913.00,238.4153,83.68759,3.280100,1.228079,105.9690,124.8700,13.97508
2018-03-20,84164.00,238.8208,83.52394,3.284100,1.233685,105.9960,124.3100,14.06808
2018-03-21,84977.00,238.3625,83.58122,3.308700,1.225190,106.4690,126.4800,14.32171
2018-03-22,84768.00,232.4041,83.92490,3.272700,1.234766,105.9290,125.9800,14.21180
2018-03-23,84377.00,227.4505,84.03950,3.314100,1.232499,104.9680,127.6100,14.33862
2018-03-25,,,,3.314500,1.235437,104.8590,,
2018-03-26,85088.00,233.6733,83.81036,3.310300,1.245749,105.5000,128.2800,14.34708
2018-03-27,83808.00,229.6981,84.28496,3.322900,1.240787,105.4930,127.4900,14.28789
2018-03-28,83874.00,229.0194,84.26862,3.319300,1.231027,106.8120,125.7300,14.22871
2018-03-29,85366.00,231.9457,84.44041,3.303500,1.230285,106.4790,125.7900,14.35553
2018-04-01,,,,3.302000,1.231421,106.3120,,
2018-04-02,84666.00,226.9392,84.52650,3.309400,1.229271,105.7990,127.2600,14.16108
2018-04-03,84623.00,229.8480,84.25601,3.339400,1.227853,106.4360,126.3000,14.23717
2018-04-04,84360.00,232.3071,84.20680,3.327700,1.228682,106.7740,126.4500,14.17799
2018-04-05,85210.00,234.1404,83.99372,3.341600,1.225160,107.0520,125.8000,14.24562
2018-04-06,84820.00,228.9225,84.36256,,,,126.3900,14.14417
2018-04-08,,,,3.367500,1.227144,106.9680,,
2018-04-09,83307.00,230.0507,84.37898,3.421000,1.232240,106.7490,126.8200,14.32171
2018-04-10,84510.00,233.7086,84.23143,3.407300,1.236308,107.1130,127.1200,14.56689
2018-04-11,85246.00,232.4835,84.31341,3.373100,1.237164,106.8290,128.1100,14.67680
2018-04-12,85444.00,234.3961,84.01016,3.411000,1.232970,107.2220,126.6200,14.61762
2018-04-13,84334.00,233.7086,84.08386,,,,127.4500,14.62607
2018-04-15,,,,3.424300,1.233259,107.4980,,
2018-04-16,82862.00,235.6301,84.04293,3.416100,1.238513,107.0460,127.6300,14.57534
2018-04-17,84086.00,238.1508,84.09206,3.405800,1.237317,107.0160,127.7500,14.58380
2018-04-18,85776.00,238.3272,83.76426,3.377100,1.237915,107.3460,127.8500,14.85434
2018-04-19,85824.00,237.0051,83.53465,3.382700,1.234553,107.4320,127.6000,14.79516
2018-04-20,85550.00,234.9955,83.25600,,,,126.6300,14.76979
2018-04-22,,,,3.413700,1.227340,107.8690,,
2018-04-23,85602.00,234.9601,83.17404,3.448900,1.220897,108.7610,125.6200,14.76134
2018-04-24,85469.00,231.7959,83.07561,3.471500,1.224140,108.8030,126.2300,14.68525
2018-04-25,85044.00,232.3688,82.89533,3.480900,1.217167,109.3640,125.4100,14.71061
2018-04-26,86383.00,234.7310,83.13300,3.474200,1.210962,109.3000,124.9700,14.78670
2018-04-27,86445.00,234.9514,83.27240,,,,125.5000,14.77825
2018-04-29,,,,3.458100,1.212283,109.0980,,
2018-04-30,86115.00,233.1445,83.36253,3.505800,1.208123,109.3230,124.5900,14.84588
2018-05-01,,233.5587,83.23194,3.506100,1.199156,109.8720,123.7100,14.76134
2018-05-02,84547.00,231.9898,83.24840,3.549600,1.195100,109.8270,123.6500,14.76134
2018-05-03,83288.00,231.4786,83.46193,3.526600,1.198926,109.0960,124.2800,14.85434
2018-05-04,83118.00,234.4754,83.47014,,,,124.5400,14.95579
2018-05-06,,,,3.525500,1.195500,109.1460,,
2018-05-07,82714.00,235.2687,83.42908,3.549200,1.193374,108.9430,124.5700,14.94734
2018-05-08,82956.00,235.2687,83.28945,3.561900,1.186789,109.0240,124.5900,14.98961
2018-05-09,84265.00,237.5427,83.10055,3.590300,1.184722,109.8470,124.3300,15.12488
2018-05-10,85861.00,239.7639,83.27304,3.549500,1.191753,109.4360,125.1800,15.20097
2018-05-11,85220.00,240.4955,83.28122,,,,125.0000,15.10797
2018-05-13,,,,3.602900,1.195214,109.3380,,
2018-05-14,85232.00,240.6101,83.10055,3.621600,1.193118,109.7310,124.4900,15.21788
2018-05-15,85130.00,238.9530,82.64068,3.648700,1.182089,110.2970,122.4800,15.23479
2018-05-16,86537.00,239.9578,82.46827,3.674400,1.181698,110.3590,122.2900,15.31933
2018-05-17,83622.00,239.7551,82.41895,3.695100,1.179523,110.8280,122.3600,15.33624
2018-05-18,83082.00,239.1557,82.73920,,,,122.4100,15.34470
2018-05-20,,,,3.738400,1.176664,110.8800,,
2018-05-21,81815.00,240.9538,82.79672,3.675700,1.179245,110.9780,122.4800,15.46305
2018-05-22,82739.00,240.2839,82.76389,3.646000,1.178856,110.7260,122.4100,15.47996
2018-05-23,80867.00,240.9450,83.14165,3.625600,1.171015,109.8690,122.5400,15.56450
2018-05-24,80122.00,240.4514,83.35516,3.648100,1.172264,109.3120,123.5900,15.46305
2018-05-25,78898.00,239.8785,83.68364,,,,123.2100,15.23479
2018-05-27,,,,3.626200,1.168893,109.6230,,
2018-05-28,75356.00,,,3.734200,1.162696,109.3890,,
2018-05-29,76072.00,237.1197,84.58701,3.724100,1.153935,108.3940,123.1900,15.09106
2018-05-30,76754.00,240.2839,84.22568,3.722100,1.166725,108.7120,123.3700,15.28551
2018-05-31,,238.8120,84.18460,3.722000,1.169317,108.7490,123.1000,15.24324
2018-06-01,77240.00,241.1566,83.87358,,,,122.4900,15.14179
2018-06-03,,,,3.761600,1.166861,109.5980,,
2018-06-04,78596.00,242.3024,83.57734,3.744500,1.170056,109.9630,122.3700,14.96424
2018-06-05,76642.00,242.4787,83.79131,3.804300,1.172622,109.8590,122.8500,14.98961
2018-06-06,76117.00,244.5060,83.45388,3.843400,1.178550,110.1250,122.9200,15.04033
2018-06-07,73851.00,244.4795,83.80773,3.900700,1.179523,109.6940,122.8600,15.09952
2018-06-08,72942.00,245.2023,83.69254,,,,123.0100,15.09106
2018-06-10,,,,3.704900,1.178398,109.4430,,
2018-06-11,72308.00,245.5284,83.61026,3.708800,1.177413,110.3860,123.2300,15.08261
2018-06-12,72754.00,245.8457,83.56088,3.715000,1.174826,110.4520,122.8200,15.07415
2018-06-13,72122.00,245.0613,83.46212,3.718800,1.180777,110.2420,123.1900,15.13333
2018-06-14,71421.00,245.6783,83.72545,3.804000,1.156658,110.6450,123.3800,14.96424
2018-06-15,70758.00,245.3649,83.79131,,,,121.3400,14.60071
2018-06-17,,,,3.728700,1.159595,110.6170,,
2018-06-18,69815.00,244.8602,83.83244,3.746200,1.163075,110.1380,121.1100,14.72752
2018-06-19,71394.00,243.9217,84.05459,3.745000,1.158856,110.0710,120.8000,14.57534
2018-06-20,72123.00,244.3378,83.78306,3.769100,1.157903,110.3520,120.2600,14.55843
2018-06-21,70075.00,242.8061,84.00522,3.765100,1.160578,109.9520,120.0500,14.44853
2018-06-22,70641.00,243.2489,84.02166,,,,120.3400,14.73598
2018-06-24,,,,3.786300,1.166140,109.9370,,
2018-06-25,70953.00,239.9375,84.13691,3.775100,1.170275,109.6430,119.8900,14.56689
2018-06-26,71405.00,240.4687,84.17802,3.795800,1.165026,110.0970,119.2600,14.71061
2018-06-27,70609.00,238.4765,84.49894,3.860100,1.156363,110.2150,118.5800,14.78670
2018-06-28,71767.00,239.8401,84.41665,3.859500,1.156297,110.4860,118.2200,14.77825
2018-06-29,72763.00,240.1854,84.35081,,,,118.6500,14.94734
2018-07-01,,,,3.875600,1.167856,110.7100,,
2018-07-02,72840.00,240.6989,84.29314,3.912600,1.164212,110.8710,117.4600,14.63452
2018-07-03,73668.00,239.8490,84.50745,3.896300,1.165922,110.4080,118.6500,14.61762
2018-07-04,74743.00,,,3.911000,1.166235,110.5020,,
2018-07-05,74553.00,241.8056,84.51572,3.931300,1.169591,110.5790,119.0500,14.70216
2018-07-06,75010.00,243.8509,84.58986,,,,118.8600,14.76979
2018-07-08,,,,3.865900,1.175226,110.4220,,
2018-07-09,,246.0466,84.37557,3.871300,1.175696,110.9530,119.1500,14.84588
2018-07-10,74862.00,246.9320,84.30961,3.815100,1.172704,110.8310,118.9300,14.81207
2018-07-11,74399.00,245.1258,84.48273,3.876100,1.167679,111.9580,117.6400,14.29635
2018-07-12,75856.00,247.3481,84.44973,3.880700,1.166589,112.6650,118.1300,14.37244
2018-07-13,76594.00,247.5429,84.58986,,,,117.6100,14.39780
2018-07-15,,,,3.849400,1.167910,112.3990,,
2018-07-16,76653.00,247.3215,84.44973,3.856000,1.170946,112.3740,117.5500,14.09345
2018-07-17,78130.00,248.3220,84.40028,3.835900,1.165325,113.0120,116.2800,14.11035
2018-07-18,77363.00,248.8444,84.33432,3.849200,1.164565,112.7910,116.3100,14.23717
2018-07-19,77487.00,247.9059,84.56518,3.828500,1.165515,112.3630,115.8100,14.22026
2018-07-20,78571.00,247.6225,84.26836,,,,116.5600,14.32171
2018-07-22,,,,3.770800,1.174191,111.0530,,
2018-07-23,77996.00,248.0829,83.85618,3.780400,1.169413,111.4600,116.0000,14.37244
2018-07-24,79155.00,249.3313,83.91392,3.746100,1.168552,111.2410,116.0400,14.44853
2018-07-25,80218.00,251.4563,83.85618,3.686400,1.173750,110.8450,116.6800,14.64298
2018-07-26,79405.00,250.8630,83.76552,3.744300,1.164293,111.1460,115.7700,14.64298
2018-07-27,79866.00,249.1631,83.89742,,,,115.8300,14.58380
2018-07-29,,,,3.711100,1.166045,110.9340,,
2018-07-30,80276.00,247.8616,83.79026,3.728100,1.170741,110.9940,115.6500,14.66834
2018-07-31,79220.00,249.0834,83.90563,3.753000,1.168962,111.8080,115.9900,14.58380
2018-08-01,79302.00,248.6673,83.70743,3.747000,1.166589,111.6200,115.1400,14.37244
2018-08-02,79637.00,250.0220,83.80650,3.748400,1.158601,111.6900,114.5200,14.45698
2018-08-03,81435.00,251.0933,84.02129,,,,114.9200,14.50771
2018-08-05,,,,3.702300,1.156230,111.2340,,
2018-08-06,81051.00,252.0141,84.06263,3.734500,1.155802,111.3400,114.3300,14.53307
2018-08-07,80347.00,252.8463,83.88912,3.750500,1.160295,111.3450,114.5900,14.64298
2018-08-08,79152.00,252.7400,83.96349,3.770100,1.161076,110.8920,114.9100,14.46544
2018-08-09,78768.00,252.3947,84.19476,3.799600,1.152392,111.0910,114.7400,14.40626
2018-08-10,76514.00,250.7037,84.55818,,,,114.6900,14.40626
2018-08-12,,,,3.865400,1.139471,110.6290,,
2018-08-13,77496.00,249.7651,84.53343,3.882000,1.140251,110.6610,112.9600,14.33017
2018-08-14,78602.00,251.3589,84.45084,3.864400,1.134572,111.2460,113.0700,14.35553
2018-08-15,77078.00,249.4818,84.65733,3.900600,1.134430,110.5760,111.1900,14.04272
2018-08-16,76819.00,251.5005,84.63254,3.903900,1.137139,111.0040,111.1000,14.15263
2018-08-17,76029.00,252.3859,84.66553,,,,112.1300,14.21180
2018-08-19,,,,3.909800,1.143772,110.4750,,
2018-08-20,76328.00,252.9259,84.92991,3.966000,1.149135,109.9480,112.6900,14.23717
2018-08-21,75180.00,253.5192,84.81426,4.048500,1.157675,110.1340,113.0200,14.26253
2018-08-22,76902.00,253.3687,84.97120,4.036900,1.158480,110.5880,113.2700,14.46544
2018-08-23,75634.00,253.0323,84.96295,4.112300,1.154335,111.3670,112.2000,14.44007
2018-08-24,76262.00,254.5550,84.98772,,,,114.1600,14.54998
2018-08-26,,,,4.102800,1.164890,111.2820,,
2018-08-27,77930.00,256.5649,84.79773,4.077500,1.168361,111.1370,114.5900,14.60071
2018-08-28,77473.00,256.6888,84.60777,4.133900,1.169126,111.1620,113.6800,14.54153
2018-08-29,78389.00,258.0700,84.58296,4.105500,1.170974,111.7120,114.2000,14.70216
2018-08-30,76404.00,257.0252,84.73990,4.148600,1.166466,110.9990,113.6400,14.67680
2018-08-31,76678.00,257.0341,84.75640,,,,113.5100,14.69370
2018-09-02,,,,4.053700,1.160106,111.1440,,
2018-09-03,76193.00,,,4.154800,1.161548,111.0880,,
2018-09-04,74712.00,256.5913,84.56277,4.153700,1.158655,111.4610,112.9300,14.60916
2018-09-05,75092.00,255.9008,84.55452,4.143100,1.163521,111.4490,113.3200,14.54998
2018-09-06,76416.00,255.1305,84.72831,4.057300,1.162007,110.4950,113.5400,14.46544
2018-09-07,,254.6347,84.34757,,,,113.2300,14.49926
2018-09-09,,,,4.043800,1.156109,110.9200,,
2018-09-10,76436.00,255.0774,84.39724,4.084600,1.159595,111.1480,113.1500,14.54998
2018-09-11,74657.00,255.9186,84.09101,4.151600,1.159608,111.6070,113.2200,14.69370
2018-09-12,75125.00,255.9806,84.19032,4.159800,1.162926,111.2200,114.1700,14.79516
2018-09-13,74687.00,257.4945,84.18204,4.205000,1.169180,112.0120,113.7600,14.63452
2018-09-14,75429.00,257.5388,84.02480,,,,113.0200,14.54153
2018-09-16,,,,4.172000,1.162899,111.9530,,
2018-09-17,76789.00,256.1752,84.04137,4.132100,1.166916,111.6900,113.6100,14.52462
2018-09-18,78314.00,257.5654,83.69372,4.158400,1.167992,112.2770,113.4400,14.65989
2018-09-19,78169.00,257.8398,83.55302,4.130300,1.167461,112.3170,113.8800,14.75289
2018-09-20,78116.00,259.9292,83.56126,4.076000,1.177593,112.4950,114.2700,14.75289
2018-09-21,79444.00,259.6918,83.59440,,,,113.4900,14.78670
2018-09-23,,,,4.050000,1.175102,112.5240,,
2018-09-24,77984.00,258.8291,83.50336,4.091300,1.175295,112.7860,113.4700,15.00652
2018-09-25,78630.00,258.5891,83.42060,4.073600,1.176318,112.9690,113.6500,15.04033
2018-09-26,78656.00,257.8153,83.69372,4.030800,1.174853,112.7040,113.0500,14.97270
2018-09-27,80000.00,258.5357,83.69372,4.012000,1.163738,113.3570,112.0500,15.04033
2018-09-28,79342.00,258.5623,83.73510,,,,112.7600,15.19251
2018-09-30,,,,4.052700,1.160537,113.7960,,
2018-10-01,78624.00,259.4606,83.52277,4.016400,1.157756,113.9460,112.5700,15.47996
2018-10-02,81612.00,259.3094,83.73842,3.939500,1.155175,113.5770,113.8700,15.53069
2018-10-03,83273.00,259.4517,83.11642,3.900400,1.147631,114.4860,113.4200,15.67442
2018-10-04,82953.00,257.4239,82.90076,3.873900,1.151808,113.8940,113.4800,15.50533
2018-10-05,82322.00,255.9830,82.70174,,,,113.8000,15.47151
2018-10-07,,,,3.835800,1.152260,113.7150,,
2018-10-08,86084.00,255.9830,82.73494,3.777200,1.149412,113.0970,112.5400,15.42924
2018-10-09,86088.00,255.6095,82.89248,3.714800,1.150695,112.9980,112.6000,15.53914
2018-10-10,83679.00,247.5161,82.93397,3.754800,1.153336,112.0920,112.8800,15.23479
2018-10-11,82921.00,242.0642,83.27400,3.781500,1.159044,112.0800,115.7800,15.00652
2018-10-12,,245.4261,83.17448,,,,115.2300,15.12488
2018-10-14,,,,3.781600,1.155135,112.1920,,
2018-10-15,83360.00,244.0475,83.22420,3.733900,1.158346,111.8410,116.0000,15.15870
2018-10-16,85718.00,249.3839,83.21589,3.723600,1.157528,112.3420,115.8000,15.22633
2018-10-17,85764.00,249.4283,82.97546,3.686200,1.150086,112.6280,115.7900,15.09106
2018-10-18,83847.00,245.8263,83.12471,3.720300,1.146000,112.1850,115.9200,14.92198
2018-10-19,84220.00,245.6929,83.02514,,,,116.0100,15.00652
2018-10-21,,,,3.710900,1.150947,112.4800,,
2018-10-22,85597.00,244.5901,83.04176,3.682300,1.146789,112.7570,115.7100,15.02343
2018-10-23,85300.00,243.3450,83.25742,3.692400,1.147315,112.4440,116.3900,14.69370
2018-10-24,83064.00,235.9719,83.70525,3.731100,1.139926,112.0120,116.6600,14.59225
2018-10-25,84084.00,240.2054,83.50620,3.704900,1.137786,112.3500,116.4000,14.65143
2018-10-26,85720.00,235.9808,83.87939,,,,116.7700,14.76134
2018-10-29,83797.00,234.6734,83.87112,3.641600,1.139874,111.9080,116.3100,14.60916
2018-10-30,86886.00,238.1509,83.68870,3.715800,1.137618,112.3240,115.8000,14.53307
2018-10-31,87424.00,240.6945,83.48133,3.694600,1.134636,113.0520,115.1500,14.33862
2018-11-01,88419.00,243.2560,83.55282,3.720700,1.131670,112.8510,116.6300,14.23717
2018-11-02,,241.8151,83.08737,3.694900,1.140329,112.7150,116.6500,14.20335
2018-11-05,89598.00,243.1492,83.13725,3.700000,1.139757,113.1390,116.3700,14.19490
2018-11-06,88669.00,244.6879,83.04580,3.724600,1.141292,113.2460,116.0400,14.13572
2018-11-07,87714.00,249.9263,83.04580,3.759900,1.143851,113.3630,116.0300,14.10190
2018-11-08,85620.00,249.4728,82.92943,3.730400,1.143406,113.5470,115.7800,14.01736
2018-11-09,85641.00,247.0359,83.25360,3.759200,1.136842,113.9530,114.4800,13.86518
2018-11-12,85525.00,242.4200,83.50293,3.729400,1.132503,113.8460,113.6600,13.83136
2018-11-13,84914.00,241.9663,83.56940,3.766400,1.123343,113.6960,113.7000,13.45091
2018-11-14,85973.00,240.3121,83.74395,3.801400,1.131119,113.7890,114.6400,13.56927
2018-11-15,,242.8201,83.80216,3.782400,1.131183,113.5640,114.7700,13.54391
2018-11-16,88515.00,243.4516,84.05978,3.782400,1.132490,113.5550,115.6200,13.62846
2018-11-19,87901.00,239.3338,84.18446,3.742500,1.141396,112.7300,115.6700,13.62846
2018-11-20,,234.9046,84.16782,3.754400,1.145502,112.4430,115.6700,13.21419
2018-11-21,87269.00,235.7051,84.15121,3.755700,1.137242,112.7030,115.8600,13.32410
2018-11-22,87477.00,,,3.796100,1.138835,113.0210,,
2018-11-23,86230.00,234.1308,84.20108,3.803100,1.140316,112.9780,115.7700,12.93520
2018-11-26,85547.00,237.9108,84.13458,3.673000,1.133735,112.9190,115.6400,12.99438
2018-11-27,87891.00,238.7112,84.21772,3.939700,1.133337,113.5040,114.9500,12.94365
2018-11-28,89251.00,244.2077,84.20940,3.873500,1.129880,113.7670,115.3800,12.90138
2018-11-29,89710.00,243.6739,84.42551,3.849200,1.136855,113.5550,115.7400,12.98592
2018-11-30,89504.00,245.1593,84.59172,3.851000,1.139277,113.4110,115.5400,12.92674
2018-12-03,89820.00,248.4055,84.77663,3.865200,1.134224,113.7630,116.4100,13.22264
2018-12-04,88624.00,240.3565,85.16799,3.840800,1.135486,113.5870,117.1200,13.23110
2018-12-05,89040.00,,,3.851100,1.134288,112.6990,,
2018-12-06,88846.00,239.9919,85.38455,3.867400,1.134906,113.0510,117.1400,13.12119
2018-12-07,88115.00,234.4155,85.63445,3.877800,1.137475,112.6890,118.0900,13.27337
2018-12-10,85915.00,234.8602,85.68443,3.905800,1.140095,112.5020,117.6800,13.06201
2018-12-11,86420.00,234.9135,85.46786,3.916700,1.135654,113.1810,117.5400,13.13810
2018-12-12,86977.00,236.0964,85.23469,3.902600,1.132311,113.3840,117.7900,13.09583
2018-12-13,87838.00,236.0164,85.28469,3.854100,1.137346,113.2850,117.5300,13.26492
2018-12-14,87450.00,231.6584,85.41788,3.890700,1.136364,113.5600,117.0600,13.06201
2018-12-17,86400.00,227.1136,85.66777,3.915500,1.130595,113.3900,117.8700,12.90983
2018-12-18,86610.00,226.8646,85.87888,3.897600,1.134984,112.8290,118.1500,12.63929
2018-12-19,85674.00,223.4671,86.17937,3.910900,1.137540,112.5240,117.4300,12.69002
2018-12-20,85269.00,219.8296,86.07086,3.896200,1.138952,112.4100,119.2400,12.57166
2018-12-21,85697.00,215.3254,86.14597,3.838900,1.145685,111.1710,118.7200,12.46175
2018-12-24,,209.6358,86.36299,3.843400,1.137281,111.0540,120.0200,12.32387
2018-12-25,,,,3.902600,1.140394,110.3110,,
2018-12-26,85136.00,220.2276,85.95402,3.902800,1.141553,110.4020,119.6600,12.59792
2018-12-27,85460.00,221.9184,86.17100,3.920600,1.136131,111.2060,120.5700,12.47802
2018-12-28,87887.00,221.6321,86.63838,3.871500,1.143105,110.8550,121.0600,12.37525
2018-12-31,,223.5733,86.96384,3.874200,1.143995,110.3300,121.2500,12.40951
2019-01-01,,,,3.880000,1.149306,109.6300,,
2019-01-02,91012.00,223.8059,87.14748,3.879900,1.146171,109.6680,121.3300,12.44377
2019-01-03,91564.00,218.4653,87.84017,3.786300,1.131811,107.4410,122.4300,12.54653
2019-01-04,91841.00,225.7830,87.13078,3.755100,1.139108,107.8080,121.4400,12.71782
2019-01-07,91699.00,227.5632,86.88878,3.661200,1.141044,108.5220,121.8600,12.81203
2019-01-08,92032.00,229.7012,86.67173,3.734100,1.147974,108.6160,121.5300,12.94049
2019-01-09,93613.00,230.7747,86.72185,3.712400,1.145607,108.7760,122.3100,13.19741
2019-01-10,93806.00,231.5888,86.68011,3.680000,1.155495,108.1890,121.5900,13.16316
2019-01-11,93658.00,231.6783,86.93887,3.707900,1.151013,108.2980,121.8000,13.12034
2019-01-14,94474.00,230.2648,86.88878,3.659600,1.146014,108.4580,122.0900,13.00900
2019-01-15,94056.00,232.9039,86.80531,3.697500,1.147289,108.2500,121.8800,13.11177
2019-01-16,94393.00,233.4674,86.75523,3.716400,1.141683,108.6440,122.2700,13.18029
2019-01-17,95351.00,235.2386,86.59668,3.734300,1.139809,109.0370,122.1100,13.18885
2019-01-18,96097.00,238.3697,86.32123,3.748900,1.139264,109.1530,121.0200,13.32588
2019-01-21,96010.00,,,3.750200,1.136557,109.6610,,
2019-01-22,95103.00,235.1492,86.62165,3.751400,1.136932,109.6700,121.4500,13.23167
2019-01-23,96558.00,235.6412,86.57997,3.812000,1.136402,109.3550,121.2800,13.21454
2019-01-24,97677.00,235.7665,86.85535,3.762300,1.138822,109.4920,121.0900,13.24880
2019-01-25,,237.7614,86.65507,3.769800,1.131350,109.5970,122.8600,13.31731
2019-01-28,95444.00,235.9544,86.68011,3.769600,1.141305,109.4000,123.2900,13.13746
2019-01-29,95639.00,235.6412,86.93049,3.759600,1.143001,109.2540,123.9800,13.26593
2019-01-30,96996.00,239.3717,87.13078,3.718500,1.143537,109.4170,124.6900,13.36013
2019-01-31,97394.00,241.4739,87.53139,3.681400,1.148765,108.9810,124.7500,13.29162
2019-02-01,97861.00,241.5902,87.06303,3.642800,1.144951,108.8440,124.5000,13.41152
2019-02-04,98589.00,243.2899,86.87066,3.657300,1.145528,109.4380,123.9600,13.42008
2019-02-05,98311.00,244.3097,87.02122,3.667000,1.143628,109.9610,124.2800,13.36013
2019-02-06,94636.00,243.9877,87.08812,3.668300,1.140993,109.9410,123.4400,13.37726
2019-02-07,94406.00,241.6618,87.37250,3.694700,1.136596,109.9740,123.7400,13.24880
2019-02-08,95343.00,241.9570,87.48955,3.714900,1.133877,109.7560,124.2100,13.26593
2019-02-11,94413.00,242.0911,87.35574,3.728600,1.132426,109.8100,123.6000,13.18885
2019-02-12,96168.00,245.2043,87.23863,3.755200,1.127904,110.4000,123.8600,13.26593
2019-02-13,95842.00,246.0005,87.02122,3.708000,1.133466,110.5150,123.3700,13.34301
2019-02-14,98015.00,245.4548,87.43104,3.753200,1.126494,110.9230,124.0600,13.37726
2019-02-15,97526.00,248.1296,87.34741,3.722000,1.129535,110.5380,124.8000,13.62562
2019-02-18,96510.00,,,3.646800,1.129803,110.5640,,
2019-02-19,97659.00,248.5590,87.49792,3.731700,1.131196,110.5910,126.7000,13.65988
2019-02-20,96545.00,249.0599,87.48122,3.722000,1.134301,110.5720,126.4800,13.70270
2019-02-21,96932.00,248.1743,87.22192,3.724000,1.134636,110.7650,125.0500,13.74552
2019-02-22,97886.00,249.7130,87.48122,3.766500,1.134301,110.7080,125.5000,13.77978
2019-02-25,97240.00,250.0529,87.34741,3.746300,1.134224,110.7720,125.3700,13.57424
2019-02-26,97603.00,249.8740,87.60664,3.750400,1.136751,111.0460,125.5800,13.63419
2019-02-27,97307.00,249.7666,87.29726,3.747100,1.139315,110.5560,124.6900,13.70270
2019-02-28,95584.00,249.3015,87.07141,3.727300,1.138019,110.8620,123.9900,13.66844
2019-03-01,94604.00,250.8580,86.78567,3.747500,1.137346,111.3570,121.8800,13.51429
2019-03-04,,249.9456,87.05380,3.721400,1.137592,111.9380,121.5600,13.55711
2019-03-05,,249.6057,87.10408,3.774100,1.133735,111.7770,121.7200,13.62562
2019-03-06,94217.00,248.0938,87.34708,3.774400,1.130710,111.8660,121.6100,13.54855
2019-03-07,94340.00,246.0183,87.64039,3.836800,1.131401,111.6230,121.5100,13.51429
2019-03-08,95365.00,245.5264,87.76605,3.869300,1.119833,111.6340,122.8400,13.50572
2019-03-11,98027.00,249.0868,87.69903,3.813400,1.123242,111.0800,122.2400,13.52285
2019-03-12,97828.00,250.0261,87.94205,3.837300,1.125923,111.3420,122.9800,13.60850
2019-03-13,98904.00,251.6811,87.90852,3.811600,1.128745,111.3060,123.8400,13.69414
2019-03-14,98605.00,251.5200,87.78278,3.813300,1.133106,111.1960,122.4100,13.63419
2019-03-15,99137.00,252.7627,88.05935,3.840500,1.130838,111.7530,122.9700,13.63419
2019-03-18,99994.00,253.6791,87.94205,3.813000,1.131977,111.5610,123.0400,13.70270
2019-03-19,99588.00,253.7421,87.88337,3.790000,1.133620,111.3730,123.3800,13.73696
2019-03-20,98041.00,252.9783,88.49508,3.787700,1.135486,111.4010,124.1800,13.83973
2019-03-21,96729.00,255.8356,88.45316,3.774200,1.142792,110.6600,123.6800,13.77121
2019-03-22,93735.00,250.9118,89.10677,3.791000,1.137501,110.8060,123.9700,13.65132
2019-03-25,93662.00,250.7231,89.33302,3.906000,1.129586,110.0810,124.9200,13.70270
2019-03-26,95307.00,252.5919,89.25761,3.853600,1.131580,110.0680,124.3000,13.72839
2019-03-27,91903.00,251.2712,89.51736,3.875000,1.127485,110.5540,123.6500,13.65132
2019-03-28,94389.00,252.2236,89.52573,3.988200,1.125176,110.4900,121.9000,13.60850
2019-03-29,95415.00,253.8140,89.38327,3.897700,1.123002,110.6370,122.0100,13.61706
2019-03-31,,,,3.922500,1.122385,110.9950,,
2019-04-01,96054.00,256.8239,88.76865,3.848500,1.120574,111.4510,121.5300,13.74552
2019-04-02,95387.00,256.9497,88.91982,3.852300,1.120385,111.3050,121.9800,13.77978
2019-04-03,94491.00,257.3541,88.64268,3.868300,1.124695,111.3950,121.8000,13.79691
2019-04-04,96313.00,258.0370,88.73508,3.855900,1.122586,111.6580,122.1100,13.80547
2019-04-05,97108.00,259.2859,88.77706,,,,121.9800,13.84829
2019-04-07,,,,3.874000,1.121957,111.7110,,
2019-04-08,97369.00,259.4836,88.63429,3.848200,1.125644,111.4560,122.5100,13.89968
2019-04-09,96292.00,258.1538,88.79389,3.848000,1.126697,111.1050,123.1500,13.87398
2019-04-10,95953.00,259.0344,89.00377,3.824000,1.127650,110.9850,123.5300,13.99388
2019-04-11,94755.00,258.9625,88.80224,3.855800,1.126075,111.6210,121.9500,13.92537
2019-04-12,92875.00,260.7146,88.39082,,,,121.8300,13.96819
2019-04-14,,,,3.880300,1.130506,112.0280,,
2019-04-15,93083.00,260.5439,88.50836,3.870400,1.130493,111.9430,121.6000,13.94250
2019-04-16,94333.00,260.7146,88.20609,3.903800,1.128503,111.9930,120.5100,13.89111
2019-04-17,93285.00,260.0767,88.22286,3.936700,1.129714,112.0360,120.2800,13.83973
2019-04-18,94578.00,260.5888,88.43278,3.926700,1.123595,111.9890,120.3700,13.88255
2019-04-21,,,,3.934500,1.124455,111.9100,,
2019-04-22,94588.00,260.8134,88.30685,3.934100,1.125898,111.9290,120.3700,13.95106
2019-04-23,95923.00,263.1586,88.46636,3.918300,1.122435,111.8770,120.1200,13.96819
2019-04-24,95045.00,262.5745,88.80224,3.989600,1.115349,112.1300,120.4700,13.91681
2019-04-25,96552.00,262.4128,88.69305,3.952700,1.113685,111.5390,120.5700,13.89111
2019-04-26,96236.00,263.6348,88.92818,,,,121.3700,13.72839
2019-04-28,,,,3.929200,1.115026,111.5930,,
2019-04-29,96188.00,264.0481,88.74350,3.944300,1.118518,111.6770,120.8300,13.73696
2019-04-30,96353.00,264.1828,88.91982,3.916900,1.121604,111.3950,121.2000,13.77978
2019-05-01,,262.1972,88.87939,3.919300,1.120084,111.4520,120.4000,13.73696
2019-05-02,95528.00,261.6310,88.62698,3.966200,1.117356,111.4950,119.9400,13.58280
2019-05-03,96008.00,264.1919,88.74477,,,,120.6500,13.59137
2019-05-05,,,,3.936600,1.118581,110.6230,,
2019-05-06,95009.00,263.1046,88.97195,3.968200,1.120185,110.8050,120.8100,13.63419
2019-05-07,94389.00,258.7109,89.27483,3.968700,1.119107,110.2570,121.2100,13.46290
2019-05-08,95597.00,258.3515,89.10654,3.926300,1.119833,110.0280,120.9100,13.48003
2019-05-09,94808.00,257.5698,89.34215,3.945400,1.122208,109.8070,121.2000,13.41152
2019-05-10,94258.00,258.8636,89.28324,,,,121.4300,13.43721
2019-05-12,,,,3.959700,1.123646,109.6540,,
2019-05-13,91727.00,252.3583,89.72917,3.990500,1.123255,109.1540,122.6700,13.36870
2019-05-14,92092.00,254.6405,89.64503,3.975100,1.120448,109.6710,122.4600,13.54855
2019-05-15,91623.00,256.1322,89.93106,3.999900,1.120724,109.4750,122.3900,13.66844
2019-05-16,90024.00,258.5042,89.75437,4.046200,1.117356,109.8710,121.5100,13.74552
2019-05-17,89993.00,256.8330,89.79642,,,,120.6500,13.61706
2019-05-19,,,,4.097400,1.116532,110.1600,,
2019-05-20,91946.00,255.1348,89.64503,4.094900,1.116857,110.0700,120.6400,13.67701
2019-05-21,94485.00,257.4350,89.54406,,,,120.3600,13.68557
2019-05-22,94361.00,256.6443,89.81334,4.036800,1.115548,110.2210,120.2400,13.48860
2019-05-23,93910.00,253.5084,90.36012,4.038700,1.118456,109.5580,121.1700,13.20598
2019-05-24,93628.00,254.0835,90.33498,,,,121.3000,13.38583
2019-05-26,,,,4.021200,1.120963,109.4010,,
2019-05-27,94864.00,,,4.042100,1.119382,109.5090,,
2019-05-28,96393.00,251.7204,90.73035,4.023600,1.117069,109.3460,120.8300,13.49716
2019-05-29,96567.00,250.0312,90.69671,3.973400,1.113735,109.5420,120.8700,13.44578
2019-05-30,97457.00,250.7141,91.02486,3.980000,1.113115,109.3570,121.6900,13.30875
2019-05-31,97030.00,247.3356,91.63062,,,,123.3300,12.95762
2019-06-02,,,,3.924200,1.117406,108.2120,,
2019-06-03,97020.00,246.7067,92.07149,3.884100,1.124632,108.0270,125.1100,12.91480
2019-06-04,97380.00,252.0619,91.73428,3.853600,1.125404,108.2540,125.1500,12.99187
2019-06-05,95999.00,254.2452,91.73428,3.879400,1.122902,108.3280,125.4700,12.72638
2019-06-06,97205.00,255.8985,91.71745,3.878400,1.127650,108.4540,125.8800,12.94905
2019-06-07,97821.00,258.4594,92.07993,,,,126.5900,12.99187
2019-06-09,,,,3.876500,1.132016,108.4490,,
2019-06-10,97467.00,259.6453,91.62468,3.884500,1.131811,108.3590,125.3300,12.95762
2019-06-11,98960.00,259.5825,91.62468,3.855100,1.132952,108.4740,125.1800,13.04326
2019-06-12,98321.00,259.1242,91.86073,3.865900,1.129561,108.4880,125.8300,12.86341
2019-06-13,98774.00,260.1935,92.08834,3.848200,1.128044,108.3210,126.6000,13.02613
2019-06-14,98040.00,259.9059,92.15577,,,,126.5600,13.07752
2019-06-16,,,,3.894500,1.121705,108.5760,,
2019-06-17,97623.00,260.0047,92.13895,3.887000,1.122460,108.5390,126.4800,13.01757
2019-06-18,99404.00,262.7272,92.31596,3.859500,1.119821,108.5730,127.1200,13.17172
2019-06-19,100303.0,263.3203,92.56882,3.835400,1.123848,108.1150,127.8900,13.14603
2019-06-20,,265.8362,92.72059,3.837700,1.129561,107.2770,131.1100,13.41152
2019-06-21,102013.0,265.4497,92.34124,,,,131.9800,13.44578
2019-06-23,,,,3.820500,1.138472,107.3120,,
2019-06-24,102062.0,265.1248,92.66158,3.825600,1.140030,107.3270,133.9400,13.50572
2019-06-25,100093.0,262.5244,92.80486,3.845500,1.136997,107.1660,134.2000,13.54855
2019-06-26,100689.0,262.2625,92.42555,3.842900,1.137475,107.7380,132.9700,13.61706
2019-06-27,100724.0,263.1925,92.70372,3.816000,1.137294,107.7470,132.8400,13.61706
2019-06-28,100967.0,264.5469,92.74586,,,,133.2000,13.47147
2019-06-30,,,,3.849500,1.136493,108.3820,,
2019-07-01,101340.0,266.9485,92.62933,3.839600,1.128745,108.3660,130.6200,13.46290
2019-07-02,100605.0,267.6438,92.95869,3.843900,1.129305,107.8050,133.4100,13.24024
2019-07-03,102043.0,269.7836,93.13604,3.825000,1.128796,107.7790,133.6300,13.36870
2019-07-04,103636.0,,,3.800800,1.128579,107.8080,,
2019-07-05,104089.0,269.4767,92.54489,,,,132.1400,13.39439
2019-07-07,,,,3.819100,1.122738,108.4740,,
2019-07-08,104530.0,267.9958,92.45200,3.799100,1.121604,108.7210,131.2900,13.37726
2019-07-09,,268.3300,92.39288,3.799000,1.120825,108.9240,131.7500,13.42008
2019-07-10,105817.0,269.6121,92.44356,3.750300,1.125885,108.3340,133.8300,13.71127
2019-07-11,105146.0,270.2441,91.98754,3.754800,1.125239,108.5880,132.7000,13.71983
2019-07-12,103906.0,271.4539,92.08888,,,,133.5300,13.75409
2019-07-14,,,,3.734400,1.127205,107.8320,,
2019-07-15,103803.0,271.5442,92.28306,3.753700,1.126177,107.8890,133.5300,13.60850
2019-07-16,103775.0,270.6684,92.08044,3.767200,1.121227,108.2010,132.4000,13.46290
2019-07-17,103856.0,268.8266,92.51112,3.761800,1.122965,107.9370,134.5800,13.34301
2019-07-18,104717.0,269.8106,92.73912,3.717400,1.126152,107.4010,136.4800,13.24880
2019-07-19,103452.0,268.3119,92.57024,,,,134.4700,13.32588
2019-07-21,,,,3.745900,1.121831,107.8100,,
2019-07-22,103949.0,268.9710,92.61246,3.739800,1.120611,107.9040,134.4500,13.28306
2019-07-23,103704.0,270.8941,92.46040,3.772400,1.115126,108.2320,133.6900,13.36870
2019-07-24,104120.0,272.1672,92.59551,3.771300,1.114243,108.1890,134.3700,13.30875
2019-07-25,102655.0,270.8671,92.43509,3.775200,1.114616,108.6660,133.4200,13.25736
2019-07-26,102819.0,272.6819,92.41824,,,,133.6400,13.27449
2019-07-28,,,,3.773500,1.113214,108.6330,,
2019-07-29,103483.0,272.1852,92.50268,3.780100,1.114305,108.8660,134.5300,13.32588
2019-07-30,102933.0,271.5171,92.54489,3.789300,1.115797,108.5620,134.9800,13.40295
2019-07-31,101812.0,268.5466,92.78136,3.811700,1.107175,108.8200,133.2100,13.31731
2019-08-01,102126.0,266.2082,93.83372,3.837300,1.107886,107.4310,136.4100,12.94905
2019-08-02,102674.0,264.2038,94.02830,,,,135.8900,12.96618
2019-08-04,,,,3.883900,1.110803,106.5770,,
2019-08-05,100098.0,256.2583,94.84042,3.973100,1.124379,105.5930,137.7900,12.85485
2019-08-06,102164.0,259.8517,94.99267,3.958700,1.120699,106.3370,138.9100,12.78633
2019-08-07,102782.0,260.0053,94.99267,3.967400,1.120436,106.1210,141.0200,12.62361
2019-08-08,104115.0,265.1066,95.00112,3.917600,1.118718,105.8740,141.7300,12.69213
2019-08-09,103996.0,263.3009,94.85733,,,,141.2600,12.80346
2019-08-11,,,,3.940200,1.120850,105.3820,,
2019-08-12,101915.0,260.0956,95.45796,3.983900,1.121831,105.3580,142.6300,12.70926
2019-08-13,103299.0,264.1405,95.11958,3.962400,1.117706,106.5900,141.7800,13.00900
2019-08-14,100258.0,256.3306,95.75404,4.050300,1.114330,105.9160,142.7500,12.81203
2019-08-15,99057.00,257.0077,96.36317,3.990100,1.111358,106.0830,143.7000,12.70926
2019-08-16,99806.00,260.7998,96.10937,,,,142.7800,12.70069
2019-08-18,,,,4.004600,1.109385,106.4300,,
2019-08-19,99469.00,263.9419,95.65253,4.073200,1.108316,106.5740,141.1100,12.76064
2019-08-20,99222.00,261.9195,96.07553,4.051700,1.109779,106.2740,142.2100,12.79490
2019-08-21,101202.0,264.0503,95.82172,4.024000,1.109078,106.5970,141.7600,12.83772
2019-08-22,100011.0,263.9689,95.61028,4.068000,1.108402,106.4680,141.4000,12.77777
2019-08-23,97667.00,257.1883,96.25314,,,,144.1700,12.68356
2019-08-25,,,,4.126200,1.114305,104.8520,,
2019-08-26,96430.00,260.0324,96.16012,4.151500,1.110371,105.9780,144.1900,12.67500
2019-08-27,97276.00,259.0121,96.57462,4.122800,1.109004,105.7380,145.5700,12.76064
2019-08-28,98194.00,260.8360,96.60848,4.167700,1.108586,106.0700,145.1600,12.87197
2019-08-29,100524.0,264.1676,96.42235,4.168100,1.106195,106.4380,144.1200,12.90623
2019-08-30,101135.0,264.0503,96.44773,,,,143.7500,12.70069
2019-09-01,,,,4.143900,1.099179,106.1280,,
2019-09-02,100626.0,,,4.184400,1.096852,106.1930,,
2019-09-03,99681.00,262.5063,96.65960,4.165100,1.097454,105.8610,145.7500,12.63218
2019-09-04,101201.0,265.4859,96.81211,4.093200,1.103497,106.3250,146.6600,12.93192
2019-09-05,102243.0,268.8988,96.03255,4.106000,1.103631,107.0720,143.1400,12.91480
2019-09-06,102935.0,269.1064,96.09181,,,,141.9200,12.94905
2019-09-08,,,,4.061300,1.102062,106.9450,,
2019-09-09,103181.0,269.2419,95.49870,4.093400,1.104838,107.3370,141.3900,13.06895
2019-09-10,103032.0,269.1787,94.80381,4.079500,1.105033,107.6000,140.1800,13.08608
2019-09-11,103446.0,271.0927,94.71061,4.064200,1.101346,108.0210,141.0300,12.99187
2019-09-12,104371.0,272.0319,94.49879,4.058900,1.105828,108.1760,141.3200,12.94049
2019-09-13,103501.0,271.8513,93.63448,,,,140.1500,12.94049
2019-09-15,,,,4.085500,1.108340,107.7650,,
2019-09-16,103680.0,271.0115,94.04119,4.079300,1.100594,108.1610,141.3200,13.51429
2019-09-17,104617.0,271.6977,94.28690,4.076000,1.107469,108.0870,141.6000,13.25736
2019-09-18,104532.0,271.8602,94.32082,4.107300,1.103144,108.4250,140.7100,13.17172
2019-09-19,104339.0,271.8422,94.36323,4.166600,1.104850,108.0410,141.2800,13.24024
2019-09-20,104817.0,270.5577,94.90550,,,,142.9500,13.25736
2019-09-22,,,,4.148300,1.101904,107.6520,,
2019-09-23,104638.0,270.4943,95.04108,4.161500,1.099372,107.6140,143.7500,13.29162
2019-09-24,103876.0,268.3718,95.51560,4.161700,1.101686,107.1630,144.5100,13.13746
2019-09-25,104481.0,269.9591,94.88856,4.147100,1.095290,107.6920,141.8300,13.06039
2019-09-26,105319.0,269.3968,95.09193,4.169200,1.092275,107.7560,141.7900,13.06039
2019-09-27,105078.0,267.9454,95.22750,,,,141.0600,13.00900
2019-09-29,,,,4.157100,1.094271,107.9440,,
2019-09-30,104745.0,269.1882,95.30375,4.154800,1.089966,108.0690,138.8700,12.88054
2019-10-01,104053.0,265.9861,95.56772,4.154600,1.093494,107.7370,139.6300,12.87197
2019-10-02,101031.0,261.2876,95.89867,4.124400,1.096371,107.1630,141.2600,12.76064
2019-10-03,101516.0,263.4283,96.39938,4.082900,1.097538,106.8260,141.9000,12.74351
2019-10-04,102551.0,266.9930,96.58608,,,,141.9000,12.84628
2019-10-06,,,,4.054600,1.098660,106.7640,,
2019-10-07,100573.0,265.8411,96.26361,4.105100,1.097213,107.2510,140.6900,12.82915
2019-10-08,99981.00,261.7139,96.46732,4.090900,1.096011,106.9610,141.9200,12.82059
2019-10-09,101249.0,264.1993,96.22120,4.108300,1.098780,107.1780,142.0500,12.85485
2019-10-10,101817.0,265.9861,95.61863,4.108400,1.101103,107.8800,140.8100,12.94049
2019-10-11,103832.0,268.7437,94.96518,,,,140.0300,13.09464
2019-10-13,,,,4.108500,1.103000,108.4590,,
2019-10-14,104302.0,268.4445,95.22829,4.123700,1.102901,108.3880,140.5900,13.03469
2019-10-15,104490.0,271.1021,94.76999,4.178600,1.103473,108.8170,139.6100,13.00044
2019-10-16,105423.0,270.6667,94.95666,4.148600,1.107493,108.6770,140.4100,13.01757
2019-10-17,105016.0,271.4648,94.92272,4.161100,1.112718,108.5810,140.6100,13.06895
2019-10-18,104729.0,270.2766,95.00761,,,,140.4600,13.06039
2019-10-20,,,,4.111100,1.115573,108.4080,,
2019-10-21,106022.0,272.1089,94.65965,4.124764,1.115175,108.6010,139.7900,13.04326
2019-10-22,107381.0,271.2200,94.88030,4.078400,1.112929,108.4830,140.2000,13.06039
2019-10-23,107544.0,272.0090,94.91426,4.033100,1.113239,108.6420,140.5300,13.22311
2019-10-24,106986.0,272.4536,94.89727,4.039300,1.110396,108.6060,141.5300,13.29162
2019-10-25,107364.0,273.5692,94.69360,,,,141.8600,13.36870
2019-10-28,108187.0,275.1113,94.33715,4.002900,1.108426,108.7340,140.6400,13.31731
2019-10-29,107556.0,275.0296,94.42200,3.988800,1.109915,108.9640,140.2500,13.29162
2019-10-30,108408.0,275.8731,94.88030,3.996700,1.111482,108.8740,141.0200,13.20598
2019-10-31,107220.0,275.1384,95.48283,3.986200,1.115449,108.7890,142.4300,13.12890
2019-11-01,108196.0,277.6873,95.30268,4.016000,1.115710,107.9960,142.5600,13.36870
2019-11-04,108601.0,278.8030,94.81819,3.989400,1.116657,108.2200,142.1500,13.45434
2019-11-05,108451.0,278.4945,94.30823,4.010800,1.112855,108.6940,139.8500,13.48860
2019-11-06,108336.0,278.5581,94.58021,3.992000,1.107420,109.1460,140.4500,13.34301
2019-11-07,109581.0,279.5377,93.82378,4.082300,1.107040,108.9130,138.2700,13.33444
2019-11-08,107629.0,280.2271,93.69628,4.099500,1.101970,109.2740,137.3900,13.36870
2019-11-11,108215.0,279.6917,93.79829,4.133400,1.102244,109.2260,137.0600,13.28306
2019-11-12,106785.0,280.2815,93.84078,4.151300,1.103546,109.0420,137.4300,13.29162
2019-11-13,105914.0,280.3722,94.09578,4.167900,1.101237,108.9930,137.9800,13.31731
2019-11-14,106557.0,280.7804,94.57168,4.168600,1.101322,108.7980,138.5600,13.27449
2019-11-15,,282.8122,94.49522,4.194300,1.102050,108.4920,138.2100,13.34301
2019-11-18,106347.0,283.0208,94.65675,4.194800,1.105510,108.6990,138.6200,13.20598
2019-11-19,105618.0,282.9391,94.83523,4.216400,1.107236,108.6620,138.6900,13.08608
2019-11-20,,281.8870,95.18369,4.191700,1.108000,108.4450,138.7600,13.25736
2019-11-21,107497.0,281.4334,94.94567,4.195000,1.107886,108.4780,138.0000,13.37726
2019-11-22,108692.0,282.0593,94.92870,4.191700,1.106586,108.5850,137.7400,13.36870
2019-11-25,108424.0,284.2454,94.97123,4.195000,1.102256,108.7300,137.0800,13.36870
2019-11-26,107059.0,284.8893,95.14968,4.225400,1.101443,108.9920,137.7400,13.44578
2019-11-27,107708.0,286.1592,94.90321,4.231800,1.102256,109.0970,137.0100,13.37726
2019-11-28,108290.0,,,4.262700,1.100485,109.3670,,
2019-11-29,108233.0,285.0980,94.82668,4.188000,1.101176,109.5120,137.8600,13.11177
2019-12-02,109061.0,282.6762,94.48625,4.236100,1.101904,109.5350,137.7900,13.09464
2019-12-03,108956.0,280.7804,95.32890,4.222300,1.107911,109.0220,139.1100,13.10321
2019-12-04,110301.0,282.5128,94.96287,4.204000,1.108525,108.6530,138.9200,13.30875
2019-12-05,110622.0,283.0208,94.74158,4.206100,1.108303,108.8320,139.0000,13.33444
2019-12-06,111126.0,285.6059,94.45221,4.184600,1.110543,108.7380,137.6200,13.42008
2019-12-09,110977.0,284.7079,94.52880,4.118900,1.105889,108.6270,137.5800,13.40295
2019-12-10,110672.0,284.3904,94.41814,4.141100,1.106499,108.5820,137.9700,13.46290
2019-12-11,110964.0,285.1978,94.80965,4.144600,1.109275,108.7640,138.9200,13.40295
2019-12-12,112200.0,287.6559,94.06063,4.123700,1.113586,108.5490,138.4300,13.52285
2019-12-13,112565.0,287.8282,94.61391,4.087248,1.118606,109.4130,139.0500,13.59137
2019-12-16,111896.0,289.8055,94.17132,4.085800,1.112446,109.4000,139.0400,13.68557
2019-12-17,112616.0,289.8692,94.17982,4.061900,1.113697,109.5760,139.0100,13.74552
2019-12-18,114315.0,289.8872,93.92447,4.070200,1.115138,109.5160,139.0200,13.75409
2019-12-19,115131.0,291.0755,93.99776,4.059663,1.111593,109.5510,139.3800,13.81404
2019-12-20,115121.0,292.3517,93.99776,4.068800,1.112595,109.3830,139.5200,13.79691
2019-12-23,115863.0,292.7982,93.91256,4.079900,1.107984,109.4990,139.9500,13.80039
2019-12-24,,292.8075,94.07448,4.082000,1.109385,109.3820,141.2700,13.86130
2019-12-25,,,,4.082800,1.109016,109.3830,,
2019-12-26,117203.0,294.3661,94.21089,4.083000,1.109545,109.3690,142.3800,13.96571
2019-12-27,116534.0,294.2932,94.34727,4.054700,1.110112,109.5420,142.3300,13.99182
2019-12-30,115964.0,292.6706,94.28754,4.022300,1.118230,109.4280,142.6300,13.96571
2019-12-31,,293.3817,93.94662,4.015711,1.120230,108.8730,142.9000,13.87870
2020-01-01,,,,4.016786,1.122083,108.6810,,
2020-01-02,118573.0,296.1252,94.38136,4.016300,1.122083,108.7130,143.9500,13.89610
2020-01-03,117707.0,293.8830,95.01208,4.023400,1.117144,108.5430,145.8600,14.06143
2020-01-06,116878.0,295.0042,94.90980,4.057000,1.116196,107.9640,147.3900,14.08753
2020-01-07,116662.0,294.1747,94.77345,4.060400,1.119799,108.4060,147.9700,14.07883
2020-01-08,116247.0,295.7425,94.55182,4.066200,1.115474,108.0160,146.8600,13.87000
2020-01-09,115947.0,297.7478,94.62003,4.062800,1.111321,109.0310,146.0300,13.80909
2020-01-10,115503.0,296.8909,94.82458,4.092100,1.111111,109.5070,146.9100,13.80909
2020-01-13,117325.0,298.9327,94.71378,4.070500,1.111667,109.5660,145.8200,13.70467
2020-01-14,117632.0,298.4770,94.90130,4.145800,1.113573,109.9920,145.6900,13.76558
2020-01-15,116414.0,299.1515,95.13995,4.131300,1.113090,109.8540,146.5400,13.69597
2020-01-16,116704.0,301.6399,94.94388,4.174200,1.115400,109.8830,146.3100,13.67857
2020-01-17,118478.0,302.5789,94.86720,4.183600,1.113958,110.1750,146.5800,13.72208
2020-01-20,118862.0,,,4.161600,1.109459,110.1800,,
2020-01-21,117026.0,301.9864,95.24224,4.188500,1.109693,110.1730,146.7400,13.64376
2020-01-22,118391.0,302.0228,95.25930,4.210900,1.108561,109.9080,146.7900,13.46103
2020-01-23,119528.0,302.3692,95.49793,4.181300,1.109644,109.7280,147.1200,13.34792
2020-01-24,118376.0,299.6802,95.83887,4.169100,1.105522,109.5520,147.9800,13.14778
2020-01-27,114482.0,294.8765,96.48665,4.159500,1.102536,108.8020,148.9900,12.90415
2020-01-28,116479.0,297.9665,96.16279,4.206100,1.101977,108.9200,147.6600,12.96506
2020-01-29,115385.0,297.7205,96.62309,4.193400,1.102256,109.1320,148.4600,12.90415
2020-01-30,115528.0,298.6867,96.71682,4.228900,1.101686,108.9870,148.4700,12.79103
2020-01-31,113761.0,293.2632,97.20262,4.242200,1.102913,108.8770,149.3300,12.68661
2020-02-03,114629.0,295.4416,97.11983,4.282600,1.108979,108.3720,148.3600,12.45168
2020-02-04,115557.0,299.9445,96.55653,4.246800,1.106293,108.6120,146.4300,12.46908
2020-02-05,116028.0,303.4083,96.13831,4.253700,1.104728,109.4470,146.6100,12.66051
2020-02-06,115190.0,304.4292,96.20660,4.233600,1.100231,109.8140,147.4000,12.71272
2020-02-07,113770.0,302.8067,96.66750,4.280800,1.098298,109.9680,147.7900,12.64310
2020-02-10,112570.0,305.0672,96.85529,4.320400,1.094931,109.6450,148.1700,12.52999
2020-02-11,115371.0,305.5959,96.62483,4.320975,1.091346,109.7660,147.6600,12.57349
2020-02-12,116674.0,307.5649,96.37733,4.327531,1.091941,109.8430,147.5400,12.74752
2020-02-13,115662.0,307.2368,96.46267,4.354500,1.087595,109.8460,148.3800,12.75622
2020-02-14,114381.0,307.7289,96.70164,4.346767,1.084599,109.7580,149.0000,12.74752
2020-02-17,115309.0,,,4.297000,1.084175,109.7910,,
2020-02-18,114977.0,306.9359,96.85529,4.326500,1.084011,109.8300,150.9100,12.84324
2020-02-19,116518.0,308.4034,96.83817,4.354800,1.079540,109.9190,151.7900,12.96506
2020-02-20,114586.0,307.1364,97.11983,4.364000,1.081010,111.2100,152.4100,12.91285
2020-02-21,113681.0,303.9734,97.51250,4.392300,1.078800,111.9540,154.7000,12.86064
2020-02-24,,293.8921,98.27206,4.389800,1.083905,111.5570,156.0900,12.61700
2020-02-25,,284.9865,98.54520,4.386600,1.084920,110.8570,153.3000,12.38206
2020-02-26,105718.0,283.9383,98.49397,4.386800,1.088200,110.2860,153.9700,12.26024
2020-02-27,102984.0,271.1861,98.97194,4.449100,1.088589,110.3630,154.0000,12.05141
2020-02-28,104172.0,270.0467,100.0815,4.484800,1.099723,109.6600,148.3800,11.84258
2020-03-02,106625.0,281.7415,100.0131,4.441300,1.105131,107.6970,149.2000,12.11232
2020-03-03,105537.0,273.6746,101.1753,4.472400,1.114405,108.4870,153.8900,12.13842
2020-03-04,107224.0,285.1780,100.9531,4.513200,1.118068,107.0370,154.1600,12.14713
2020-03-05,102233.0,275.6982,101.8504,4.583400,1.113908,107.6770,157.4900,12.01661
2020-03-06,97997.00,271.1405,102.8843,4.606200,1.122385,106.2480,157.5500,11.62504
2020-03-09,86067.00,249.9659,103.8072,4.589800,1.138602,103.9380,157.8100,10.72010
2020-03-10,92214.00,262.9004,101.9017,4.722900,1.139796,103.1120,154.4800,11.05945
2020-03-11,85171.00,250.0845,100.8847,4.642100,1.131651,105.0260,153.9300,10.85932
2020-03-12,72583.00,226.1570,100.9360,4.813800,1.126152,104.5500,147.7900,10.42425
2020-03-13,82678.00,245.4904,100.2780,4.790200,1.118493,104.6100,143.2800,10.53737
2020-03-16,71168.00,218.6279,102.9271,4.852600,1.115536,106.6880,141.6400,9.902170
2020-03-17,74617.00,230.4321,100.3464,4.999000,1.116321,106.1750,143.5600,9.745544
2020-03-18,66895.00,218.7647,98.95354,5.009700,1.101552,107.3770,140.7000,9.423594
2020-03-19,68332.00,219.2295,99.27826,5.103962,1.096155,108.3600,138.0400,9.623727
2020-03-20,67069.00,209.7820,101.8076,5.094200,1.065735,111.2910,140.1100,9.519310
2020-03-23,63570.00,204.4183,103.0125,5.045500,1.069439,110.4620,146.3000,9.632426
2020-03-24,69729.00,222.9392,102.3118,5.141700,1.076461,110.8270,153.4000,9.841260
2020-03-25,74956.00,226.2766,102.3716,5.098100,1.080264,111.1200,151.3000,10.00659
2020-03-26,77710.00,239.4889,102.6194,5.033700,1.088957,110.8760,153.2400,9.971782
2020-03-27,73429.00,232.3556,103.3800,5.022600,1.104826,109.1090,152.2500,9.936975
2020-03-29,,,,5.104629,1.113908,107.4130,,
2020-03-30,74640.00,239.9014,103.6192,5.192700,1.103047,108.0350,152.9200,9.910871
2020-03-31,73020.00,236.3257,103.8072,5.203500,1.102657,107.5080,148.0500,9.789052
2020-04-01,70967.00,225.6898,104.2298,5.248200,1.095362,107.2570,149.4500,9.510609
2020-04-02,72253.00,230.8977,104.2469,5.255300,1.084740,108.0010,151.9000,9.693336
2020-04-03,69538.00,227.5603,104.3240,,,,152.6500,9.936975
2020-04-05,,,,5.348500,1.080696,108.6930,,
2020-04-06,74073.00,242.8447,103.8534,5.285300,1.080380,109.1150,156.8800,9.989183
2020-04-07,76358.00,243.0923,103.3914,5.221700,1.089514,108.6510,156.0400,10.05879
2020-04-08,78625.00,251.2524,103.2631,5.123500,1.086366,108.9220,154.6500,10.03269
2020-04-09,77682.00,255.0759,103.4855,5.105800,1.092741,108.5610,158.6900,10.05879
2020-04-12,,,,5.105500,1.093267,108.3360,,
2020-04-13,78836.00,252.7469,103.2631,5.198500,1.092299,107.6230,161.4100,10.23282
2020-04-14,79918.00,260.2012,103.4000,5.162000,1.098539,107.1040,162.6800,10.14581
2020-04-15,78831.00,254.6724,104.3240,5.237000,1.090510,107.6090,161.8500,9.936975
2020-04-16,77812.00,255.9010,104.4352,5.230900,1.085847,107.9450,161.7100,9.910871
2020-04-17,78990.00,262.8144,104.1614,,,,158.5700,9.954378
2020-04-19,,,,5.232700,1.086697,107.6700,,
2020-04-20,78973.00,258.1840,104.4352,5.315400,1.086484,107.6690,159.7000,9.789052
2020-04-21,,250.3447,104.7261,5.315000,1.085647,107.7210,158.6100,9.327879
2020-04-22,80687.00,255.9010,104.4010,5.456900,1.080964,107.8130,161.7300,9.458400
2020-04-23,79673.00,255.8827,104.4694,5.533100,1.077702,107.6670,163.3400,9.432295
2020-04-24,75331.00,259.4493,104.4951,,,,162.6400,9.310476
2020-04-26,,,,5.572600,1.082368,107.4950,,
2020-04-27,78239.00,263.1902,103.9390,5.652600,1.082485,107.2830,161.5600,9.136448
2020-04-28,81312.00,261.9799,104.3924,5.497400,1.083658,106.7410,160.8400,9.145150
2020-04-29,83171.00,268.8381,104.3410,5.334800,1.087725,106.6100,161.7300,9.310476
2020-04-30,80506.00,266.3351,104.0930,5.486000,1.094547,107.2850,158.8000,9.484504
2020-05-01,,259.2843,104.2368,,,,159.7800,9.362685
2020-05-03,,,,5.477000,1.095963,106.7380,,
2020-05-04,78876.00,259.9995,104.2540,5.540600,1.090429,106.6970,160.3400,9.475802
2020-05-05,79471.00,262.4018,104.1769,5.578100,1.083858,106.4520,161.0200,9.719441
2020-05-06,79064.00,260.6230,103.7915,5.715200,1.079855,106.1910,158.9500,9.528009
2020-05-07,78119.00,263.7678,104.4253,5.828719,1.083717,106.3590,161.3900,9.588921
2020-05-08,80263.00,268.1322,104.0827,,,,160.4200,9.789052
2020-05-10,,,,5.477000,1.083952,106.9190,,
2020-05-11,79065.00,268.1872,103.7915,5.817100,1.080941,107.5660,159.4200,9.658532
2020-05-12,77872.00,262.8418,104.1341,5.884800,1.084681,107.1380,160.0400,9.580219
2020-05-13,77772.00,258.1932,104.3482,5.886400,1.082368,106.9330,161.5800,9.484504
2020-05-14,79011.00,261.2831,104.5109,5.809400,1.080696,107.3650,163.0100,9.649830
2020-05-15,77557.00,262.4843,104.4424,,,,163.9300,9.745544
2020-05-17,,,,5.855200,1.082134,107.2080,,
2020-05-18,81194.00,270.4794,103.8001,5.719000,1.091512,107.3810,162.6900,10.02399
2020-05-19,80742.00,267.7013,104.0913,5.755200,1.092777,107.8100,164.2600,9.997885
2020-05-20,81319.00,272.2490,104.1170,5.690500,1.098298,107.5910,164.6500,10.17191
2020-05-21,83027.00,270.3694,104.1855,5.552400,1.095290,107.6310,162.2500,10.12841
2020-05-22,82173.00,270.8828,104.3824,,,,163.2100,10.05009
2020-05-24,,,,5.528700,1.090780,107.7350,,
2020-05-25,85663.00,,,5.443400,1.090300,107.6870,,
2020-05-26,85469.00,274.2202,104.1084,5.344000,1.098177,107.4910,160.8900,10.15451
2020-05-27,87946.00,278.3004,104.1940,5.272700,1.101686,107.7980,161.1800,10.02399
2020-05-28,86949.00,277.7870,104.0998,5.403600,1.107911,107.6430,161.7200,10.07620
2020-05-29,87403.00,279.0247,104.4338,,,,162.9100,10.25022
2020-05-31,,,,5.334800,1.111852,107.7080,,
2020-06-01,88620.00,280.1525,104.3927,5.366500,1.112595,107.5480,163.6600,10.31114
2020-06-02,91046.00,282.4722,104.2213,5.199300,1.118944,108.8090,162.6000,10.42425
2020-06-03,93002.00,286.2314,103.6040,5.061600,1.123595,108.9990,159.6000,10.42425
2020-06-04,93829.00,285.4795,103.1925,5.117200,1.133787,109.1500,161.2800,10.51127
2020-06-05,94637.00,292.7963,102.6781,,,,158.0100,10.72010
2020-06-07,,,,4.959500,1.131952,109.6340,,
2020-06-08,97645.00,296.3355,102.7896,4.821600,1.130557,108.4090,159.7200,10.65049
2020-06-09,96747.00,294.1257,103.1582,4.898400,1.133222,107.7970,161.2600,10.68529
2020-06-10,94686.00,292.4845,103.9297,4.972200,1.136544,106.9810,163.5700,10.75491
2020-06-11,,275.6231,104.2984,4.975000,1.128808,106.8030,162.3900,10.40685
2020-06-12,92795.00,278.9238,104.0669,,,,162.6200,10.45036
2020-06-14,,,,5.047800,1.125201,107.3110,,
2020-06-15,92376.00,281.5277,103.9811,5.153207,1.133774,107.4640,162.3300,10.54607
2020-06-16,93531.00,286.9465,103.7668,5.243600,1.126570,107.4100,162.2500,10.63309
2020-06-17,95547.00,285.7546,103.9297,5.227900,1.124290,106.8940,162.5600,10.58088
2020-06-18,96125.00,285.8647,104.1612,5.377200,1.121100,107.0060,162.2400,10.64179
2020-06-19,96572.00,284.2310,104.1955,,,,164.0300,10.72880
2020-06-21,,,,5.310000,1.117756,106.8310,,
2020-06-22,95336.00,286.0544,104.1012,5.251900,1.127968,106.9030,165.0900,10.84192
2020-06-23,95975.00,287.3712,104.0669,5.151000,1.131235,106.4320,166.4800,10.78971
2020-06-24,94377.00,280.0408,104.2641,5.346600,1.125087,107.0440,165.9000,10.51997
2020-06-25,95983.00,283.0430,104.2812,5.359500,1.122208,107.1550,165.8000,10.61568
2020-06-26,93834.00,276.3203,104.5641,,,,166.5400,10.48516
2020-06-28,,,,5.480900,1.122586,107.2180,,
2020-06-29,95735.00,280.3815,104.6670,5.402100,1.124720,107.5900,166.6300,10.65919
2020-06-30,95056.00,283.9731,104.4784,5.461700,1.123595,107.9890,167.3700,10.71140
2020-07-01,96203.00,285.9622,104.3154,5.316200,1.125138,107.3660,166.6200,10.79841
2020-07-02,96235.00,287.5370,104.4441,5.358900,1.123785,107.4970,166.9800,10.84192
2020-07-03,96765.00,,,,,,,
2020-07-05,,,,5.311400,1.124720,107.5790,,
2020-07-06,98937.00,291.9758,104.2896,5.354300,1.131286,107.3590,167.9800,10.92893
2020-07-07,97761.00,288.9645,104.6243,5.377800,1.127523,107.5780,169.0400,10.93763
2020-07-08,99770.00,291.1747,104.4612,5.342600,1.133915,107.2830,170.0900,11.07686
2020-07-09,99160.00,289.5170,104.7959,5.337800,1.128796,107.2360,169.6300,10.94634
2020-07-10,100032.0,292.4731,104.5900,,,,169.1900,11.01595
2020-07-12,,,,5.326900,1.131004,106.9100,,
2020-07-13,98697.00,289.9406,104.7015,5.401500,1.134550,107.2760,169.4000,10.90283
2020-07-14,100440.0,293.6980,104.6929,5.366800,1.141070,107.2450,170.1900,10.95504
2020-07-15,101791.0,296.3961,104.6586,5.366948,1.141719,106.9170,170.3400,11.08556
2020-07-16,100553.0,295.4200,104.7358,5.330700,1.139212,107.2780,168.7300,10.99854
2020-07-17,102888.0,296.2765,104.7101,,,,170.1200,11.01595
2020-07-19,,,,5.385300,1.144296,107.0900,,
2020-07-20,104426.0,298.6708,104.7787,5.327700,1.145869,107.1960,170.9400,11.00725
2020-07-21,104310.0,299.3064,104.8903,5.169800,1.153403,106.8320,173.0000,11.16387
2020-07-22,104290.0,301.0100,104.9246,5.118100,1.156872,107.1750,175.6300,11.23348
2020-07-23,102293.0,297.4184,105.0276,5.210600,1.159608,106.8380,177.1800,11.20738
2020-07-24,102382.0,295.5029,104.9761,,,,178.7000,11.22478
2020-07-26,,,,5.229100,1.165257,105.9930,,
2020-07-27,104477.0,297.6579,104.8130,5.141422,1.176928,105.2610,182.2300,11.32920
2020-07-28,104109.0,295.7700,105.0619,5.152300,1.171880,105.1070,183.7500,11.26829
2020-07-29,105605.0,299.4075,105.1992,5.168800,1.178287,105.0320,185.1300,11.32920
2020-07-30,105009.0,298.3393,105.3451,5.153900,1.187225,104.6830,183.7600,11.19868
2020-07-31,102912.0,300.6969,105.3708,,,,185.4300,11.25959
2020-08-02,,,,5.221200,1.178231,105.8660,,
2020-08-03,102830.0,302.7874,105.3193,5.318700,1.176332,106.0300,185.6400,11.37270
2020-08-04,101216.0,303.9569,105.6799,5.290200,1.181544,105.6140,189.5900,11.43361
2020-08-05,102802.0,305.8448,105.3279,5.290900,1.187282,105.5530,191.3500,11.52933
2020-08-06,104126.0,307.8892,105.4481,5.331300,1.187648,105.5810,193.8900,11.61634
2020-08-07,102776.0,308.1102,105.2248,,,,190.8100,11.45972
2020-08-09,,,,5.437200,1.178273,105.8500,,
2020-08-10,103444.0,309.0311,105.1132,5.480500,1.173778,105.9920,190.1500,11.52063
2020-08-11,102174.0,306.4803,104.7525,5.380400,1.173654,106.5210,179.9400,11.33790
2020-08-12,102118.0,310.7533,104.4433,5.435000,1.179380,106.8220,179.1000,11.45972
2020-08-13,100461.0,310.1916,104.2286,5.367000,1.181656,106.9860,183.3300,11.52063
2020-08-14,101353.0,310.2008,104.2802,,,,182.5400,11.52063
2020-08-16,,,,5.420800,1.185255,106.5540,,
2020-08-17,99595.00,311.1861,104.4519,5.508300,1.187648,105.9950,186.5000,11.71206
2020-08-18,102065.0,311.8584,104.6323,5.465400,1.194786,105.2240,188.1800,11.73816
2020-08-19,100854.0,310.5599,104.4948,5.556400,1.184350,106.0790,182.2400,11.70335
2020-08-20,101468.0,311.5268,104.7954,5.555900,1.187366,105.6650,183.5000,11.68595
2020-08-21,101521.0,312.6319,104.8727,,,,182.0300,11.57284
2020-08-23,,,,5.618600,1.179802,105.8770,,
2020-08-24,102298.0,315.7999,104.7267,5.610600,1.179454,105.9930,181.0000,11.63374
2020-08-25,102118.0,316.9050,104.4777,5.507400,1.183502,106.4050,181.2200,11.72946
2020-08-26,100627.0,320.0821,104.4347,5.607200,1.184273,105.8560,183.3600,11.75556
2020-08-27,100624.0,320.7820,104.0655,5.568700,1.181963,106.6370,181.2400,11.71206
2020-08-28,102143.0,322.8541,104.2373,,,,184.3900,11.79037
2020-08-30,,,,5.390000,1.191824,105.5350,,
2020-08-31,99369.00,321.6845,104.3489,5.490900,1.193902,106.0040,184.8300,11.78167
2020-09-01,102168.0,324.7143,104.6909,5.397300,1.192321,105.8960,185.0500,11.79907
2020-09-02,101911.0,329.4110,104.8370,5.338700,1.184736,106.2080,182.6200,11.64245
2020-09-03,100721.0,318.0746,104.9745,5.289900,1.183978,106.0860,181.1400,11.53803
2020-09-04,101242.0,315.4776,104.3901,,,,181.6400,11.43361
2020-09-06,,,,5.301000,1.183446,106.3110,,
2020-09-07,,,,5.298300,1.182173,106.3050,,
2020-09-08,100050.0,306.8578,104.6135,5.360600,1.177024,105.9680,181.2900,11.15517
2020-09-09,101292.0,312.9173,104.5620,5.308500,1.180638,106.2310,183.0500,11.25959
2020-09-10,98835.00,307.4841,104.6909,5.320500,1.182438,106.1430,182.4600,11.14647
2020-09-11,98363.00,307.6406,104.8542,,,,182.4500,11.22478
2020-09-13,,,,5.316200,1.184273,106.1450,,
2020-09-14,100275.0,311.6926,104.7596,5.268300,1.187000,105.7150,183.8900,11.23348
2020-09-15,100298.0,313.2674,104.7081,5.274300,1.184441,105.3810,183.4500,11.29439
2020-09-16,99676.00,312.0241,104.6479,5.236000,1.180345,105.0620,183.9700,11.50323
2020-09-17,100098.0,309.2798,104.6823,5.237800,1.184820,104.6980,182.9600,11.63374
2020-09-18,98290.00,305.7191,104.5877,,,,183.2000,11.68595
2020-09-20,,,,5.389800,1.184553,104.5370,,
2020-09-21,96991.00,302.3166,104.7768,5.412600,1.176800,104.6900,179.5200,11.39881
2020-09-22,97294.00,305.3955,104.7768,5.469900,1.170837,105.0340,178.6500,11.34660
2020-09-23,95735.00,298.3132,104.7768,5.592400,1.165854,105.3040,174.7900,11.21608
2020-09-24,97012.00,299.1082,104.8284,5.508400,1.167324,105.4350,175.4400,11.26829
2020-09-25,96999.00,303.9439,104.9144,,,,174.9400,11.26829
2020-09-27,,,,5.561100,1.163535,105.5740,,
2020-09-28,94666.00,308.9922,104.8971,5.660200,1.167883,105.4330,176.7000,11.36400
2020-09-29,93580.00,307.3095,104.9745,5.630500,1.174205,105.6640,178.1900,11.23348
2020-09-30,94603.00,309.6394,104.6909,5.608400,1.172608,105.4510,177.1200,11.36400
2020-10-01,95479.00,311.6273,104.7502,5.642000,1.174495,105.5430,178.7000,11.22478
2020-10-02,94016.00,308.6686,104.6470,,,,178.5400,11.08556
2020-10-04,,,,5.681600,1.172044,105.5100,,
2020-10-05,96089.00,314.1423,103.9849,5.573400,1.179245,105.7070,179.4100,11.37270
2020-10-06,95615.00,309.6765,104.2257,5.593800,1.173764,105.6400,177.3000,11.41621
2020-10-07,95526.00,315.0669,103.9247,5.611300,1.176747,105.9650,177.2200,11.45972
2020-10-08,97920.00,317.8592,104.1139,5.598600,1.176700,106.0180,177.8500,11.57284
2020-10-09,97483.00,320.6978,104.0623,,,,181.0800,11.60764
2020-10-11,,,,5.529000,1.181684,105.6320,,
2020-10-12,,325.8569,104.1741,5.529700,1.181614,105.3390,180.5600,11.48582
2020-10-13,98503.00,323.7304,104.4063,5.568500,1.174219,105.4700,177.7200,11.51192
2020-10-14,99334.00,321.6963,104.4407,5.590500,1.174398,105.1390,178.2700,11.59024
2020-10-15,99054.00,321.2987,104.3288,5.611200,1.170713,105.3600,178.9200,11.62504
2020-10-16,98309.00,321.1046,104.2686,,,,178.3000,11.54673
2020-10-18,,,,5.644800,1.171550,105.4270,,
2020-10-19,98658.00,316.2227,104.0967,5.605600,1.176886,105.4700,178.3900,11.55543
2020-10-20,100540.0,317.4893,103.8731,5.604200,1.182984,105.4770,179.2500,11.68595
2020-10-21,100552.0,316.8883,103.7355,5.607800,1.185396,104.6760,180.6000,11.59024
2020-10-22,101918.0,318.6266,103.3743,5.591300,1.181502,104.9210,178.8300,11.62504
2020-10-23,101260.0,319.7084,103.5205,,,,178.6400,11.53803
2020-10-26,101017.0,313.8002,103.7957,5.616200,1.184848,104.6830,178.5500,11.37270
2020-10-27,99606.00,312.7185,104.0279,5.622700,1.180944,104.8320,179.0200,11.45102
2020-10-28,95369.00,302.0300,104.0193,5.705200,1.178411,104.5450,176.1300,11.14647
2020-10-29,96582.00,305.0998,103.5807,5.744900,1.174867,104.3150,175.4000,11.00725
2020-10-30,93952.00,301.9190,103.2453,5.777800,1.167870,104.5540,176.2000,11.00725
2020-11-02,,305.3032,103.4226,5.741400,1.164212,104.5800,177.9100,11.20738
2020-11-03,95587.00,310.6936,103.1902,5.741100,1.164280,104.7250,178.9200,11.27699
2020-11-04,97811.00,317.6372,104.0593,5.754900,1.176221,104.5460,178.8200,11.39881
2020-11-05,100774.0,323.8321,104.0421,5.663000,1.173268,104.4380,182.9300,11.45102
2020-11-06,100799.0,323.7581,103.6893,5.523400,1.181754,103.6030,183.1900,11.40751
2020-11-09,103913.0,327.8264,102.9235,5.362700,1.189301,103.2530,175.0800,11.54673
2020-11-10,105351.0,327.3456,102.6309,5.384700,1.182732,105.1370,175.6600,11.77297
2020-11-11,104532.0,329.7773,102.7944,5.413900,1.181879,105.2600,174.9000,11.76427
2020-11-12,102175.0,326.5782,103.3796,5.390000,1.178030,105.4150,175.9600,11.66855
2020-11-13,104512.0,331.0995,103.2419,5.456700,1.180339,105.0900,177.1600,11.61634
2020-11-16,106430.0,335.2325,103.1644,5.457000,1.184525,104.6760,177.1500,11.72076
2020-11-17,107229.0,333.4295,103.4312,5.414900,1.185944,104.5410,176.5000,11.75556
2020-11-18,106483.0,329.4167,103.3967,5.327200,1.186366,104.1810,175.4900,11.77297
2020-11-19,106517.0,330.8036,103.5086,5.361700,1.184764,103.8940,175.1600,11.77297
2020-11-20,,328.5383,103.6893,5.304500,1.186648,103.8250,175.6900,11.83388
2020-11-23,107379.0,330.5077,103.4828,5.378100,1.186648,103.8170,172.2300,11.86868
2020-11-24,109786.0,335.8334,103.3193,5.440600,1.184273,104.5250,169.5900,12.12102
2020-11-25,110133.0,335.3156,103.3537,5.372600,1.190051,104.5130,169.5100,12.22544
2020-11-26,110227.0,,,5.322600,1.192000,104.4000,,
2020-11-27,110575.0,336.2494,103.6635,5.335300,1.191600,104.2420,167.7900,12.19933
2020-11-30,108888.0,334.7609,103.5947,5.342500,1.197146,104.0820,166.6700,12.12972
2020-12-01,111335.0,338.4222,103.0436,5.331100,1.193816,104.2990,170.1800,12.09492
2020-12-02,111814.0,339.1342,102.8714,5.204900,1.207438,104.3090,171.4600,12.14713
2020-12-03,112919.0,339.0417,103.1469,5.216300,1.211460,104.4580,172.8100,12.16453
2020-12-04,113682.0,341.9636,102.7422,5.151000,1.214565,103.8230,172.3200,12.21674
2020-12-07,113625.0,341.2609,103.0608,5.154400,1.212136,104.1980,174.8900,12.21674
2020-12-08,113571.0,342.2594,103.1641,5.098300,1.211314,103.9980,175.5000,12.23414
2020-12-09,112722.0,339.1897,103.0178,5.119700,1.211094,104.1350,172.5000,12.24284
2020-12-10,114992.0,339.0788,103.2502,5.169700,1.207875,104.2720,172.1700,12.42557
2020-12-11,115323.0,338.6812,103.4569,5.024200,1.214429,104.1820,172.4900,12.39077
2020-12-14,114975.0,337.1649,103.3966,5.064200,1.213340,103.9390,171.5400,12.42557
2020-12-15,116146.0,341.7231,103.2933,5.117700,1.214890,104.0100,173.9400,12.52129
2020-12-16,117947.0,342.2594,103.2072,5.078884,1.215430,103.6340,174.9000,12.59090
2020-12-17,118157.0,344.1734,103.1322,5.083200,1.219959,103.4750,176.7400,12.73882
2020-12-18,117679.0,342.7991,103.0461,5.056900,1.226272,103.1310,176.4400,12.78233
2020-12-21,116016.0,341.5734,103.1150,5.100600,1.221613,103.4570,175.8800,12.65181
2020-12-22,116348.0,340.9977,103.2873,5.118938,1.223691,103.3400,174.4900,12.51258
2020-12-23,117857.0,341.3041,103.0719,5.156655,1.218665,103.5340,175.6500,12.66921
2020-12-24,,342.6319,103.2184,5.215300,1.219141,103.5520,176.3500,12.70401
2020-12-25,,,,5.215300,1.218472,103.6530,,
2020-12-28,119051.0,345.5754,103.2270,5.215300,1.220510,103.5330,175.7100,12.62570
2020-12-29,119475.0,344.9161,103.2098,5.245900,1.222345,103.6890,176.3500,12.66051
2020-12-30,119306.0,345.4082,103.2787,5.208600,1.225295,103.5590,177.7000,12.73882
2020-12-31,,347.1632,103.3476,5.190839,1.229990,103.1210,178.3600,12.79103
2021-01-01,,,,5.192100,1.218027,103.2260,,
2021-01-04,118558.0,342.4370,103.3735,5.191900,1.225070,103.2390,182.3300,12.72142
2021-01-05,119223.0,344.7955,103.1322,5.295300,1.225160,103.1250,182.8700,13.07817
2021-01-06,119851.0,346.8568,102.5291,5.284100,1.230027,102.6780,179.9000,13.09558
2021-01-07,121956.0,352.0102,102.1673,5.312900,1.234111,103.0240,179.4800,13.15649
2021-01-08,125077.0,354.0159,101.8743,5.408800,1.227144,103.7900,173.3400,13.26090
2021-01-11,122807.0,351.6295,101.6761,5.412188,1.218621,104.0910,173.0000,13.16519
2021-01-12,123998.0,351.7038,101.6589,5.487700,1.216070,104.1280,174.1200,13.41753
2021-01-13,122040.0,352.6509,102.0122,5.321400,1.220889,103.7520,173.3700,13.38272
2021-01-14,123481.0,351.4159,101.7795,5.297500,1.216249,103.8370,173.2800,13.50454
2021-01-15,120502.0,348.8531,102.0553,5.195800,1.215126,103.8280,171.1300,13.31311
2021-01-18,121242.0,,,5.291300,1.206811,103.9080,,
2021-01-19,120673.0,351.5923,102.1156,5.294800,1.207729,103.7030,172.5800,13.35662
2021-01-20,119708.0,356.4579,102.1586,5.356700,1.213887,103.8970,175.3900,13.36532
2021-01-21,118443.0,356.7829,102.0122,5.290500,1.211563,103.5550,175.2800,13.35662
2021-01-22,117172.0,355.5201,102.1673,5.349500,1.216629,103.5060,173.9000,13.13038
2021-01-25,,356.9222,102.5808,5.465500,1.216945,103.7770,174.0500,13.26960
2021-01-26,116464.0,356.3651,102.5464,5.465500,1.214624,103.7600,173.6200,13.29571
2021-01-27,115882.0,347.6554,102.6670,5.353800,1.216299,103.6030,172.5200,13.26090
2021-01-28,119314.0,350.6452,102.3999,5.412600,1.210507,104.1430,172.6800,13.19999
2021-01-29,116007.0,343.6255,102.2189,5.437989,1.212004,104.2910,172.6100,13.21740
2021-02-01,117365.0,349.3453,102.3466,5.460800,1.212386,104.6860,174.2300,13.46974
2021-02-02,118234.0,354.2850,102.0879,5.430500,1.206869,104.8810,172.1100,13.57415
2021-02-03,119725.0,354.5636,101.8379,5.366900,1.203905,105.0280,171.8500,13.66987
2021-02-04,119261.0,358.5936,101.8034,5.352000,1.204239,104.9950,168.1500,13.73948
2021-02-05,119925.0,360.0049,101.5879,5.425700,1.196673,105.5720,169.8100,13.80909
2021-02-08,119516.0,362.6048,101.6310,5.369200,1.204877,105.4000,171.5200,14.02662
2021-02-09,119429.0,362.3634,101.7085,5.364300,1.205360,105.2100,172.0800,14.07883
2021-02-10,118430.0,362.2055,101.9672,5.376700,1.211999,104.5750,172.7100,14.05273
2021-02-11,119235.0,362.7905,101.8896,5.384900,1.212121,104.6150,171.2100,14.02662
2021-02-12,119116.0,364.5826,101.5534,5.365400,1.213151,104.7410,170.6900,14.20065
2021-02-15,,,,5.368600,1.212209,105.0590,,
2021-02-16,,364.2670,100.8205,5.368000,1.213220,105.3870,168.2400,14.39208
2021-02-17,120391.0,364.3506,100.8895,5.369400,1.209248,106.1030,166.3300,14.43559
2021-02-18,119140.0,362.7999,100.8809,5.409800,1.204800,105.8610,166.3200,14.38338
2021-02-19,118748.0,362.1591,100.4757,5.425800,1.209190,105.6520,167.0100,14.37468
2021-02-22,112668.0,359.3735,100.3118,5.380700,1.212636,105.5140,169.5100,14.69663
2021-02-23,115227.0,359.8100,100.3895,5.463400,1.216680,104.9840,169.1200,14.76624
2021-02-24,115668.0,363.7748,100.2515,5.439600,1.215214,105.2830,169.0000,14.99248
2021-02-25,112256.0,355.0094,98.91515,5.402964,1.217137,105.9440,165.8200,14.87066
2021-02-26,110035.0,353.1802,99.80317,5.528025,1.216042,106.3790,161.8100,14.55741
2021-03-01,110335.0,361.7413,99.69102,5.597600,1.208956,106.5030,161.5300,14.43559
2021-03-02,111540.0,358.9185,99.87221,5.640700,1.205110,106.8510,162.4100,14.49650
2021-03-03,111184.0,354.1644,99.33733,5.675100,1.208547,106.7580,160.6200,14.58351
2021-03-04,112690.0,349.7817,98.84563,5.617500,1.205066,107.0580,159.0400,14.80975
2021-03-05,115202.0,356.2165,98.70761,5.668300,1.196774,107.9550,159.1400,15.11430
2021-03-08,110612.0,354.4430,98.31938,5.689500,1.192563,108.4190,157.4900,14.90546
2021-03-09,111331.0,359.5035,98.78523,5.874600,1.185171,108.9390,160.8400,14.90546
2021-03-10,112776.0,361.7413,98.99226,5.801500,1.189791,108.5770,161.6600,15.00118
2021-03-11,114984.0,365.4091,98.95776,5.671100,1.192606,108.4320,161.5200,15.22741
2021-03-12,114160.0,365.9012,98.24174,5.534800,1.198610,108.5550,161.4900,15.15780
2021-03-15,114851.0,368.0832,98.36250,5.495156,1.195000,109.1170,162.2000,15.10560
2021-03-16,114019.0,367.6190,98.34525,5.614500,1.192577,109.1340,162.3500,15.04469
2021-03-17,116549.0,368.8725,98.18137,5.623400,1.190165,109.0290,163.5100,15.04469
2021-03-18,114835.0,363.5056,97.56884,5.583100,1.198279,108.8910,162.5600,14.33117
2021-03-19,116222.0,362.8330,97.50847,5.558700,1.191824,108.9310,163.2400,14.64442
2021-03-22,114979.0,365.7301,97.82768,5.493563,1.188312,108.8710,163.0000,14.61832
2021-03-23,113262.0,362.8515,98.31076,5.505500,1.193303,108.7760,161.8100,14.20935
2021-03-24,112064.0,361.0070,98.44017,5.520400,1.184021,108.5200,162.3700,14.58351
2021-03-25,113750.0,363.0378,98.31076,5.619600,1.181307,108.7900,161.7800,14.25286
2021-03-26,114781.0,368.8882,97.98293,5.648400,1.177662,109.1790,162.2400,14.59221
2021-03-28,,,,5.752400,1.178800,109.7910,,
2021-03-29,115419.0,368.7020,97.64652,5.780800,1.177101,109.8360,160.3100,14.60962
2021-03-30,116850.0,367.7237,97.56020,5.771600,1.172360,110.3050,157.5700,14.37468
2021-03-31,116634.0,369.2142,97.42219,5.631300,1.172883,110.7500,159.9600,14.45299
2021-04-01,115253.0,373.2014,97.85381,5.707400,1.177995,110.6130,161.9800,14.69663
2021-04-04,,,,5.710600,1.176817,110.6770,,
2021-04-05,117518.0,378.5580,97.57755,5.662700,1.181893,110.1930,161.9200,14.47910
2021-04-06,117499.0,378.3344,98.05235,5.593200,1.187423,109.7930,163.2200,14.53130
2021-04-07,117624.0,378.7722,97.99192,5.612100,1.187366,109.8520,162.7600,14.57481
2021-04-08,118313.0,380.5704,98.32855,5.566600,1.191568,109.3300,164.5100,14.65312
2021-04-09,117670.0,383.3371,98.06959,,,,163.2700,14.60092
2021-04-11,,,,5.679300,1.190051,109.6940,,
2021-04-12,118812.0,383.4769,98.00917,5.732200,1.191469,109.3740,162.2800,14.60962
2021-04-13,119297.0,384.6133,98.41491,5.716300,1.195414,108.9240,163.4300,14.76624
2021-04-14,120295.0,383.2998,98.29407,5.652900,1.198610,108.8940,162.7200,15.10560
2021-04-15,120701.0,387.4174,98.92419,5.615000,1.197175,108.6890,165.3500,15.20131
2021-04-16,121114.0,388.7122,98.65659,,,,166.3500,15.17521
2021-04-18,,,,5.585800,1.196945,108.7190,,
2021-04-19,120934.0,386.8026,98.55298,5.545300,1.204529,108.0980,165.8900,15.19261
2021-04-20,120062.0,383.9706,98.84650,5.567900,1.203239,108.1330,166.4800,15.16650
2021-04-21,,387.6037,98.89832,5.567900,1.203775,108.0390,168.1300,15.10560
2021-04-22,119371.0,384.0638,98.97599,5.443200,1.201475,107.9780,167.0400,15.22741
2021-04-23,120530.0,388.2278,98.84650,,,,166.4000,15.34923
2021-04-25,,,,5.477200,1.208985,107.8740,,
2021-04-26,120595.0,389.0384,98.74293,5.435300,1.208167,108.2020,166.8400,15.45365
2021-04-27,119388.0,388.9545,98.35446,5.451000,1.209031,108.7500,166.4200,15.58417
2021-04-28,121053.0,388.8428,98.48397,5.341400,1.213592,108.5050,166.9100,15.61028
2021-04-29,120066.0,391.3207,98.31132,5.336400,1.212709,108.9040,166.2200,15.71469
2021-04-30,118894.0,388.7496,98.39764,,,,165.6600,15.58417
2021-05-02,,,,5.439700,1.202776,109.2830,,
2021-05-03,119209.0,389.5881,98.56516,5.438100,1.206127,109.0870,167.8100,15.75820
2021-05-04,117712.0,387.1845,98.69480,5.442600,1.201504,109.3290,166.5800,16.00184
2021-05-05,119564.0,387.3056,98.81569,5.352700,1.200797,109.2190,167.2700,16.06275
2021-05-06,119921.0,390.3985,98.85888,5.273431,1.206855,109.0500,170.0600,16.14106
2021-05-07,122038.0,393.2399,98.89342,,,,171.5900,16.29768
2021-05-09,,,,5.235500,1.217108,108.5720,,
2021-05-10,121909.0,389.3458,98.69480,5.222200,1.214093,108.8440,172.1100,16.18457
2021-05-11,122964.0,385.8709,98.53065,5.221200,1.214450,108.7150,172.1400,16.35859
2021-05-12,119710.0,377.6731,98.05553,5.303100,1.207851,109.6640,170.4300,16.34119
2021-05-13,120706.0,382.2099,98.38379,5.307700,1.207729,109.5160,171.1300,15.88872
2021-05-14,121881.0,388.0788,98.59973,,,,172.6900,16.01924
2021-05-16,,,,5.269500,1.215037,109.4120,,
2021-05-17,122938.0,387.0913,98.50474,5.271500,1.215687,109.2420,174.7000,16.21937
2021-05-18,122980.0,383.7562,98.50474,5.259500,1.222400,108.8680,175.0400,16.14106
2021-05-19,122636.0,382.7502,98.21107,5.308000,1.217285,109.2730,175.1600,15.81041
2021-05-20,122701.0,386.8678,98.61700,5.281300,1.222539,108.8600,175.9600,15.64508
2021-05-21,122592.0,386.5511,98.65156,,,,176.0400,15.79300
2021-05-23,,,,5.361800,1.218324,108.9190,,
2021-05-24,124032.0,390.4916,98.74661,5.318500,1.221464,108.8510,176.3500,16.01054
2021-05-25,122988.0,389.6252,99.10935,5.330700,1.224909,108.8020,177.9500,15.95833
2021-05-26,123989.0,390.3985,98.99707,5.310500,1.219260,109.1700,177.6400,15.98444
2021-05-27,124367.0,390.6034,98.82436,5.238200,1.219319,109.8090,177.7100,16.23677
2021-05-28,125561.0,391.3022,98.81569,,,,178.3800,16.18457
2021-05-30,,,,5.238000,1.219007,109.9070,,
2021-05-31,126216.0,,,5.216600,1.223287,109.4930,,
2021-06-01,128267.0,390.9574,98.79754,5.149700,1.221777,109.4930,177.9000,16.47171
2021-06-02,129601.0,391.5723,98.90992,5.074500,1.220986,109.5950,178.7700,16.55873
2021-06-03,,390.1190,98.65924,5.076300,1.213301,110.2660,175.2700,16.41950
2021-06-04,130126.0,393.6870,99.20379,,,,177.1600,16.60223
2021-06-06,,,,5.044600,1.216841,109.6170,,
2021-06-07,130776.0,393.3050,99.12600,5.045200,1.219363,109.2740,177.8700,16.62834
2021-06-08,129787.0,393.3889,99.41125,5.034900,1.217285,109.4690,177.3200,16.79366
2021-06-09,129907.0,392.8019,99.72244,5.061500,1.218200,109.6100,176.9800,16.71535
2021-06-10,130076.0,394.6280,100.0768,5.054500,1.217256,109.4090,177.7400,16.77626
2021-06-11,129441.0,395.2800,99.92987,,,,175.7400,16.72405
2021-06-13,,,,5.117000,1.211020,109.7090,,
2021-06-14,130208.0,396.1650,99.61868,5.058600,1.212224,110.0410,174.7100,16.62834
2021-06-15,130091.0,395.4383,99.63598,5.043800,1.212709,110.0840,174.0500,16.55873
2021-06-16,129259.0,393.2305,98.95313,5.054300,1.199559,110.7700,171.1100,16.46301
2021-06-17,128057.0,393.1001,99.30751,5.007400,1.191341,110.3250,165.8500,16.03664
2021-06-18,128405.0,387.7970,99.86938,,,,164.9300,16.20197
2021-06-20,,,,5.096000,1.187366,110.2010,,
2021-06-21,129265.0,393.3487,99.54954,5.013100,1.191256,110.3740,166.9500,16.40210
2021-06-22,128767.0,395.4516,99.73106,4.957100,1.193673,110.6540,166.2500,16.42821
2021-06-23,128428.0,394.9750,99.53226,4.965200,1.193317,111.0120,166.1400,16.53262
2021-06-24,129514.0,397.3115,99.51495,4.912700,1.193033,110.9210,166.0400,16.59353
2021-06-25,127256.0,398.7228,99.30751,,,,166.5900,16.52392
2021-06-27,,,,4.915400,1.194215,110.8220,,
2021-06-28,127429.0,399.5266,99.61868,4.924800,1.192890,110.6030,166.5800,16.51522
2021-06-29,127327.0,399.7415,99.67056,4.955100,1.190193,110.5350,164.8300,16.59353
2021-06-30,126802.0,400.0781,99.82615,4.969200,1.185677,111.1240,165.6300,16.75016
2021-07-01,125666.0,402.2932,99.75435,5.045102,1.184624,111.5720,166.2000,16.81107
2021-07-02,127622.0,405.3680,100.1176,,,,167.2900,16.96769
2021-07-04,,,,5.059200,1.185621,111.1350,,
2021-07-05,126920.0,,,5.088459,1.186380,110.9160,,
2021-07-06,125095.0,404.6297,100.6453,5.195300,1.182452,110.6020,168.1200,16.50652
2021-07-07,127019.0,406.0597,100.9393,5.231200,1.179340,110.6350,168.7600,16.30639
2021-07-08,125428.0,402.7511,101.1988,5.258000,1.184800,109.8010,168.6500,16.44561
2021-07-09,,407.0504,100.6885,,,,169.2100,16.63704
2021-07-11,,,,5.257900,1.187296,110.2150,,
2021-07-12,127594.0,408.5084,100.6366,5.172700,1.186521,110.3250,169.0000,16.66314
2021-07-13,128168.0,407.1158,100.3252,5.162400,1.177537,110.5950,169.2200,16.80236
2021-07-14,128407.0,407.7233,100.7577,5.069900,1.183334,109.9840,171.0400,16.63704
2021-07-15,127468.0,406.3307,101.1815,5.110000,1.181181,109.7780,171.0700,16.55002
2021-07-16,125960.0,403.1436,101.1642,,,,169.4100,16.55002
2021-07-18,,,,5.115400,1.181401,109.8740,,
2021-07-19,124395.0,397.1900,102.0291,5.250900,1.179384,109.5340,169.6100,15.88872
2021-07-20,125401.0,402.8819,101.8994,5.219900,1.178411,109.9200,169.3900,16.12366
2021-07-21,125929.0,406.1438,101.3113,5.187300,1.179273,110.2550,168.7600,16.44561
2021-07-22,126147.0,406.9943,101.5448,5.199600,1.177274,110.1400,169.0900,16.57613
2021-07-23,125053.0,411.1815,101.3891,,,,168.5600,16.66314
2021-07-25,,,,5.197900,1.177343,110.5440,,
2021-07-26,126004.0,412.1908,101.3199,5.175400,1.180777,110.3020,168.1600,16.78496
2021-07-27,124612.0,410.3123,101.7524,5.169100,1.182313,109.8060,168.4400,16.68925
2021-07-28,126286.0,410.1440,101.8388,5.114800,1.184596,109.8910,169.2900,16.76756
2021-07-29,125675.0,411.8451,101.5275,5.080400,1.189300,109.4090,171.1700,17.06341
2021-07-30,121801.0,409.8450,101.8129,,,,169.8200,16.96769
2021-08-01,,,,5.208700,1.186704,109.7060,,
2021-08-02,122516.0,408.9850,102.2596,5.174600,1.187465,109.2690,169.6100,16.78496
2021-08-03,123577.0,412.3123,102.2855,5.196800,1.186944,108.9910,169.4900,16.70665
2021-08-04,121801.0,410.2842,102.2596,5.168200,1.183740,109.5290,169.5300,16.43690
2021-08-05,121633.0,412.8825,101.8874,5.245200,1.183572,109.7520,168.8600,16.68055
2021-08-06,122810.0,413.5648,101.2901,,,,164.6400,16.54132
2021-08-08,,,,5.232000,1.174950,110.2590,,
2021-08-09,123019.0,413.2283,101.0738,5.231800,1.173847,110.3060,161.7200,16.30639
2021-08-10,122202.0,413.7423,100.8834,5.188300,1.172333,110.5980,161.7700,16.60223
2021-08-11,122056.0,414.7704,100.9959,5.218200,1.174190,110.3740,164.0000,16.75016
2021-08-12,120701.0,416.0135,100.8920,5.252200,1.173626,110.4030,164.0400,16.68925
2021-08-13,121194.0,416.7706,101.4719,,,,166.3900,16.59353
2021-08-15,,,,5.247500,1.179468,109.6240,,
2021-08-16,119180.0,417.7519,101.6970,5.259700,1.177995,109.2970,167.2200,16.55002
2021-08-17,117904.0,415.0134,101.6450,5.294300,1.170974,109.5370,166.9700,16.36730
2021-08-18,116643.0,410.4712,101.5931,5.378600,1.170330,109.8420,167.1000,16.17587
2021-08-19,117165.0,411.1066,101.8181,5.414100,1.167660,109.7680,166.6100,15.94963
2021-08-20,118053.0,414.3778,101.7229,,,,166.7000,15.57547
2021-08-22,,,,5.379000,1.169755,109.8400,,
2021-08-23,117472.0,418.0229,101.7489,5.379900,1.174453,109.6780,168.7300,16.14106
2021-08-24,120211.0,418.6866,101.4719,5.245800,1.175309,109.7300,168.6500,16.48041
2021-08-25,120818.0,419.5651,101.0738,5.211000,1.177440,109.9760,167.4800,16.62834
2021-08-26,118724.0,417.0884,101.0738,5.251600,1.175641,110.0480,167.6700,16.49781
2021-08-27,120678.0,420.8175,101.4027,,,,170.1900,16.70665
2021-08-29,,,,5.202800,1.179901,109.8650,,
2021-08-30,119740.0,422.6682,101.6018,5.182900,1.179690,109.9440,169.3500,16.76756
2021-08-31,118781.0,422.0418,101.4113,5.149300,1.181028,110.0560,169.6900,16.68925
2021-09-01,119396.0,422.2662,101.4546,5.184600,1.184091,110.0960,169.7000,16.61093
2021-09-02,116677.0,423.5653,101.5759,5.181800,1.187648,109.9450,169.2500,16.80236
2021-09-03,116933.0,423.4625,101.3334,,,,171.0600,16.81977
2021-09-05,,,,5.189800,1.188594,109.7640,,
2021-09-06,117869.0,,,5.169300,1.187507,109.8200,,
2021-09-07,,421.9484,100.9350,5.169600,1.184357,110.2960,167.7100,16.62834
2021-09-08,113413.0,421.4344,101.2121,5.320600,1.181910,110.2180,167.2900,16.75016
2021-09-09,115361.0,419.6305,101.4979,5.196500,1.182592,109.7810,168.0300,16.62834
2021-09-10,114286.0,416.3219,101.1775,,,,167.1800,16.84587
2021-09-12,,,,5.247000,1.181195,109.9150,,
2021-09-13,116404.0,417.3874,101.2987,5.213200,1.181195,109.9940,167.7400,16.97639
2021-09-14,116181.0,415.1350,101.6798,5.238900,1.180498,109.7190,168.8200,16.96769
2021-09-15,115063.0,418.6024,101.5066,5.221700,1.182000,109.3830,167.8300,17.24613
2021-09-16,113794.0,417.9388,101.1862,5.256800,1.176747,109.6990,164.0300,17.12431
2021-09-17,111439.0,413.8676,100.8917,,,,163.7700,16.98509
2021-09-19,,,,5.289700,1.172993,109.9710,,
2021-09-20,108844.0,406.9668,101.4027,5.323200,1.173020,109.4370,164.9400,16.78496
2021-09-21,110250.0,406.5824,101.3421,5.268900,1.172292,109.1490,166.0400,16.80236
2021-09-22,112282.0,410.5484,101.4373,5.287700,1.168770,109.8220,165.4200,16.99380
2021-09-23,114064.0,415.5366,100.5192,5.301900,1.174026,110.3260,163.5100,17.25484
2021-09-24,113283.0,416.2212,100.2161,,,,163.3000,17.33315
2021-09-26,,,,5.337000,1.172305,110.7640,,
2021-09-27,113583.0,415.0303,99.94760,5.390400,1.169680,110.9640,163.6400,17.56809
2021-09-28,110124.0,406.6667,99.56654,5.427600,1.168634,111.5280,162.0500,17.42886
2021-09-29,111107.0,407.3512,99.67052,5.414300,1.160160,111.9360,161.3200,17.44627
2021-09-30,110979.0,402.3724,99.79173,5.441700,1.157448,111.4610,164.2200,17.55938
2021-10-01,112900.0,407.1543,100.1991,,,,164.5900,17.79432
2021-10-03,,,,5.367900,1.160726,110.9470,,
2021-10-04,110393.0,401.9036,100.0777,5.453200,1.161845,110.9680,165.3600,18.08147
2021-10-05,110458.0,406.0854,99.76572,5.475500,1.159608,111.4870,164.5900,18.30770
2021-10-06,110560.0,407.7731,99.79176,5.491900,1.155535,111.4130,165.0300,18.00315
2021-10-07,110585.0,411.2986,99.39306,5.517000,1.155976,111.6620,164.1600,18.22939
2021-10-08,112833.0,410.5484,99.17635,,,,164.2300,18.29030
2021-10-10,,,,5.506900,1.156604,112.2700,,
2021-10-11,112180.0,407.5762,98.93367,5.536000,1.155375,113.3880,163.9200,18.41212
2021-10-12,,406.5729,99.38440,5.531500,1.153403,113.5190,164.6600,18.41212
2021-10-13,113456.0,408.0356,99.57504,5.512500,1.159958,113.3010,167.5900,18.51654
2021-10-14,113185.0,414.8991,99.80905,5.512200,1.159152,113.8340,168.0000,18.70797
2021-10-15,114648.0,418.0589,99.31503,,,,165.3300,18.86459
2021-10-17,,,,5.458400,1.159703,114.3240,,
2021-10-18,114428.0,419.2965,99.17635,5.511300,1.161386,114.2850,164.9200,18.75147
2021-10-19,110673.0,422.5314,98.82104,5.583300,1.163196,114.5430,165.4500,18.79498
2021-10-20,110786.0,424.1910,98.77770,5.596300,1.165501,114.3890,166.9000,19.00381
2021-10-21,107735.0,425.2973,98.51766,5.657800,1.162534,113.8500,166.7500,18.71667
2021-10-22,106296.0,424.8566,98.76904,,,,167.7700,18.80368
2021-10-24,,,,5.649200,1.164009,113.6640,,
2021-10-25,108715.0,427.1351,98.89037,5.554400,1.161170,113.7650,168.9300,18.89939
2021-10-26,106420.0,427.5194,99.01170,5.564800,1.159824,114.1880,167.6800,18.92550
2021-10-27,106363.0,425.6255,99.56639,5.535000,1.160012,113.7760,168.1200,18.57745
2021-10-28,105705.0,429.7323,99.30637,5.644900,1.168361,113.6160,168.0800,18.67316
2021-10-29,103501.0,430.6042,99.34971,,,,166.6500,18.57745
2021-11-01,105551.0,431.3450,99.34193,5.633700,1.155668,114.2360,167.5200,18.71667
2021-11-02,,433.0890,99.58474,5.678900,1.159958,114.0940,167.1600,18.76888
2021-11-03,105617.0,435.7331,99.27251,5.678600,1.157943,113.9620,165.7700,18.29030
2021-11-04,103412.0,437.7865,99.81026,5.552400,1.161575,114.0700,167.6500,18.17718
2021-11-05,104824.0,439.3054,100.3567,5.601700,1.155535,113.8370,169.8400,18.42952
2021-11-08,104781.0,439.6805,99.92302,5.541100,1.156885,113.4750,170.4500,18.54264
2021-11-09,105535.0,438.2271,100.3827,5.543100,1.159152,113.2540,171.2900,18.69057
2021-11-10,105968.0,434.7016,99.52405,5.479100,1.159555,112.9120,173.1500,18.45563
2021-11-11,107725.0,434.8423,99.20312,5.489900,1.148594,113.9050,174.1200,18.58615
2021-11-12,106312.0,438.1240,99.41130,5.398000,1.145082,114.0430,174.4500,18.56004
2021-11-15,,438.2740,99.02101,5.457600,1.144165,113.9810,174.1800,18.56874
2021-11-16,104508.0,440.0087,98.93429,5.456300,1.136648,114.1320,172.9200,18.54264
2021-11-17,102945.0,438.9398,99.28987,5.502200,1.132118,114.9040,174.5000,18.37731
2021-11-18,102524.0,440.4306,99.35057,5.528700,1.132118,114.1900,173.9400,18.43822
2021-11-19,103035.0,439.6430,99.61944,5.556400,1.136842,114.2820,172.6100,18.14238
2021-11-22,102122.0,438.4054,98.89092,5.611600,1.127574,114.1380,168.7400,18.27290
2021-11-23,103663.0,438.9867,98.48328,5.585600,1.124215,114.7900,167.2800,18.60355
2021-11-24,104514.0,440.1587,98.78684,5.570400,1.124493,115.1410,167.1200,18.53394
2021-11-25,105811.0,,,5.605200,1.120298,115.4080,,
2021-11-26,102224.0,430.3418,100.0618,5.565100,1.120963,115.0690,166.8500,17.42886
2021-11-29,102814.0,435.6205,99.83627,5.607800,1.129318,113.7190,166.6200,17.42886
2021-11-30,101915.0,427.1445,100.4347,5.600700,1.129344,113.8040,165.5000,16.95029
2021-12-01,100775.0,422.4001,100.6240,5.620871,1.133029,113.2990,166.1600,16.80236
2021-12-02,104466.0,428.8697,100.4070,5.691567,1.131952,112.8820,165.2400,16.95029
2021-12-03,105070.0,425.1378,100.9972,5.643322,1.130621,113.0220,166.6300,16.96769
2021-12-06,106859.0,430.1729,100.4937,5.650099,1.130480,113.0420,166.2200,17.26354
2021-12-07,107558.0,439.0710,100.1119,5.688000,1.128668,113.4580,166.8100,17.52458
2021-12-08,108096.0,440.2337,99.79070,5.611800,1.127650,113.5250,166.9000,17.75952
2021-12-09,106291.0,437.2615,100.0424,5.531600,1.134559,113.6840,165.8800,17.48977
2021-12-10,107758.0,441.3776,100.1119,5.571100,1.129331,113.4480,166.5800,17.68991
2021-12-13,107383.0,437.4677,100.5892,5.608661,1.131183,113.5010,167.0000,17.60289
2021-12-14,106760.0,434.4579,100.4157,5.679700,1.128541,113.5770,165.4400,17.44627
2021-12-15,107370.0,441.2463,100.2681,5.680600,1.126126,113.7430,166.1500,17.53328
2021-12-16,108212.0,437.3552,100.5600,5.679400,1.129076,114.1360,168.1600,17.63770
2021-12-17,107201.0,432.7004,100.7858,5.687400,1.133414,113.6630,167.8000,17.42886
2021-12-20,105020.0,428.0994,100.6990,5.693060,1.124354,113.5180,167.0900,17.30704
2021-12-21,105500.0,435.7020,100.2993,5.741300,1.127752,113.6620,167.0200,17.67250
2021-12-22,105244.0,440.0585,100.3949,5.744000,1.128757,113.9940,168.5900,17.88134
2021-12-23,104891.0,442.7965,100.1864,5.653000,1.132888,114.1210,168.9700,17.97705
2021-12-24,,,,5.671796,1.132734,114.4580,,
2021-12-27,105531.0,449.0631,100.2212,5.671100,1.132426,114.3330,169.3700,18.20329
2021-12-28,104864.0,448.6960,100.2038,5.624100,1.133003,114.7920,168.6400,18.16848
2021-12-29,104107.0,449.2701,99.69121,5.627500,1.131478,114.7730,168.5900,18.25549
2021-12-30,104822.0,448.0280,100.0213,5.702700,1.136015,114.9480,169.8000,18.16848
2021-12-31,,446.8989,99.90840,5.570200,1.132503,115.0630,170.9600,18.08147
2022-01-03,103922.0,449.4864,98.97884,5.569300,1.137346,115.1420,168.3300,18.15108
2022-01-04,103514.0,449.3359,98.92671,5.681200,1.130224,115.3280,169.5700,18.36861
2022-01-05,101006.0,440.7077,98.50966,5.676200,1.128363,116.1740,169.0600,18.29030
2022-01-06,101561.0,440.2936,98.26642,5.705635,1.131350,116.1280,166.9900,18.44693
2022-01-07,102719.0,438.5530,97.94499,5.682400,1.129688,115.8650,167.7500,18.48173
2022-01-10,101945.0,438.0073,97.91892,5.632200,1.135396,115.6180,168.2600,18.40342
2022-01-11,103779.0,441.9968,98.15350,5.662200,1.133042,115.2780,170.2900,18.76017
2022-01-12,105686.0,443.1917,98.17087,5.567300,1.136648,115.3310,170.7400,18.90810
2022-01-13,105530.0,437.0851,98.48362,5.533200,1.144165,114.6750,170.1600,18.70797
2022-01-14,106928.0,437.2639,97.80598,5.526700,1.145712,114.1180,169.6700,18.95160
2022-01-17,106692.0,,,5.533300,1.141070,114.3060,,
2022-01-18,106522.0,429.5201,97.06756,5.515800,1.141057,114.5710,169.3900,19.09953
2022-01-19,108013.0,425.0601,97.30211,5.565700,1.132965,114.5540,172.0800,19.20394
2022-01-20,109102.0,420.3556,97.51060,5.437200,1.134340,114.3470,171.6500,19.13433
2022-01-21,108942.0,412.1037,98.07530,5.418100,1.131375,113.9930,171.0900,19.15174
2022-01-24,107752.0,413.8538,97.98844,5.457100,1.134147,113.7850,172.0300,19.10823
2022-01-25,109845.0,408.8011,97.85812,5.486100,1.132413,114.0110,172.5800,19.28226
2022-01-26,111573.0,407.7755,97.16311,5.440704,1.130454,113.8750,169.7900,19.32576
2022-01-27,112315.0,405.7619,97.57141,5.429167,1.124354,114.7210,167.6000,19.42148
2022-01-28,111478.0,415.8392,97.79733,5.403485,1.114703,115.3520,167.1000,19.43888
2022-01-31,112388.0,423.3289,97.79733,5.362600,1.115237,115.2620,168.0900,19.50849
2022-02-01,113147.0,426.1893,97.66514,5.303100,1.122965,115.1210,168.2300,19.58681
2022-02-02,112161.0,430.3293,97.86514,5.264500,1.127396,114.7360,168.8400,19.66512
2022-02-03,111696.0,420.2144,97.44771,5.260900,1.129995,114.3820,168.6000,19.70863
2022-02-04,112245.0,422.1904,96.69985,5.282900,1.143576,114.9570,168.8600,19.86525
2022-02-07,111996.0,420.8355,96.72595,5.326900,1.145515,115.2240,170.1100,19.90876
2022-02-08,112234.0,424.2981,96.41289,5.262600,1.144296,115.0630,170.6300,19.73473
2022-02-09,112461.0,430.5081,96.54332,5.258400,1.142126,115.5310,171.2100,19.93486
2022-02-10,113359.0,422.7737,95.65634,5.234500,1.142152,115.6020,170.5600,19.83045
2022-02-11,113572.0,414.4372,96.64769,5.248700,1.141553,116.0470,173.8100,20.12629
2022-02-14,113807.0,413.0824,95.97808,5.249956,1.136506,115.5840,174.7400,20.23071
2022-02-15,114660.0,419.7440,95.69111,5.214000,1.130633,115.5360,173.0800,19.90006
2022-02-16,115181.0,420.2144,95.89114,5.157900,1.135680,115.6350,174.8600,19.92616
2022-02-17,113528.0,411.2381,96.40419,5.135800,1.137527,115.3870,177.2500,20.09148
2022-02-18,112768.0,408.5753,96.71724,5.170600,1.136648,114.8660,177.1200,20.16980
2022-02-21,111725.0,,,5.137500,1.131721,114.9610,,
2022-02-22,112892.0,404.1906,96.70858,5.102700,1.130966,114.6090,177.4900,20.45694
2022-02-23,112008.0,397.0208,96.20418,5.057100,1.132913,115.0960,178.2900,20.64837
2022-02-24,111592.0,402.9956,96.43027,5.008700,1.130569,114.8980,177.1400,20.73539
2022-02-25,113142.0,411.8873,96.40419,5.122200,1.119069,115.5710,176.5500,20.42214
2022-02-28,,410.8334,97.49989,5.159400,1.118105,115.5850,178.3800,20.77020
2022-03-01,,404.5764,98.44947,5.158400,1.121592,115.0780,181.6200,21.60553
2022-03-02,115174.0,412.0190,96.96983,5.159000,1.113276,114.8330,179.7300,22.31034
2022-03-03,115166.0,409.9678,97.38763,5.096503,1.111235,115.5190,180.8000,22.55398
2022-03-04,114474.0,406.6370,98.35374,5.030900,1.106684,115.4740,183.6800,23.50243
2022-03-07,111593.0,394.6497,97.93595,5.060560,1.087453,114.9500,186.4100,24.01581
2022-03-08,111203.0,391.6575,97.30059,5.110500,1.086531,115.3730,191.5100,24.42477
2022-03-09,113900.0,402.1582,96.69999,5.058800,1.089823,115.7220,185.8200,22.48437
2022-03-10,113663.0,400.3423,96.25611,5.011500,1.107383,115.9090,186.4000,22.21462
2022-03-11,111713.0,395.2519,96.22999,5.009700,1.101394,116.1790,185.0900,22.59748
2022-03-14,109928.0,392.3633,95.01142,5.073500,1.093207,117.5290,182.3000,21.93618
2022-03-15,108959.0,400.9915,94.96793,5.121400,1.094319,118.2180,178.8900,21.39669
2022-03-16,111112.0,409.8831,94.83739,5.163200,1.096936,118.2920,180.0100,21.21396
2022-03-17,113076.0,415.0112,94.65459,5.073875,1.102196,118.8700,180.8900,22.23203
2022-03-18,115311.0,419.5568,94.93311,5.039400,1.109952,118.4860,179.3000,22.33644
2022-03-21,116155.0,419.4340,93.69715,5.017800,1.104313,119.2630,180.6700,23.17177
2022-03-22,117272.0,424.3420,93.18364,4.935200,1.101722,119.5940,179.3600,23.11956
2022-03-23,117457.0,418.8772,93.81034,4.910000,1.102974,121.3400,181.8100,23.69386
2022-03-24,119053.0,425.1914,93.28809,4.824200,1.100631,121.1270,183.1300,23.45892
2022-03-25,119081.0,427.2679,92.33068,4.826300,1.100958,122.3460,182.3800,23.63295
2022-03-27,,,,4.736900,1.098189,122.2700,,
2022-03-28,118738.0,430.3071,92.53953,4.764100,1.099384,123.6600,179.0600,22.60619
2022-03-29,120014.0,435.6304,93.00084,4.756200,1.109152,123.1250,179.1400,22.69320
2022-03-30,120260.0,432.9404,93.36645,4.769700,1.116184,122.0210,180.5800,23.10216
2022-03-31,119999.0,426.2769,93.54049,4.737800,1.107236,121.7560,180.6500,22.67579
2022-04-01,121570.0,427.4850,92.93141,,,,179.5000,22.82372
2022-04-03,,,,4.657200,1.104728,122.6100,,
2022-04-04,121280.0,431.1471,92.87045,4.593800,1.097586,122.8090,180.3700,23.25879
2022-04-05,118885.0,425.7012,91.76375,4.650700,1.090643,123.6560,179.2400,23.06736
2022-04-06,118228.0,421.4444,91.44138,4.715200,1.089823,123.7230,179.6600,22.88463
2022-04-07,118862.0,423.5681,91.21485,4.752100,1.086484,124.0960,180.3400,22.96294
2022-04-08,118322.0,422.4355,90.75298,,,,181.4700,23.25009
2022-04-10,,,,4.698100,1.088495,124.3850,,
2022-04-11,116953.0,415.2151,90.31732,4.693600,1.087796,125.4720,182.3700,23.05866
2022-04-12,116147.0,413.6767,90.75298,4.673100,1.082614,125.4160,183.7700,23.74607
2022-04-13,116782.0,418.4146,90.95341,4.690200,1.089657,125.3770,184.6500,24.26815
2022-04-14,116182.0,413.2047,90.13432,4.701000,1.082099,126.1790,184.0400,24.45088
2022-04-17,,,,4.700600,1.081525,126.6180,,
2022-04-18,115687.0,413.3745,89.87292,4.652000,1.078179,127.0980,184.6100,24.72932
2022-04-19,115057.0,420.0475,89.28036,4.665000,1.079447,129.3330,181.8200,24.09412
2022-04-20,114344.0,419.7361,89.97746,4.620800,1.084987,128.0130,182.7100,24.12022
2022-04-21,,413.4595,89.48079,4.620800,1.083518,128.4080,182.0600,24.08542
2022-04-22,111078.0,402.1145,89.52436,,,,180.2900,23.62425
2022-04-24,,,,4.795200,1.081105,128.6050,,
2022-04-25,110685.0,404.4458,90.09947,4.876200,1.071421,127.7440,177.0500,23.45022
2022-04-26,108213.0,392.7327,90.70072,4.997800,1.064362,127.2660,177.3200,23.77217
2022-04-27,109349.0,393.8370,90.19532,4.963600,1.055509,128.3940,175.9800,23.93749
2022-04-28,109919.0,403.7851,90.06462,4.937800,1.050420,130.8110,176.9300,24.13763
2022-04-29,107876.0,388.8629,89.58537,,,,176.9100,23.95490
2022-05-01,,,,4.971300,1.053596,130.0110,,
2022-05-02,106639.0,391.2037,88.91796,5.084700,1.050906,130.1120,173.6300,24.32036
2022-05-03,106528.0,392.9970,89.02264,4.958100,1.052853,130.1160,174.0900,23.98100
2022-05-04,108344.0,404.9649,89.59845,4.918800,1.062248,129.2230,175.8000,24.72932
2022-05-05,105304.0,390.5713,88.69987,5.028000,1.053974,130.3300,175.1300,24.59880
2022-05-06,105135.0,388.2400,88.19382,,,,175.4200,24.62490
2022-05-08,,,,5.080400,1.053219,130.7490,,
2022-05-09,103250.0,375.8097,88.84816,5.160900,1.056580,130.3770,172.8800,23.51113
2022-05-10,103110.0,376.6780,89.14477,5.131300,1.053297,130.3510,171.4200,23.37191
2022-05-11,104397.0,370.6940,89.69440,5.134252,1.051248,129.8350,172.8200,23.94620
2022-05-12,105688.0,370.3070,89.99103,5.133400,1.037958,128.5880,170.1700,24.05931
2022-05-13,106924.0,379.1603,89.51992,,,,168.7900,24.38997
2022-05-15,,,,5.058300,1.040063,129.4320,,
2022-05-16,108233.0,377.6218,89.89508,5.059700,1.043896,128.9230,170.4000,24.79023
2022-05-17,108789.0,385.3896,89.21458,4.938100,1.054786,129.4540,169.3300,24.52049
2022-05-18,106247.0,369.8540,89.85141,4.967500,1.047274,127.9140,169.4200,23.98970
2022-05-19,107005.0,367.5887,90.17426,4.930000,1.057899,127.8320,171.9100,24.29425
2022-05-20,108488.0,367.7492,90.59303,,,,172.0300,24.32906
2022-05-22,,,,4.880200,1.056982,127.9030,,
2022-05-23,110346.0,374.6299,90.04337,4.813500,1.068205,127.8460,172.8300,24.51179
2022-05-24,110581.0,371.7700,90.81985,4.817800,1.073653,126.7690,174.1300,24.49438
2022-05-25,110580.0,375.0546,91.00303,4.822800,1.068661,127.1520,173.0800,24.66841
2022-05-26,111890.0,382.5486,90.95943,4.768200,1.073295,127.0450,172.7600,24.93815
2022-05-27,111942.0,391.9399,91.09029,,,,172.8500,25.23400
2022-05-29,,,,4.729600,1.073146,127.2850,,
2022-05-30,111032.0,,,4.752400,1.077354,127.7840,,
2022-05-31,111351.0,389.7408,90.13934,4.730400,1.073411,128.7360,171.1400,25.05997
2022-06-01,111360.0,386.5883,89.63184,4.815500,1.065417,130.1220,172.2300,25.18180
2022-06-02,112393.0,393.9503,89.76286,4.795700,1.075107,129.9180,174.3500,25.75608
2022-06-03,111102.0,387.4850,89.58815,,,,172.5800,25.99972
2022-06-05,,,,4.775000,1.072605,130.7070,,
2022-06-06,110186.0,388.6648,88.91558,4.794200,1.069141,132.1760,171.8200,26.11284
2022-06-07,110070.0,392.3929,89.27370,4.867526,1.069862,132.8470,172.9400,26.28687
2022-06-08,108368.0,388.1268,88.94176,4.898100,1.071765,134.4300,172.7800,26.52181
2022-06-09,107094.0,378.8960,88.86311,4.903300,1.061921,134.4180,172.2300,26.56531
2022-06-10,105481.0,367.9098,87.98962,,,,174.5400,26.30427
2022-06-12,,,,4.984000,1.048999,134.8140,,
2022-06-13,102598.0,353.9408,86.42604,5.113400,1.041515,134.2250,169.9300,26.00842
2022-06-14,102063.0,352.8742,85.73594,5.116100,1.044059,135.2940,168.5700,25.72128
2022-06-15,102807.0,357.9050,86.93262,5.052000,1.045620,134.1150,170.7700,25.73868
2022-06-16,,346.0597,87.50043,5.052200,1.054685,132.4210,172.6900,25.85180
2022-06-17,99825.00,346.8058,87.52666,,,,171.2700,24.92945
2022-06-19,,,,5.152100,1.049142,135.2760,,
2022-06-20,99853.00,,,5.187200,1.052078,135.0870,,
2022-06-21,99685.00,355.5361,87.07242,5.122800,1.053264,136.2690,170.6300,24.86854
2022-06-22,99522.00,354.8915,88.17305,5.193600,1.056412,136.0240,171.3100,24.42477
2022-06-23,98080.00,358.3704,88.67094,5.238000,1.052011,134.8400,170.2600,23.87659
2022-06-24,98672.00,369.7643,88.35651,,,,170.0900,24.10282
2022-06-26,,,,5.241400,1.056613,135.0620,,
2022-06-27,100764.0,368.3520,87.85858,5.236800,1.058089,135.4350,169.9000,24.05061
2022-06-28,100591.0,360.8255,87.97215,5.266600,1.052355,136.0470,169.6200,24.33776
2022-06-29,99622.00,360.5316,88.67970,5.180900,1.044659,136.5890,169.4900,23.92009
2022-06-30,98542.00,357.6026,89.36106,5.252000,1.047768,135.7860,168.4600,23.18047
2022-07-01,98954.00,361.3847,90.31900,,,,168.3200,23.29359
2022-07-03,,,,5.331000,1.043395,135.0430,,
2022-07-04,98609.00,,,5.328300,1.043319,135.8400,,
2022-07-05,98295.00,362.0672,90.65144,5.385200,1.025767,135.5210,164.7500,21.72734
2022-07-06,98719.00,363.2901,89.88159,5.428000,1.018641,135.9660,162.1400,21.40540
2022-07-07,100730.0,368.7311,89.33041,5.338200,1.016984,135.9130,162.2300,22.29293
2022-07-08,100289.0,368.4279,88.78800,,,,162.3000,22.68450
2022-07-10,,,,5.254000,1.016611,136.3010,,
2022-07-11,98212.00,364.2191,89.48791,5.377200,1.004753,137.3880,161.4300,22.64099
2022-07-12,98271.00,360.9961,89.69788,5.436500,1.003311,136.7260,160.8300,21.61423
2022-07-13,97881.00,359.1003,90.08277,5.390900,1.003271,137.6280,161.6000,21.73605
2022-07-14,96121.00,358.2281,89.58415,5.422800,1.002567,138.9670,159.3300,21.53592
2022-07-15,96551.00,365.0721,89.89033,,,,159.0100,21.81436
2022-07-17,,,,5.410100,1.009632,138.3140,,
2022-07-18,96916.00,362.0578,89.62786,5.436800,1.014518,138.2290,159.1600,22.22333
2022-07-19,98245.00,371.8403,89.21671,5.413100,1.023133,138.1910,159.5400,22.31034
2022-07-20,98287.00,374.2101,89.12920,5.470200,1.018278,138.3950,158.0400,22.29293
2022-07-21,99033.00,378.0208,90.14402,5.497800,1.022108,137.0980,160.2700,21.91878
2022-07-22,98925.00,374.5134,91.17635,,,,160.6700,21.65773
2022-07-24,,,,5.496700,1.020023,136.3120,,
2022-07-25,100270.0,374.9684,90.85265,5.356300,1.022495,136.4310,160.2300,22.04929
2022-07-26,99772.00,370.5322,90.88765,5.350100,1.012956,136.9700,160.0400,22.09280
2022-07-27,101438.0,380.1535,91.07137,5.243000,1.020929,136.1110,161.6700,22.59748
2022-07-28,102597.0,384.9216,91.97247,5.182700,1.019233,134.3970,163.6400,22.61489
2022-07-29,103165.0,390.5332,92.00745,,,,164.1000,22.71930
2022-07-31,,,,5.171200,1.020825,133.4070,,
2022-08-01,102225.0,389.3767,92.54554,5.184000,1.026136,131.5720,165.0300,22.25813
2022-08-02,103362.0,386.8080,91.26601,5.277700,1.015569,133.3790,164.0500,22.14501
2022-08-03,103775.0,392.8651,91.64285,5.282700,1.015765,133.9620,164.4500,21.95358
2022-08-04,105892.0,392.5997,92.10736,5.211100,1.024779,132.6210,167.1700,21.71864
2022-08-05,106472.0,391.9362,90.77526,,,,165.2900,21.64033
2022-08-07,,,,5.164600,1.017087,135.0570,,
2022-08-08,108402.0,391.4811,91.30986,5.110100,1.019763,134.8400,166.6900,21.90137
2022-08-09,108651.0,389.9267,91.03819,5.123700,1.020814,135.1870,167.2000,22.08410
2022-08-10,110236.0,398.1166,91.09075,5.093700,1.030078,132.8300,166.7800,22.38865
2022-08-11,109718.0,398.1166,90.48605,5.157000,1.031672,132.9940,166.3400,22.82372
2022-08-12,112764.0,404.8564,90.84536,,,,167.8700,22.70190
2022-08-14,,,,5.074900,1.025641,133.2880,,
2022-08-15,113032.0,406.5247,91.13457,5.095600,1.016198,133.1430,165.7100,22.42346
2022-08-16,113512.0,407.3209,91.02941,5.141739,1.017066,134.2770,165.4200,22.17111
2022-08-17,113708.0,404.4298,90.41592,5.165000,1.018019,134.9440,164.3500,22.25813
2022-08-18,113813.0,405.6052,90.59122,5.167000,1.008990,135.7950,163.9200,22.59748
2022-08-19,111496.0,400.1547,89.81123,,,,162.7200,22.58878
2022-08-21,,,,5.168400,1.003522,137.0410,,
2022-08-22,110501.0,391.8224,89.41685,5.156100,0.9939468,137.5460,161.6400,22.78891
2022-08-23,112857.0,390.8745,89.19778,5.103500,0.9966910,136.7330,162.7700,23.16307
2022-08-24,112898.0,392.1258,88.89981,5.110100,0.9969096,137.0810,163.2500,23.40671
2022-08-25,113532.0,397.6616,89.46945,5.108700,0.9971283,136.5630,163.7500,23.07606
2022-08-26,112299.0,384.2011,89.36430,,,,161.7600,23.17177
2022-08-28,,,,5.062500,0.9938678,137.5200,,
2022-08-29,112323.0,381.6608,88.85599,5.027200,1.001402,138.5960,161.8600,23.51113
2022-08-30,110431.0,377.4709,88.82968,5.121900,1.002506,138.7340,160.5100,22.85852
2022-08-31,109523.0,374.5988,88.46165,5.181700,1.003905,139.2960,159.2700,22.37995
2022-09-01,110405.0,375.7742,87.75842,5.240400,0.9952329,140.0810,157.8700,21.90137
2022-09-02,110864.0,371.8118,88.25008,,,,159.2600,22.04929
2022-09-04,,,,5.171000,0.9909428,140.4870,,
2022-09-05,112203.0,,,5.153900,0.9952230,140.4300,,
2022-09-06,109764.0,370.4090,87.26675,5.247200,0.9897951,143.1510,158.3300,21.91878
2022-09-07,,377.0633,87.83744,5.246700,0.9995702,144.1280,159.9400,21.39669
2022-09-08,109916.0,379.5280,87.51258,5.213300,1.001202,143.8560,158.9800,21.48371
2022-09-09,112300.0,385.4240,87.52137,,,,159.8200,22.09280
2022-09-11,,,,5.146300,1.007141,142.5960,,
2022-09-12,113407.0,389.5664,87.31065,5.092000,1.012956,142.5850,160.6300,22.39735
2022-09-13,110794.0,372.6270,86.81901,5.189800,0.9982033,144.4040,158.5400,22.28424
2022-09-14,110547.0,374.0490,86.86296,5.162700,0.9984025,142.9230,157.9300,22.37995
2022-09-15,109954.0,369.8022,86.56440,5.246100,0.9988313,143.3650,154.9800,21.72734
2022-09-16,109280.0,366.9812,86.63463,,,,155.8400,21.64903
2022-09-18,,,,5.250700,1.002235,142.7650,,
2022-09-19,111824.0,369.8270,86.38884,5.170900,1.002959,143.2230,155.9600,21.71864
2022-09-20,112517.0,365.5819,85.85329,5.141500,0.9970785,143.6020,155.0700,21.69254
2022-09-21,111936.0,359.2047,86.19567,5.170400,0.9830715,144.3160,155.7900,21.56202
2022-09-22,114070.0,356.1875,84.89632,5.115500,0.9841551,142.2800,155.7000,21.62293
2022-09-23,111716.0,350.2197,85.00170,,,,153.0100,20.89201
2022-09-25,,,,5.258800,0.9689923,143.5110,,
2022-09-26,109114.0,346.7551,83.58826,5.389400,0.9623712,144.4590,151.2300,20.40474
2022-09-27,108376.0,345.8699,83.01753,5.378100,0.9596192,144.6910,151.5400,20.62227
2022-09-28,108451.0,352.6754,84.88758,5.374200,0.9708172,144.3980,154.6900,21.19656
2022-09-29,107664.0,345.3083,84.49249,5.396200,0.9829556,144.4310,154.6600,21.06604
2022-09-30,110037.0,339.9687,84.27299,,,,154.6700,20.80500
2022-10-02,,,,5.414300,0.9792688,144.8160,,
2022-10-03,116134.0,348.9442,85.27315,5.163500,0.9832069,144.5190,158.4300,21.27487
2022-10-04,116230.0,359.7568,85.44910,5.175800,0.9984325,143.7870,160.7000,21.84916
2022-10-05,117198.0,358.9192,84.63982,5.195200,0.9910999,144.4490,159.8100,22.24072
2022-10-06,117561.0,355.2167,84.17361,5.220100,0.9789045,145.0390,159.6300,22.37995
2022-10-07,116375.0,345.3083,83.76015,,,,157.8800,22.61489
2022-10-09,,,,5.198400,0.9735013,145.4820,,
2022-10-10,115941.0,342.6718,83.26758,5.186800,0.9710057,145.6740,155.4800,22.36255
2022-10-11,114827.0,340.5016,83.47867,5.292100,0.9700168,145.8700,155.1600,22.04059
2022-10-12,,339.3785,83.75140,5.291500,0.9707984,146.7370,155.9900,22.04059
2022-10-13,114300.0,348.3351,83.39950,5.259800,0.9751340,147.2930,154.9100,22.34514
2022-10-14,112072.0,340.3970,82.93331,,,,152.9800,21.90137
2022-10-16,,,,5.327400,0.9739375,148.6320,,
2022-10-17,113624.0,349.1441,83.02126,5.277359,0.9846396,148.9710,153.4200,21.84916
2022-10-18,115743.0,353.2464,83.23238,5.239800,0.9863878,149.2090,153.7500,21.61423
2022-10-19,116274.0,350.7431,82.36151,5.269200,0.9766483,149.8210,151.6900,21.60553
2022-10-20,117171.0,347.8021,81.74579,5.216600,0.9778900,150.1760,151.4500,21.62293
2022-10-21,119929.0,356.2542,81.93049,,,,154.1500,21.64903
2022-10-23,,,,5.163400,0.9860086,147.8190,,
2022-10-24,116013.0,360.6134,81.82494,5.306200,0.9886503,148.8870,153.6500,21.70994
2022-10-25,114626.0,366.3719,82.84534,5.315200,0.9963731,147.9800,154.0000,21.83176
2022-10-26,112764.0,363.6117,83.26758,5.383900,1.009194,146.1340,154.9800,22.24072
2022-10-27,114641.0,361.6700,83.85692,5.339200,0.9967804,146.2740,154.7400,22.27553
2022-10-28,114539.0,370.2744,83.42590,,,,153.1600,22.01449
2022-10-31,116037.0,367.5998,83.04764,5.288500,0.9955003,147.8120,151.9100,21.85787
2022-11-01,116929.0,365.9912,83.03268,5.178800,0.9886308,148.7370,153.4600,22.18852
2022-11-02,,356.8062,82.89162,5.142400,0.9877909,147.9150,152.3900,22.38865
2022-11-03,116896.0,353.1322,82.53019,5.142600,0.9814409,147.8920,151.8100,22.37125
2022-11-04,118155.0,358.2150,82.35387,5.114900,0.9749630,148.3930,156.4700,23.12827
2022-11-07,115342.0,361.6414,82.06294,5.078132,0.9928811,146.8410,155.8500,22.92813
2022-11-08,116160.0,363.5927,82.60951,5.153327,1.001863,146.6240,159.4500,22.64969
2022-11-09,113580.0,356.1019,82.89162,5.143000,1.008085,145.2950,158.6500,22.12761
2022-11-10,109775.0,375.6711,84.75168,5.185200,1.001954,146.2090,163.4800,22.32774
2022-11-11,112253.0,379.3070,84.57536,5.341580,1.019222,141.7340,164.5600,22.75411
2022-11-14,113161.0,376.0804,84.37261,5.279059,1.032855,139.5530,164.9200,22.41475
2022-11-15,,379.2881,84.99850,5.331200,1.031928,140.1150,165.5000,22.67579
2022-11-16,110243.0,376.3945,85.62440,5.331700,1.035786,138.9650,165.1200,22.42346
2022-11-17,109703.0,375.2428,85.04259,5.399000,1.039501,139.3220,163.9200,22.04929
2022-11-18,108880.0,376.9466,84.74284,5.422100,1.036173,140.4120,162.7900,21.89267
2022-11-21,109748.0,375.5760,84.68996,5.381300,1.033090,140.2530,161.8800,21.81436
2022-11-22,109037.0,380.6301,85.17481,5.318600,1.024569,142.0980,162.0700,22.04059
2022-11-23,108683.0,383.0287,85.63324,5.357700,1.031109,141.1550,163.0800,21.73605
2022-11-24,111831.0,,,5.358300,1.041623,139.2780,,
2022-11-25,108977.0,382.9430,85.60677,5.320000,1.040810,138.6030,163.2200,21.54462
2022-11-28,108782.0,376.8324,85.64204,5.408500,1.036753,139.1000,161.9300,21.41410
2022-11-29,110910.0,376.1852,85.28059,5.364700,1.034554,138.7190,162.7300,21.69254
2022-11-30,112486.0,388.0352,86.04753,5.268200,1.032450,138.7450,164.8100,22.17982
2022-12-01,110926.0,387.7496,86.98738,5.181589,1.042535,137.3590,167.8400,22.06670
2022-12-02,111924.0,387.3024,87.16403,5.183600,1.052842,135.1500,167.2600,21.83176
2022-12-05,109401.0,380.3351,86.28075,5.218000,1.054419,134.4750,164.3900,21.26617
2022-12-06,109533.0,374.8526,86.81070,5.280000,1.049692,136.6520,164.8400,20.92682
2022-12-07,109361.0,374.2148,87.57035,5.234000,1.046901,136.8860,166.3300,20.82240
2022-12-08,107245.0,377.1464,87.07571,5.204000,1.051326,136.3810,166.4700,20.78760
2022-12-09,107689.0,374.3291,86.43089,5.224300,1.055966,136.6140,167.0600,20.81370
2022-12-12,105264.0,379.7259,86.30724,5.235000,1.052222,136.7120,165.6800,21.03993
2022-12-13,103892.0,382.6003,87.08453,5.321300,1.054174,137.5040,168.5100,21.38799
2022-12-14,103803.0,380.1542,87.32301,5.292800,1.062665,135.5840,168.1000,21.55332
2022-12-15,103738.0,370.8550,87.49297,5.277200,1.067635,135.3480,165.3500,21.29228
2022-12-16,102825.0,366.4766,87.27169,5.311800,1.064056,137.7510,166.7900,21.02253
2022-12-19,104530.0,363.3690,86.56368,5.306509,1.058504,136.6900,166.3200,20.98314
2022-12-20,106979.0,363.8662,85.93533,5.291600,1.061458,136.9950,169.0800,21.07944
2022-12-21,107313.0,369.3069,86.04152,5.198400,1.062699,131.8920,168.8000,21.35080
2022-12-22,107317.0,364.0383,86.01497,5.199900,1.061008,132.3700,166.7600,21.07944
2022-12-23,109698.0,366.1324,85.62556,5.165600,1.060333,132.3570,167.2600,21.46461
2022-12-26,108738.0,,,5.164300,1.066780,132.7900,,
2022-12-27,108347.0,364.6886,84.90870,5.217500,1.064022,132.7640,168.6700,21.65719
2022-12-28,110237.0,360.1563,84.70515,5.292300,1.063717,133.4860,167.9100,21.41208
2022-12-29,110031.0,366.6392,85.12111,5.266800,1.062925,134.0340,168.8500,21.38582
2022-12-30,,365.6734,84.76710,5.284600,1.066075,132.9160,169.6400,21.57841
2023-01-02,106376.0,,,5.285500,1.070973,130.8450,,
2023-01-03,104166.0,364.1340,85.43084,5.360131,1.067771,130.7940,171.0600,21.06193
2023-01-04,105334.0,366.9452,86.08578,5.478500,1.054685,131.2480,172.6700,20.68551
2023-01-05,107518.0,362.7570,85.96188,5.430100,1.060637,132.2460,170.5200,20.58046
2023-01-06,108836.0,371.0758,87.06816,5.349800,1.052222,133.3070,173.7100,20.69426
2023-01-09,109227.0,370.8655,87.28938,5.224400,1.065632,131.8620,174.1000,20.93937
2023-01-10,110912.0,373.4663,86.74068,5.253700,1.073318,131.7290,174.7400,20.93937
2023-01-11,111763.0,378.1898,87.29823,5.198300,1.073895,132.1010,174.6200,21.31579
2023-01-12,111877.0,379.5668,88.07707,5.158500,1.076600,131.9020,176.6400,21.49087
2023-01-13,110916.0,381.0393,87.60801,5.107700,1.086024,129.1720,178.7600,21.70096
2023-01-16,109213.0,,,5.080700,1.082462,128.0260,,
2023-01-17,111439.0,380.3413,87.33363,5.146000,1.083013,128.3210,177.5900,21.84978
2023-01-18,112452.0,374.3364,88.51957,5.099600,1.079331,128.2810,177.0800,21.61342
2023-01-19,113006.0,371.6114,88.35144,5.185300,1.079785,128.5390,179.8900,21.83227
2023-01-20,112301.0,378.5341,87.76730,5.173000,1.083388,128.3700,179.2900,21.96358
2023-01-23,111709.0,383.0760,87.48411,5.206300,1.086508,129.3540,179.6300,22.01610
2023-01-24,113028.0,382.6648,87.98857,5.205900,1.087429,130.5970,180.2800,21.89355
2023-01-25,114195.0,382.8082,88.08591,5.138400,1.088815,130.2390,181.1100,21.83227
2023-01-26,114109.0,387.0155,87.76730,5.072200,1.092204,129.2370,179.4700,21.92856
2023-01-27,112502.0,387.9047,87.63456,5.062745,1.089443,129.8000,179.2200,21.68345
2023-01-30,111888.0,383.0377,87.36021,5.107200,1.087146,129.8540,178.7600,21.40333
2023-01-31,113532.0,388.6696,87.80270,5.114900,1.085069,130.4790,179.4100,21.77099
2023-02-01,112303.0,392.8003,88.43420,5.072200,1.086095,130.1100,181.6700,21.35956
2023-02-02,109935.0,398.5183,88.39871,5.053500,1.101285,128.6220,177.9000,21.20199
2023-02-03,108490.0,394.2825,87.44973,5.049200,1.090513,128.7460,173.4600,20.66800
2023-02-06,108456.0,391.8728,86.69585,5.149800,1.079086,132.0090,173.8200,20.72928
2023-02-07,107920.0,396.9980,86.48299,5.145700,1.073076,132.6230,173.9800,21.12320
2023-02-08,109882.0,392.6569,86.80228,5.209300,1.072973,131.0420,174.4100,21.16697
2023-02-09,107783.0,389.2529,86.41202,5.199500,1.071582,131.3870,173.0300,21.00065
2023-02-10,108150.0,390.1613,85.99519,5.289500,1.074229,131.5190,173.3600,21.29828
2023-02-13,108846.0,394.7415,86.19917,5.213483,1.067771,131.5510,172.4800,21.25451
2023-02-14,107659.0,394.5597,85.80892,5.158400,1.073042,132.3370,172.6100,21.32454
2023-02-15,109442.0,395.8410,85.55173,5.191500,1.073572,132.9910,170.8900,21.09694
2023-02-16,109905.0,390.3907,85.26791,5.218000,1.069176,133.9030,170.7500,21.03566
2023-02-17,109303.0,389.4154,85.50737,5.216800,1.066576,134.0740,171.2600,20.87809
2023-02-20,,,,5.165169,1.068444,134.3070,,
2023-02-21,,381.6035,84.57611,5.166700,1.068262,134.3360,170.6200,20.90435
2023-02-22,107152.0,381.0775,84.72691,5.166500,1.065201,134.9760,169.6600,20.63298
2023-02-23,107720.0,383.1046,85.05506,5.151200,1.060580,134.9320,169.5700,20.79055
2023-02-24,105873.0,379.0121,84.54063,5.136200,1.059805,134.6280,168.3500,20.72052
2023-02-27,105711.0,380.3030,84.79782,5.207800,1.055476,136.3950,169.0100,20.73803
2023-02-28,104932.0,378.8974,84.93088,5.199700,1.061121,136.3170,169.7800,20.79931
2023-03-01,104385.0,377.4440,84.25191,5.235900,1.057731,136.3480,170.7600,21.15822
2023-03-02,103326.0,380.3795,83.90529,5.178300,1.066894,136.1940,170.6600,21.07944
2023-03-03,103866.0,386.4800,84.58070,5.199600,1.059973,136.7050,172.4900,21.41208
2023-03-06,104700.0,386.7478,84.42966,5.194400,1.062620,135.8600,171.6200,21.30704
2023-03-07,104228.0,380.8194,84.43853,5.152200,1.068833,135.9990,168.6200,20.86934
2023-03-08,106540.0,381.4409,84.41186,5.190000,1.055075,137.3910,168.5400,20.75554
2023-03-09,105071.0,374.4034,84.93620,5.144400,1.054953,137.2260,170.2000,20.50168
2023-03-10,103618.0,369.0010,86.50039,5.163700,1.058470,136.3950,173.8700,20.72052
2023-03-13,103121.0,368.4750,87.54910,5.215600,1.068365,134.9800,177.8600,20.58921
2023-03-14,102932.0,374.5659,86.72256,5.245700,1.072501,133.1140,176.8300,20.32660
2023-03-15,102675.0,372.2233,87.97569,5.251700,1.072766,134.3970,178.2100,19.85389
2023-03-16,103435.0,378.7540,87.18470,5.287100,1.058335,132.9290,178.5700,19.91516
2023-03-17,101982.0,374.3253,88.21564,5.229600,1.061413,133.3680,183.7700,19.85389
2023-03-20,100923.0,377.9247,87.86013,5.277800,1.067886,132.2840,183.8400,19.93267
2023-03-21,100998.0,382.8871,87.09583,5.235700,1.071915,131.3920,180.3700,20.00270
2023-03-22,100221.0,376.3601,88.24231,5.240900,1.077424,132.3480,183.4400,20.05523
2023-03-23,97926.00,377.3777,88.74889,5.236100,1.087039,131.1790,185.7400,20.00270
2023-03-24,98829.00,379.8540,88.77555,5.296700,1.083506,130.8650,183.6500,20.09899
2023-03-26,,,,5.245100,1.077819,130.8460,,
2023-03-27,99670.00,380.5642,87.68243,5.197100,1.080707,131.2330,181.9500,20.47541
2023-03-28,101185.0,379.7101,87.62909,5.164400,1.083952,131.0460,183.4400,20.57171
2023-03-29,101793.0,385.2291,87.47800,5.134200,1.084363,132.5760,182.5300,20.44040
2023-03-30,103713.0,387.4846,87.61131,5.092700,1.090465,133.2010,184.1800,20.58921
2023-03-31,101882.0,392.9461,88.09121,,,,183.2200,20.78180
2023-04-02,,,,5.062300,1.080334,133.3470,,
2023-04-03,101506.0,394.4435,88.50616,5.063100,1.091227,132.2990,184.5400,21.12320
2023-04-04,101869.0,392.2550,89.07613,5.070700,1.096011,131.4850,187.9800,21.09694
2023-04-05,100978.0,391.2280,89.45008,5.033200,1.090334,130.9340,187.8300,21.17573
2023-04-06,100822.0,392.7542,89.47681,5.058300,1.092013,131.6690,186.4900,21.11445
2023-04-09,,,,5.054400,1.091358,132.0970,,
2023-04-10,101847.0,393.1573,88.59523,5.065300,1.086933,133.4690,185.1100,21.11445
2023-04-11,106214.0,393.2629,88.55959,5.004000,1.091751,133.5940,186.2800,21.22825
2023-04-12,106890.0,391.6599,88.81787,4.916900,1.099989,133.0850,187.1900,21.39458
2023-04-13,106458.0,396.8622,88.52399,4.926700,1.105461,132.4870,189.7200,21.39458
2023-04-14,106279.0,395.8928,88.08764,,,,186.3600,21.42084
2023-04-16,,,,4.908700,1.098660,133.9710,,
2023-04-17,106016.0,397.3134,87.52666,4.939800,1.092538,134.4250,185.5300,21.33330
2023-04-18,106163.0,397.5725,87.66910,4.984300,1.097538,134.0440,186.2500,21.37707
2023-04-19,103913.0,397.5053,87.48213,5.074300,1.095218,134.7040,185.3600,21.07944
2023-04-20,104367.0,395.3362,87.98969,5.047700,1.097093,133.9960,186.0900,20.89560
2023-04-21,,395.6432,87.77596,,,,184.2500,20.85183
2023-04-23,,,,5.047900,1.099227,133.9610,,
2023-04-24,103947.0,396.0560,88.20341,5.033400,1.105950,134.0840,184.8100,21.01816
2023-04-25,103220.0,389.7690,89.07613,5.053100,1.097839,133.7110,185.7500,20.72052
2023-04-26,102312.0,388.1182,88.72881,5.043000,1.104728,133.4650,184.7400,20.40538
2023-04-27,102923.0,395.8448,88.14999,4.976200,1.103205,133.8020,184.7500,20.43164
2023-04-28,104432.0,399.2234,88.80897,,,,184.8000,20.62423
2023-04-30,,,,4.986000,1.101091,136.3860,,
2023-05-01,,398.8203,87.76368,4.987900,1.096924,137.5210,183.9700,20.44915
2023-05-02,101927.0,394.3378,88.90624,5.038400,1.101091,136.4660,187.5200,19.98519
2023-05-03,101797.0,391.6312,89.48645,4.994400,1.106893,134.5440,189.1100,19.73133
2023-05-04,102174.0,388.8572,89.46860,4.982600,1.102293,134.1790,190.4400,19.81011
2023-05-05,105148.0,396.0560,88.98660,,,,187.4600,20.25657
2023-05-07,,,,4.951700,1.101868,135.1990,,
2023-05-08,106042.0,396.1616,88.44208,5.008000,1.099614,135.0730,187.6900,20.35286
2023-05-09,107114.0,394.4242,88.33498,4.985900,1.096467,135.2880,189.0200,20.41413
2023-05-10,107448.0,396.2672,88.99549,4.942900,1.098406,134.0870,188.7500,20.35286
2023-05-11,108256.0,395.5760,89.32577,4.929500,1.091215,134.4980,187.1300,20.00270
2023-05-12,108464.0,395.0577,88.79018,,,,186.8100,19.84513
2023-05-14,,,,4.920200,1.085270,135.8220,,
2023-05-15,109029.0,396.4207,88.59382,4.887900,1.087370,136.0450,187.2100,20.07273
2023-05-16,108194.0,393.7715,88.30818,4.939400,1.086567,136.4300,184.8700,19.85389
2023-05-17,109460.0,398.5515,88.02254,4.937700,1.083835,137.6140,184.2300,20.09024
2023-05-18,110108.0,402.3909,87.47803,4.964400,1.077540,138.6200,181.8400,19.90641
2023-05-19,110745.0,401.8054,87.14777,,,,183.6400,19.88015
2023-05-21,,,,4.996800,1.082275,137.6920,,
2023-05-22,110213.0,401.9685,86.98708,4.966100,1.081105,138.6720,183.2100,19.89766
2023-05-23,109929.0,397.4573,87.12990,4.971200,1.076971,138.5980,183.4300,19.97644
2023-05-24,108800.0,394.5778,86.90675,4.958600,1.075732,139.2830,181.9500,19.98519
2023-05-25,110054.0,397.9949,86.36226,5.035200,1.072444,140.0170,180.2000,19.67005
2023-05-26,110906.0,403.1491,86.52292,,,,180.9200,19.98519
2023-05-28,,,,4.992800,1.072306,140.8710,,
2023-05-29,110333.0,,,5.018100,1.070767,140.4410,,
2023-05-30,108967.0,403.3027,87.20133,5.034800,1.073307,139.7920,182.0400,19.52124
2023-05-31,108335.0,401.0663,87.53157,5.054800,1.069519,139.1270,182.3200,19.30239
2023-06-01,110565.0,404.8769,87.77496,5.013100,1.076079,138.7480,183.7600,19.61753
2023-06-02,112558.0,410.7318,87.07704,,,,181.0500,19.87139
2023-06-04,,,,4.956600,1.069862,140.2070,,
2023-06-05,112696.0,409.9448,87.05022,4.925600,1.071180,139.3830,182.1400,19.81887
2023-06-06,114610.0,410.8374,87.10388,4.912000,1.069805,139.5270,182.3400,19.84513
2023-06-07,115488.0,409.4168,86.46863,4.922400,1.070744,139.8990,180.1500,19.92392
2023-06-08,,411.8933,87.05022,4.922100,1.078272,138.8630,182.5300,19.95893
2023-06-09,117019.0,412.6323,86.73707,,,,182.0400,19.83638
2023-06-11,,,,4.877900,1.075095,139.3710,,
2023-06-12,117336.0,416.3756,86.88020,4.860600,1.076299,139.4600,181.8800,19.56501
2023-06-13,116743.0,419.1208,86.26286,4.861000,1.078935,140.1770,180.5400,19.82762
2023-06-14,119069.0,419.6198,86.37917,4.815000,1.084305,139.9770,180.6400,19.87139
2023-06-15,119221.0,424.8221,87.05022,4.809200,1.094595,140.2680,181.9100,20.29158
2023-06-16,118758.0,423.3752,86.67443,,,,181.6300,20.54544
2023-06-18,,,,4.807000,1.094212,141.8670,,
2023-06-19,119858.0,,,4.776900,1.092430,141.8990,,
2023-06-20,119622.0,421.1786,86.93390,4.789300,1.092037,141.3350,179.7500,20.36161
2023-06-21,120420.0,419.0206,87.01443,4.762300,1.099264,141.6880,179.4900,20.65925
2023-06-22,118934.0,420.5331,86.52232,4.769737,1.095890,143.0300,177.7100,20.27407
2023-06-23,118977.0,417.3539,86.88020,,,,178.2000,20.05523
2023-06-25,,,,4.785500,1.090667,143.5410,,
2023-06-26,118243.0,415.6487,87.09494,4.767300,1.091048,143.4600,178.5100,20.08149
2023-06-27,117523.0,420.2056,86.79073,4.810500,1.095722,143.8820,177.6900,19.75759
2023-06-28,116681.0,420.4176,87.13969,4.850500,1.091584,144.3890,177.2800,19.69632
2023-06-29,118383.0,422.0746,86.24495,4.855600,1.086803,144.7800,177.0900,19.70507
2023-06-30,118087.0,427.0554,86.43285,,,,178.2700,19.87139
2023-07-02,,,,4.784200,1.090750,144.3980,,
2023-07-03,119673.0,427.5467,86.05795,4.806500,1.091310,144.5840,178.4700,19.87139
2023-07-04,119076.0,,,4.839900,1.088495,144.4060,,
2023-07-05,119549.0,426.9109,85.64535,4.847200,1.085658,144.4890,177.8400,19.99395
2023-07-06,117426.0,423.5678,84.94577,4.918700,1.089064,143.9510,177.3100,19.95018
2023-07-07,118898.0,422.4984,84.83812,,,,178.6400,20.11650
2023-07-09,,,,4.870900,1.096972,142.2090,,
2023-07-10,117942.0,423.5678,85.27765,4.898200,1.100594,141.2970,178.7800,20.16027
2023-07-11,117220.0,426.2654,85.45699,4.851500,1.101406,140.1180,179.4500,20.39663
2023-07-12,117666.0,429.6950,86.29111,4.816900,1.114455,138.3150,181.8800,20.54544
2023-07-13,119264.0,433.1054,87.00864,4.794800,1.122347,138.0750,182.0100,20.83433
2023-07-14,117711.0,432.8357,86.57813,,,,181.4300,20.69426
2023-07-16,,,,4.788100,1.122776,138.6820,,
2023-07-17,118219.0,434.3386,86.72163,4.805800,1.123760,138.7290,181.5600,20.52794
2023-07-18,117841.0,437.5660,86.82029,4.809300,1.122889,139.0270,183.6400,20.79931
2023-07-19,117552.0,438.5390,87.11628,4.789900,1.120523,139.5980,183.6700,20.91311
2023-07-20,118083.0,435.6296,86.42564,4.796900,1.113710,139.8640,182.7400,20.97439
2023-07-21,120217.0,435.6296,86.49744,,,,182.1800,21.08819
2023-07-23,,,,4.777400,1.112533,141.7500,,
2023-07-24,121342.0,437.5757,86.29111,4.725500,1.106317,141.5220,181.4000,21.46461
2023-07-25,122008.0,438.7703,86.12966,4.748900,1.105046,140.9130,182.4100,21.54339
2023-07-26,122560.0,438.8377,86.42564,4.736200,1.107837,140.3670,183.3000,21.43834
2023-07-27,119990.0,435.9283,85.48392,4.741600,1.097876,138.8640,180.4200,21.38582
2023-07-28,120187.0,440.1961,85.76196,,,,181.8600,21.51713
2023-07-30,,,,4.723300,1.102426,140.7580,,
2023-07-31,121943.0,441.0342,85.86960,4.724700,1.099759,142.3230,182.3500,21.60467
2023-08-01,121248.0,439.7722,85.36784,4.792000,1.100788,142.9700,180.4600,21.49087
2023-08-02,120859.0,433.6546,85.19699,4.810400,1.094415,143.3440,179.6000,21.16697
2023-08-03,120586.0,432.4118,84.56760,4.916400,1.095158,142.5980,179.5400,21.36831
2023-08-04,119508.0,430.4561,85.46677,,,,180.1900,21.40333
2023-08-06,,,,4.885400,1.100267,141.8760,,
2023-08-07,119380.0,434.2133,85.25993,4.899000,1.100316,142.5240,179.7800,21.41208
2023-08-08,119090.0,432.3251,85.69153,4.898600,1.095890,143.2780,178.6400,21.38582
2023-08-09,118409.0,429.4349,85.74545,4.901700,1.097767,143.7270,177.7900,21.53464
2023-08-10,118350.0,429.5891,85.08908,4.891500,1.098165,144.8540,177.6000,21.42084
2023-08-11,118065.0,429.3386,84.63950,,,,177.6000,21.38582
2023-08-13,,,,4.911000,1.094439,144.8170,,
2023-08-14,116810.0,431.7085,84.50463,4.962100,1.090988,145.4370,177.0600,21.28077
2023-08-15,116171.0,426.6796,84.34277,4.983200,1.090417,145.6080,176.5900,21.02691
2023-08-16,115592.0,423.5486,84.01907,4.986900,1.087488,146.3330,175.5700,20.93937
2023-08-17,114982.0,420.3212,83.91116,4.975500,1.087465,145.7140,175.3000,20.99190
2023-08-18,115409.0,420.5235,84.16295,,,,175.3300,21.14071
2023-08-20,,,,4.966900,1.087559,145.3050,,
2023-08-21,114429.0,423.2596,83.64140,4.978700,1.089835,146.2380,175.8100,21.08819
2023-08-22,116156.0,422.1131,83.67737,4.937100,1.084669,145.7630,176.1000,21.09694
2023-08-23,118135.0,426.8145,84.58556,4.855100,1.086579,144.6730,177.8900,21.14071
2023-08-24,117026.0,420.8992,84.27085,4.880300,1.079914,146.0670,177.8500,21.15822
2023-08-25,115837.0,423.8665,84.24388,,,,177.6200,21.36831
2023-08-27,,,,4.870400,1.079739,146.5310,,
2023-08-28,117121.0,426.5544,84.47765,4.872600,1.082556,146.4640,178.1300,21.33330
2023-08-29,118404.0,432.7201,85.08011,4.851300,1.086921,145.9880,179.8700,21.41208
2023-08-30,117535.0,434.5024,85.07112,4.888400,1.093255,146.0990,180.3200,21.43834
2023-08-31,115742.0,433.8666,85.24198,4.953800,1.084410,145.4730,180.0200,21.52588
2023-09-01,117893.0,434.6758,84.72091,,,,180.1100,21.77975
2023-09-03,,,,4.976300,1.077586,146.0570,,
2023-09-04,117777.0,,,4.936200,1.079447,146.5430,,
2023-09-05,117331.0,432.7972,84.20705,4.966700,1.072616,147.4710,178.6400,21.88480
2023-09-06,115985.0,429.8878,83.99072,4.977000,1.072420,147.7090,177.8300,21.93731
2023-09-07,,428.5679,84.27917,4.976100,1.069782,147.3310,178.0200,21.89355
2023-09-08,115313.0,429.2133,84.29723,,,,178.0800,21.93731
2023-09-10,,,,4.983000,1.071811,147.1130,,
2023-09-11,116883.0,432.0361,84.15295,4.929400,1.075038,146.6780,178.4100,22.06862
2023-09-12,117968.0,429.6661,84.27016,4.946600,1.075327,147.1580,177.4900,22.14741
2023-09-13,118176.0,430.1671,84.36932,4.915400,1.073422,147.3460,177.0800,22.21744
2023-09-14,119392.0,433.8762,84.18001,4.868200,1.063717,147.4820,177.1700,22.40128
2023-09-15,118758.0,428.6487,83.91860,,,,178.3400,22.34875
2023-09-17,,,,4.867000,1.066826,147.8680,,
2023-09-18,118288.0,428.9001,83.99974,4.853700,1.069267,147.6050,179.3900,22.34000
2023-09-19,117846.0,428.0106,83.69322,4.865800,1.068205,147.7420,179.2200,22.35751
2023-09-20,118695.0,424.0758,83.63010,4.878800,1.065303,148.3210,179.3500,22.17367
2023-09-21,116145.0,417.0665,83.00811,4.934900,1.066155,147.6440,178.0500,22.10364
2023-09-22,116009.0,416.1287,83.33263,,,,178.6200,22.12115
2023-09-24,,,,4.933900,1.064849,148.4340,,
2023-09-25,115925.0,417.8787,82.71962,4.968300,1.059165,148.8110,177.7000,22.01610
2023-09-26,114193.0,411.7394,82.69257,4.986200,1.056948,149.0450,176.2800,21.98984
2023-09-27,114327.0,411.9038,82.32298,5.042200,1.050531,149.4980,174.1000,22.11240
2023-09-28,115731.0,414.2918,82.54833,5.032800,1.056245,149.3370,173.2300,22.08613
2023-09-29,116565.0,413.2863,82.56635,,,,171.4500,21.84978
2023-10-01,,,,5.042800,1.056524,149.5400,,
2023-10-02,115057.0,413.1219,81.89664,5.061500,1.048075,149.8510,169.6500,21.68345
2023-10-03,113419.0,407.5919,81.21874,5.166300,1.047230,149.1920,169.1600,21.58716
2023-10-04,113607.0,410.5600,81.73393,5.154600,1.050707,148.9660,169.1400,20.98314
2023-10-05,113284.0,410.4052,81.88761,5.165000,1.054663,148.4630,168.8300,20.86058
2023-10-06,114170.0,415.2780,81.40854,,,,169.7000,20.93937
2023-10-08,,,,5.145700,1.056747,149.1600,,
2023-10-09,115156.0,417.9366,82.44797,5.135200,1.057888,148.3270,172.8200,21.37707
2023-10-10,116737.0,420.1120,82.28528,5.051000,1.060479,148.6280,172.5300,21.32454
2023-10-11,117051.0,421.8328,82.73718,5.049600,1.062428,149.0360,173.7900,21.20199
2023-10-12,,419.2611,81.94180,5.045900,1.053674,149.7900,173.2600,21.19323
2023-10-13,115754.0,417.1728,82.46606,,,,178.8300,21.75349
2023-10-15,,,,5.048200,1.052155,149.5660,,
2023-10-16,116534.0,421.5621,81.97797,5.037600,1.055431,149.5780,177.9600,21.68345
2023-10-17,115908.0,421.5428,81.17356,5.037400,1.057306,149.7590,178.2900,21.74473
2023-10-18,114060.0,415.9256,80.79396,5.056100,1.053852,149.7420,180.8700,21.93731
2023-10-19,114004.0,412.2711,80.39627,5.062900,1.058649,149.8020,183.0900,22.16492
2023-10-20,113155.0,407.2052,80.86623,,,,183.5900,21.99859
2023-10-22,,,,5.031300,1.058997,149.8800,,
2023-10-23,112785.0,406.4994,81.24587,5.012300,1.066985,149.7690,182.9700,21.85853
2023-10-24,113762.0,409.5641,81.39048,4.991000,1.059535,149.8540,182.9500,21.62218
2023-10-25,112830.0,403.6860,80.67643,4.994700,1.056725,150.0980,183.7200,21.77975
2023-10-26,114777.0,398.8520,81.29105,4.985300,1.056446,150.3660,184.0100,21.59591
2023-10-27,113301.0,397.0441,81.41760,,,,186.1500,21.88480
2023-10-30,112532.0,401.7910,81.14645,4.952030,1.056245,149.7330,185.1000,21.53464
2023-10-31,113144.0,404.3145,80.97472,5.046100,1.061504,149.1110,184.0900,21.45585
2023-11-01,115053.0,408.6264,81.90737,5.034100,1.057910,151.2940,183.5100,21.49087
2023-11-02,,416.4574,82.41491,4.953700,1.058705,150.5750,184.1200,21.71847
2023-11-03,118160.0,420.2569,83.04934,4.952900,1.061909,150.4970,184.7900,21.60467
2023-11-06,118487.0,421.2237,82.56899,4.899200,1.073215,149.4490,183.3500,21.69221
2023-11-07,119268.0,422.4225,83.04028,4.884100,1.072156,149.9890,182.5900,21.22825
2023-11-08,119099.0,422.7318,83.37566,4.871500,1.069610,150.3960,180.7700,20.99190
2023-11-09,119012.0,419.4352,82.55087,4.909300,1.071042,150.8640,181.4900,20.93937
2023-11-10,120636.0,425.9803,82.64149,4.933900,1.066758,151.3490,179.5100,21.04442
2023-11-13,120376.0,425.5742,82.59618,4.893379,1.069016,151.4690,180.5100,21.35080
2023-11-14,123328.0,433.8307,83.83788,4.906200,1.070183,151.6460,182.1200,21.31579
2023-11-15,,434.7492,83.18530,4.864500,1.087831,150.4850,181.6400,21.17573
2023-11-16,124576.0,435.2809,83.81069,4.860900,1.085458,151.2150,183.6900,20.66800
2023-11-17,125062.0,435.8223,83.86509,4.862200,1.085376,150.7050,183.6700,20.96564
2023-11-20,126095.0,439.1771,83.98289,4.819177,1.090703,149.9420,183.3700,21.22825
2023-11-21,125607.0,438.2201,84.09167,4.851800,1.094595,148.3620,185.3500,21.35080
2023-11-22,126035.0,439.9118,84.06448,4.899300,1.091822,148.1520,184.5600,21.16697
2023-11-23,126576.0,,,4.905500,1.089087,149.4600,,
2023-11-24,125542.0,440.1826,83.62943,4.902500,1.090631,149.6350,185.5200,21.02691
2023-11-27,125683.0,439.3899,84.26389,4.900900,1.094044,149.5710,186.7700,20.88685
2023-11-28,126538.0,439.8249,84.63548,4.895500,1.095842,148.4520,189.2600,21.14071
2023-11-29,126101.0,439.5155,85.07960,4.869800,1.100594,147.0630,189.5400,21.28953
2023-11-30,127331.0,441.2461,84.66267,4.904100,1.097370,147.0390,188.7500,20.93062
2023-12-01,128103.0,443.8564,85.46149,4.923100,1.089206,147.9990,192.0100,20.83433
2023-12-04,126803.0,441.5264,85.10706,4.902159,1.088815,146.3930,187.8600,20.69426
2023-12-05,126903.0,441.4395,85.70686,4.943100,1.083776,147.3270,187.1500,20.51043
2023-12-06,125623.0,439.6606,86.06128,4.927700,1.079366,147.1850,187.8400,20.01146
2023-12-07,126010.0,443.0153,85.93406,4.901200,1.076670,147.1840,188.1500,20.04647
2023-12-08,127094.0,444.9199,85.37967,4.910100,1.079214,144.2780,185.6400,20.13401
2023-12-11,126916.0,446.6505,85.38879,4.893286,1.076577,144.9830,183.5900,20.06398
2023-12-12,126403.0,448.6904,85.57053,4.936700,1.076658,146.0850,183.4900,19.75759
2023-12-13,129465.0,454.8779,86.84283,4.964500,1.079867,145.2800,187.6300,19.98519
2023-12-14,130842.0,456.3378,87.56468,4.918400,1.088613,142.7730,188.7300,20.31784
2023-12-15,130197.0,455.5864,87.49179,4.914600,1.099360,142.2790,187.0000,20.35286
2023-12-18,131084.0,458.1491,87.30038,4.919657,1.089526,142.3130,187.8500,20.49888
2023-12-19,131851.0,460.9351,87.46445,4.895900,1.092383,142.7220,189.1300,20.65501
2023-12-20,130804.0,454.5478,87.89284,4.866500,1.098105,143.8890,188.1000,20.41623
2023-12-21,132182.0,458.8577,87.75613,4.914600,1.094571,143.5230,189.4300,20.45296
2023-12-22,132753.0,459.7799,87.67409,4.881800,1.100619,142.0700,190.2700,20.41623
2023-12-25,,,,4.869844,1.102657,142.3420,,
2023-12-26,133533.0,461.7213,87.72877,4.869744,1.102026,142.2300,191.7200,20.61828
2023-12-27,134194.0,462.5562,88.41238,4.813500,1.104301,142.4610,192.5900,20.52644
2023-12-28,134185.0,462.7309,88.07514,4.826100,1.110864,141.3990,191.4700,20.35194
2023-12-29,,461.3913,87.85638,4.850200,1.106819,141.4300,191.1700,20.24173
2024-01-01,,,,4.850500,1.105583,140.9520,,
2024-01-02,132697.0,458.8092,87.52824,4.852400,1.103875,141.1260,190.7200,20.07642
2024-01-03,132834.0,455.0623,87.73791,4.922500,1.094176,142.1550,189.1300,20.33357
2024-01-04,131226.0,453.5965,87.20922,4.919200,1.092777,142.9990,189.3200,20.22336
2024-01-05,132023.0,454.2177,86.89022,4.895600,1.094739,144.7650,189.3500,20.32439
2024-01-08,132427.0,460.7021,87.18191,4.860667,1.094224,144.7160,187.8700,20.03050
2024-01-09,131447.0,460.0032,87.14544,4.869000,1.095170,144.2300,187.9300,20.17744
2024-01-10,130841.0,462.6047,87.00871,4.905100,1.093243,144.4280,187.5000,20.03968
2024-01-11,130649.0,462.4009,87.47356,4.891400,1.097514,145.7340,187.8700,20.18663
2024-01-12,130988.0,462.7212,87.71057,4.869700,1.098165,145.0460,189.7100,20.26010
2024-01-15,131521.0,,,4.852900,1.094571,145.1490,,
2024-01-16,129294.0,461.0224,86.99960,4.862200,1.094571,145.7940,187.9100,20.08560
2024-01-17,128524.0,458.4597,86.71703,4.924900,1.087879,147.2460,185.8400,20.05805
2024-01-18,127316.0,462.5368,86.52565,4.934000,1.088578,148.1180,187.3700,20.18663
2024-01-19,127636.0,468.3029,86.53474,4.926100,1.087914,148.1280,187.9300,20.14989
2024-01-22,126602.0,469.2930,86.79907,4.904642,1.089230,148.1210,187.2200,20.23255
2024-01-23,128263.0,470.6616,86.58035,4.988300,1.088021,148.1420,187.9500,20.34276
2024-01-24,127816.0,471.1761,86.33422,4.952200,1.085788,148.2510,186.4000,20.51725
2024-01-25,128169.0,473.7389,86.70792,4.932500,1.088175,147.5910,187.1400,20.67338
2024-01-26,128967.0,473.1370,86.55297,4.915800,1.084705,147.7230,187.0100,20.76522
2024-01-29,128503.0,476.8839,87.07252,4.913600,1.084352,148.1400,188.3300,20.59072
2024-01-30,127402.0,476.5151,87.19099,4.950200,1.083447,147.4680,188.5900,20.72849
2024-01-31,127752.0,468.7397,87.92018,4.950300,1.084340,147.3690,188.4500,20.50807
2024-02-01,128481.0,474.8746,88.46475,4.951900,1.080392,146.9960,190.4100,20.26010
2024-02-02,127182.0,479.8738,87.31347,4.915000,1.087465,146.4510,188.6100,20.03050
2024-02-05,127593.0,478.1265,86.46372,4.932938,1.078004,148.5010,187.5700,20.11315
2024-02-06,130416.0,479.5146,86.92971,4.949943,1.074183,148.6400,188.5500,20.18663
2024-02-07,129608.0,483.5139,86.77440,4.962300,1.075720,147.8180,188.5000,20.27847
2024-02-08,128217.0,483.7275,86.49117,4.969300,1.077575,148.0860,188.3300,20.38868
2024-02-09,128026.0,486.5232,86.33582,4.991900,1.077726,149.2590,187.6000,20.44378
2024-02-12,,486.3096,86.41805,4.953100,1.079820,149.1670,187.1100,20.45296
2024-02-13,,479.6117,85.46778,4.952200,1.077226,149.4050,184.5300,20.33357
2024-02-14,127018.0,483.9702,85.78757,4.952000,1.070893,150.7240,184.4200,20.14071
2024-02-15,127804.0,487.3095,86.02517,4.968300,1.073215,150.5440,185.6600,20.18663
2024-02-16,128726.0,484.8827,85.65055,4.972400,1.077389,149.9460,186.3400,20.23255
2024-02-19,129036.0,,,4.965100,1.078493,150.0910,,
2024-02-20,129916.0,482.2132,85.79673,4.956400,1.077540,150.2700,187.4700,20.12234
2024-02-21,130032.0,482.6500,85.52262,4.926400,1.081315,149.9390,187.4800,20.20499
2024-02-22,130241.0,492.6387,85.53175,4.934900,1.082040,150.3550,187.5600,20.26010
2024-02-23,129419.0,492.9785,85.92466,4.962400,1.082567,150.4830,188.6200,19.96621
2024-02-26,129609.0,491.1729,85.79673,4.993500,1.082005,150.4980,188.2000,20.14989
2024-02-27,131689.0,492.0854,85.60484,4.978900,1.085093,150.5660,188.0000,20.30602
2024-02-28,130155.0,491.4350,85.91553,4.932400,1.084481,150.4950,188.3400,20.22336
2024-02-29,129020.0,493.2017,86.08913,4.967300,1.083882,150.6560,189.3100,20.19581
2024-03-01,129180.0,497.8321,86.48213,4.969800,1.080497,150.0950,192.8900,20.29683
2024-03-04,128341.0,497.2981,86.28975,4.952700,1.084269,150.1050,196.0100,20.36112
2024-03-05,128098.0,492.3281,86.82109,4.944900,1.085517,150.4660,197.1900,20.20499
2024-03-06,128890.0,494.8227,87.03182,4.957100,1.085600,150.0490,198.8100,20.37031
2024-03-07,128340.0,499.7346,87.17839,4.943600,1.089954,149.2690,199.9400,20.42541
2024-03-08,127071.0,496.7351,87.24252,4.933800,1.095014,147.8680,201.6300,20.36112
2024-03-11,126124.0,496.3080,87.13258,4.977540,1.094296,146.7740,202.0000,20.53562
2024-03-12,127668.0,501.6470,86.77529,4.977400,1.093135,146.7320,199.7900,20.48052
2024-03-13,128006.0,500.8607,86.58292,4.968700,1.092777,147.6190,201.1900,20.76522
2024-03-14,127690.0,499.8705,85.94164,4.969200,1.095530,147.6210,200.3500,20.82951
2024-03-15,126742.0,496.4381,85.79506,4.992700,1.088341,148.2960,199.7100,20.90299
2024-03-18,126954.0,499.3885,85.69424,4.968047,1.088258,148.9550,200.0300,21.09585
2024-03-19,127529.0,502.1637,85.94164,5.029400,1.087394,149.1440,199.8000,21.08667
2024-03-20,129125.0,506.8083,86.14317,5.030000,1.086331,151.0350,202.1800,21.03156
2024-03-21,128159.0,508.4832,86.15233,4.966200,1.093721,150.7600,201.9700,21.00401
2024-03-22,127027.0,507.5193,86.57374,4.974500,1.086236,151.6330,200.3500,20.85707
2024-03-25,126931.0,506.1171,86.34473,5.000900,1.080754,151.3050,200.9900,21.03156
2024-03-26,126863.0,505.1823,86.47300,4.972200,1.083823,151.3730,201.6400,20.86625
2024-03-27,127691.0,509.4277,86.80278,4.975700,1.083236,151.5300,203.1000,20.84788
2024-03-28,128106.0,509.3304,86.72034,4.990300,1.081338,151.2870,205.7200,21.09585
2024-03-29,,,,5.014100,1.079447,151.4400,,
2024-03-31,,,,5.013200,1.079273,151.3980,,
2024-04-01,126990.0,508.4442,85.93566,5.053600,1.073722,151.5810,207.8200,21.19688
2024-04-02,127549.0,505.2115,85.75191,5.064400,1.076855,151.5400,210.8900,21.38974
2024-04-03,127318.0,505.7665,85.85297,5.038600,1.083835,151.5810,212.7400,21.64690
2024-04-04,127428.0,499.5930,86.14702,5.057400,1.083705,151.2920,211.5200,21.70200
2024-04-05,126795.0,504.8122,85.57732,,,,215.1400,21.81221
2024-04-07,,,,5.054900,1.083048,151.6900,,
2024-04-08,128857.0,505.0946,85.38439,5.023900,1.086366,151.8430,216.4800,21.80303
2024-04-09,129890.0,505.6789,85.72434,5.007600,1.085930,151.7770,217.6700,21.68363
2024-04-10,128054.0,500.6154,84.58503,5.066200,1.074172,152.9640,215.6100,21.79384
2024-04-11,127396.0,504.3935,84.46561,5.090400,1.072685,153.1920,219.8000,21.75710
2024-04-12,125946.0,497.4314,84.81471,,,,216.8900,21.78466
2024-04-14,,,,5.117100,1.064963,153.2830,,
2024-04-15,125334.0,491.1994,84.27261,5.183700,1.062575,154.2060,220.9500,21.81221
2024-04-16,124389.0,490.3036,83.94187,5.285500,1.062146,154.6980,221.2200,21.77547
2024-04-17,124171.0,487.4019,84.47478,5.232600,1.066940,154.3420,219.5900,21.43566
2024-04-18,124196.0,486.3990,84.18075,5.241700,1.064419,154.6100,220.3400,21.42648
2024-04-19,125124.0,482.1535,84.29102,,,,221.0300,21.52750
2024-04-21,,,,5.206200,1.065825,154.6400,,
2024-04-22,125573.0,486.5937,84.30022,5.165700,1.065405,154.8130,215.5700,21.52750
2024-04-23,125148.0,492.3679,84.41045,5.130500,1.070435,154.7440,215.0400,21.61934
2024-04-24,124741.0,492.1342,84.15318,5.145500,1.069988,155.2590,214.6400,21.59179
2024-04-25,124646.0,490.2646,83.83161,5.158600,1.072961,155.5970,215.9200,21.71118
2024-04-26,126526.0,494.9094,84.06129,,,,216.6200,21.72955
2024-04-28,,,,5.115500,1.070687,158.2240,,
2024-04-29,127352.0,496.6620,84.40127,5.117000,1.071570,156.3140,216.1800,21.71118
2024-04-30,125924.0,488.7944,84.00618,5.193900,1.066655,157.7220,211.8700,21.43566
2024-05-01,,487.2072,84.33886,5.194400,1.072156,155.7040,213.7900,21.12340
2024-05-02,127122.0,491.7642,84.73511,5.110300,1.073307,153.0450,213.1300,21.19688
2024-05-03,128509.0,497.8598,85.20508,,,,212.9600,21.22443
2024-05-05,,,,5.070900,1.075812,153.5660,,
2024-05-06,128466.0,503.0011,85.27882,5.074900,1.076751,154.2370,215.2000,21.46321
2024-05-07,129210.0,503.5561,85.49998,5.073300,1.075049,154.7480,214.2100,21.44485
2024-05-08,129481.0,503.6048,85.26038,5.087900,1.074691,155.4190,213.5800,21.33464
2024-05-09,128188.0,506.5064,85.51841,5.140800,1.078516,155.3890,216.9500,21.41729
2024-05-10,127600.0,507.1590,85.24195,,,,218.7100,21.38056
2024-05-12,,,,5.123260,1.077041,155.8180,,
2024-05-13,128155.0,507.2271,85.34334,5.154200,1.079354,156.2330,216.2600,21.51832
2024-05-14,128515.0,509.5543,85.59214,5.127800,1.081455,156.4980,218.0900,21.42648
2024-05-15,128028.0,515.8641,86.23723,5.133600,1.088981,154.2820,220.8900,21.49995
2024-05-16,128284.0,514.8027,86.07133,5.128600,1.086779,155.3790,220.0300,21.55505
2024-05-17,128151.0,515.5428,85.80408,,,,223.6600,21.77547
2024-05-19,,,,5.102000,1.087548,155.7540,,
2024-05-20,127751.0,516.1368,85.67509,5.103100,1.086083,156.3700,224.5600,21.96834
2024-05-21,127412.0,517.4026,85.89625,5.121900,1.085517,156.2510,224.2300,21.87650
2024-05-22,125650.0,515.9128,85.78568,5.151100,1.082520,156.7040,220.1100,21.56424
2024-05-23,124729.0,512.1445,85.48157,5.143100,1.081268,156.9730,215.7200,21.45403
2024-05-24,124306.0,515.5330,85.59214,,,,215.9200,21.60098
2024-05-26,,,,5.169800,1.084763,156.8700,,
2024-05-27,124496.0,,,5.171700,1.086189,156.8450,,
2024-05-28,123780.0,515.8933,85.11292,5.161300,1.085187,157.2620,218.1900,21.98671
2024-05-29,122707.0,512.2807,84.69825,5.202100,1.080182,157.6080,216.1600,21.75710
2024-05-30,,508.8824,85.12215,5.202100,1.083541,156.9530,216.5700,21.47240
2024-05-31,122098.0,513.5173,85.51841,,,,215.3000,21.37137
2024-06-02,,,,5.244400,1.085305,157.1800,,
2024-06-03,122032.0,513.9362,86.07853,5.249000,1.090739,156.0760,217.2200,21.06830
2024-06-04,121802.0,514.5107,86.54993,5.287700,1.088187,155.1240,215.2700,20.85707
2024-06-05,121407.0,520.6257,86.86418,5.300400,1.087453,155.9290,217.8200,20.93054
2024-06-06,122899.0,520.6158,86.82720,5.257100,1.089443,155.6970,219.4300,21.20606
2024-06-07,120767.0,519.9830,85.91217,,,,211.6000,20.90299
2024-06-09,,,,5.270441,1.077888,156.8330,,
2024-06-10,120760.0,521.5895,85.72732,5.352800,1.076426,157.0400,213.5400,21.20606
2024-06-11,121635.0,522.8458,86.18021,5.364900,1.074033,157.1050,214.1500,21.17851
2024-06-12,119936.0,527.1400,86.66082,5.401000,1.081315,156.8000,214.7200,21.25198
2024-06-13,119568.0,528.2014,87.23388,5.361600,1.073883,157.1280,212.9700,21.27035
2024-06-14,119662.0,528.5226,87.43724,,,,215.7300,21.18769
2024-06-16,,,,5.357200,1.070217,157.5460,,
2024-06-17,119138.0,532.7292,87.03056,5.424000,1.074068,157.7000,214.6100,21.26116
2024-06-18,119630.0,534.0826,87.40950,5.439900,1.074229,157.8710,215.4700,21.43566
2024-06-19,120261.0,,,5.422400,1.075153,157.9580,,
2024-06-20,120446.0,532.6317,87.18768,5.452400,1.070641,158.9310,218.1600,21.48158
2024-06-21,121341.0,531.9177,87.20615,,,,214.7800,21.30709
2024-06-23,,,,5.426126,1.068776,159.8610,,
2024-06-24,122637.0,530.1885,87.28011,5.389300,1.073272,159.6860,215.6300,21.48158
2024-06-25,122331.0,532.2303,87.35406,5.450700,1.070962,159.6860,214.5600,21.27953
2024-06-26,122641.0,532.8947,86.82720,5.522500,1.068011,160.6210,212.5800,21.31627
2024-06-27,124308.0,533.7347,87.02132,5.500500,1.070847,160.6870,214.9900,21.42648
2024-06-28,123907.0,531.6343,86.55917,,,,215.0100,21.33464
2024-06-30,,,,5.591900,1.073526,160.9070,,
2024-07-01,124718.0,532.7286,85.91483,5.655000,1.073710,161.5120,215.5700,21.61016
2024-07-02,124787.0,536.3136,86.23931,5.675500,1.074841,161.5040,215.5600,21.63771
2024-07-03,125662.0,538.7070,86.81411,5.555400,1.079331,161.6210,217.9900,21.75710
2024-07-04,126164.0,,,5.486400,1.081069,161.3580,,
2024-07-05,126267.0,541.8134,87.29622,,,,220.9300,21.83976
2024-07-07,,,,5.471290,1.082603,160.6380,,
2024-07-08,126548.0,542.4387,87.32404,5.470400,1.083095,160.8570,218.1900,21.54587
2024-07-09,127108.0,542.9661,87.20348,5.417100,1.081479,161.3310,218.5600,21.39892
2024-07-10,127218.0,548.3389,87.28696,5.414700,1.083330,161.6070,219.3600,21.39892
2024-07-11,128294.0,543.6108,87.84319,5.438000,1.087276,158.2010,223.2500,21.47240
2024-07-12,128897.0,547.0397,88.02859,,,,223.1100,21.38974
2024-07-14,,,,5.422800,1.088554,158.3130,,
2024-07-15,129321.0,548.5441,87.75050,5.446800,1.090156,158.1410,223.8300,21.23361
2024-07-16,129110.0,551.7970,88.13986,5.424300,1.090251,158.3500,228.2900,21.17851
2024-07-17,129450.0,544.0602,88.21404,5.487700,1.094020,155.6860,227.2300,21.17851
2024-07-18,127652.0,539.8792,87.96373,5.543200,1.090156,157.1500,225.7800,21.02238
2024-07-19,127616.0,536.2940,87.68559,,,,221.7300,20.73767
2024-07-21,,,,5.520872,1.089918,157.4220,,
2024-07-22,127860.0,541.8233,87.60215,5.570700,1.088981,156.8910,221.8000,20.79278
2024-07-23,126590.0,540.9733,87.66704,5.585300,1.085069,155.7680,222.5800,20.59991
2024-07-24,126423.0,528.7135,87.47236,5.653600,1.083952,153.8910,221.8000,20.59072
2024-07-25,125954.0,525.9587,87.66704,5.643100,1.085128,153.6970,218.3300,20.63665
2024-07-26,127492.0,531.8493,88.08424,,,,220.6300,20.42541
2024-07-28,,,,5.622841,1.085376,154.1390,,
2024-07-29,126954.0,532.1619,88.23257,5.614500,1.081947,153.8330,220.3200,20.33357
2024-07-30,126139.0,529.4658,88.41800,5.611100,1.081607,152.6700,222.5200,20.26928
2024-07-31,127652.0,538.0720,89.06699,5.656600,1.082392,149.7440,226.5500,20.73767
2024-08-01,127395.0,530.4523,89.44733,5.750600,1.078760,149.2010,225.7700,20.48970
2024-08-02,125854.0,520.5762,90.83287,,,,225.3400,20.11315
2024-08-04,,,,5.726700,1.091084,145.5840,,
2024-08-05,125270.0,505.4151,90.92585,5.720900,1.095098,145.7900,222.4800,20.07642
2024-08-06,126267.0,510.0748,90.11684,5.655500,1.092622,144.7320,220.7000,19.91110
2024-08-07,127514.0,506.6655,89.79137,5.635800,1.092813,146.1240,220.5500,20.09479
2024-08-08,128661.0,518.3782,89.52171,5.546100,1.091572,147.6690,224.0100,20.27847
2024-08-09,130615.0,520.6642,89.88438,,,,224.5600,20.39786
2024-08-11,,,,5.506300,1.091381,147.0420,,
2024-08-12,131116.0,520.9376,90.13542,5.491900,1.093625,146.9820,228.4100,20.68257
2024-08-13,132398.0,529.5048,90.53531,5.455700,1.099699,146.9710,228.0600,20.48970
2024-08-14,133318.0,531.1752,90.65620,5.468900,1.101322,147.2530,226.2000,20.36112
2024-08-15,134153.0,540.2798,90.08894,5.484900,1.097273,149.2220,226.9100,20.52644
2024-08-16,133953.0,541.4911,90.26561,,,,231.9900,20.39786
2024-08-18,,,,5.471300,1.102499,147.9560,,
2024-08-19,135778.0,546.6684,90.38650,5.405600,1.108647,146.6990,231.6100,20.28765
2024-08-20,136087.0,545.7796,90.74916,5.478100,1.112793,145.3470,232.4600,20.20499
2024-08-21,136464.0,547.6552,90.93518,5.482500,1.115536,145.1180,232.1500,20.10397
2024-08-22,135173.0,543.3568,90.51670,5.590900,1.111716,146.2020,229.3700,20.08560
2024-08-23,135608.0,549.1302,90.93518,,,,232.0200,20.44378
2024-08-25,,,,5.485400,1.118793,144.0000,,
2024-08-26,136889.0,547.8212,90.82356,5.495700,1.116470,144.5160,232.7600,20.65501
2024-08-27,136776.0,548.5734,90.78635,5.507900,1.117793,143.9750,233.3900,20.55399
2024-08-28,137344.0,545.3888,90.73987,5.562200,1.112496,144.4330,231.7500,20.30602
2024-08-29,136041.0,545.4376,90.58179,5.627700,1.108045,144.8900,232.9500,20.53562
2024-08-30,136004.0,550.6444,90.26561,,,,231.2900,20.30602
2024-09-01,,,,5.609200,1.104484,146.3810,,
2024-09-02,134981.0,,,5.615100,1.106746,146.7220,,
2024-09-03,134353.0,539.3126,90.86066,5.647500,1.104887,145.3530,230.2900,19.90192
2024-09-04,136111.0,538.2087,91.39230,5.642000,1.108045,143.3240,230.4300,19.75497
2024-09-05,136502.0,536.8997,91.60682,5.567500,1.111111,143.3930,232.3500,19.80089
2024-09-06,134572.0,527.8636,91.73739,,,,230.6300,19.53456
2024-09-08,,,,5.596600,1.108721,142.4860,,
2024-09-09,134737.0,533.7737,91.86794,5.584300,1.103753,143.1770,231.6000,19.58966
2024-09-10,134320.0,536.0987,92.25966,5.662900,1.102098,142.2340,232.6200,19.30495
2024-09-11,134677.0,541.5986,92.19438,5.667400,1.101091,142.5900,232.2500,19.47945
2024-09-12,134029.0,546.1605,92.04514,5.625700,1.107788,141.4990,236.3300,19.85600
2024-09-13,134882.0,549.0131,92.22237,,,,238.6800,19.89274
2024-09-15,,,,5.612370,1.108844,140.7900,,
2024-09-16,135118.0,549.8239,92.46487,5.503900,1.112954,140.7900,238.6600,20.03968
2024-09-17,134960.0,550.0484,92.29700,5.481700,1.112310,142.0150,237.3400,20.17744
2024-09-18,133748.0,548.4172,91.89593,5.461000,1.111482,142.7100,235.5100,20.04886
2024-09-19,133123.0,557.7756,91.82133,5.423900,1.116196,142.8580,239.1700,20.40705
2024-09-20,131065.0,556.8113,91.79333,,,,242.2100,20.40705
2024-09-22,,,,5.513600,1.116084,144.0040,,
2024-09-23,130568.0,558.2028,91.73739,5.536100,1.111173,143.6380,242.6800,20.41623
2024-09-24,132156.0,559.8000,91.83997,5.449700,1.119119,142.9630,246.0700,20.75604
2024-09-25,131586.0,558.5652,91.46692,5.473800,1.113102,144.6830,245.7300,20.58154
2024-09-26,133010.0,560.7798,91.40164,5.436700,1.117718,145.0760,246.9800,20.39786
2024-09-27,132730.0,559.9664,91.76537,,,,245.0200,20.49888
2024-09-29,,,,5.433200,1.116982,142.7830,,
2024-09-30,131816.0,562.2104,91.51355,5.448500,1.113660,143.7100,243.0600,20.45296
2024-10-01,132495.0,557.1739,91.84654,5.424000,1.106390,143.7360,245.6100,20.81114
2024-10-02,133515.0,557.4091,91.58461,5.440300,1.104850,146.5820,245.6600,20.98564
2024-10-03,131672.0,556.3900,91.11694,5.476300,1.103558,146.8400,245.4900,21.28872
2024-10-04,131792.0,561.4461,90.23767,,,,245.0000,21.34382
2024-10-06,,,,5.454300,1.097454,148.8200,,
2024-10-07,132018.0,556.3704,89.91029,5.494200,1.097574,148.1460,244.1700,21.63771
2024-10-08,131512.0,561.6324,89.98510,5.534700,1.097574,148.1590,242.3700,21.13259
2024-10-09,129962.0,565.5225,89.64835,5.596100,1.094331,149.1600,241.0500,20.94890
2024-10-10,130353.0,564.5327,89.63901,5.581700,1.093386,148.7040,242.8200,21.36219
2024-10-11,129992.0,567.9133,89.66706,,,,245.4700,21.38056
2024-10-13,,,,5.610600,1.092538,149.3340,,
2024-10-14,131005.0,572.5579,89.50806,5.594700,1.090917,149.6700,245.0700,21.04993
2024-10-15,131043.0,568.1093,89.96640,5.652000,1.088412,149.0990,245.9200,20.64583
2024-10-16,131750.0,570.5786,90.10669,5.668000,1.086248,149.5760,247.1500,20.59072
2024-10-17,130793.0,570.6275,89.63901,5.651800,1.082954,150.1000,248.6300,20.61828
2024-10-18,130499.0,572.8224,89.74191,,,,251.2700,20.50807
2024-10-20,,,,5.635900,1.086862,149.6000,,
2024-10-21,130362.0,571.8817,89.04971,5.688100,1.081783,150.6050,251.2200,20.57236
2024-10-22,129721.0,571.5779,88.96551,5.689300,1.079727,151.1380,253.9300,20.93054
2024-10-23,129233.0,566.3552,88.75974,5.686500,1.078051,152.7690,250.8700,20.81114
2024-10-24,130067.0,567.5801,88.95615,5.664000,1.082415,151.7830,252.8000,20.80196
2024-10-25,129893.0,567.3841,88.75974,,,,253.3200,20.94890
2024-10-28,131213.0,569.1381,88.55396,5.685813,1.079657,152.9520,253.3300,20.38868
2024-10-29,130730.0,570.0593,88.59137,5.710200,1.081677,153.1790,256.0900,20.35194
2024-10-30,130639.0,568.3346,88.46041,5.760000,1.082064,153.2740,257.5000,20.60909
2024-10-31,129713.0,557.1936,88.41364,5.762300,1.085918,153.2040,253.5100,20.74685
2024-11-01,128121.0,559.5451,87.89008,5.789400,1.088613,151.9800,252.4700,20.52644
2024-11-04,130515.0,558.3400,88.35922,5.677526,1.087453,152.2870,252.8300,20.87543
2024-11-05,130661.0,565.0912,88.40615,5.790600,1.087406,152.2760,253.4000,21.00401
2024-11-06,130341.0,579.1426,87.49597,5.739800,1.093446,151.4350,245.7000,20.77441
2024-11-07,129682.0,583.6205,88.19971,5.674800,1.073307,154.3200,249.6500,20.98564
2024-11-08,127830.0,586.1487,88.38735,5.691000,1.079517,153.1800,247.9600,20.66420
2024-11-11,127874.0,586.7072,88.14342,5.736400,1.071490,152.9040,242.1400,20.33357
2024-11-12,127698.0,584.8846,87.58982,5.755400,1.066439,153.4800,240.0500,20.22336
2024-11-13,127734.0,585.1689,87.53352,5.748200,1.061673,154.6550,237.6300,20.15907
2024-11-14,127792.0,581.4061,87.52414,5.805900,1.056412,155.4290,237.0100,20.14071
2024-11-15,,573.9592,87.56166,5.788300,1.053008,156.4680,236.5900,20.03968
2024-11-18,127768.0,576.3107,87.75870,5.794600,1.053375,154.6640,241.0900,20.49888
2024-11-19,128197.0,578.4175,87.94636,5.746400,1.059490,154.6170,243.2500,20.56317
2024-11-20,,578.6135,87.81498,5.771800,1.060760,154.7180,244.6200,20.55399
2024-11-21,126922.0,581.7196,87.76809,5.770700,1.054619,155.2950,246.6600,20.70094
2024-11-22,129126.0,583.5226,87.82440,5.814100,1.046934,154.2180,249.8400,20.71930
2024-11-25,129036.0,585.5020,88.77206,5.799300,1.047987,154.1460,242.4800,20.42541
2024-11-26,129922.0,588.5591,88.58442,5.797200,1.044430,154.3780,242.9500,20.42541
2024-11-27,127669.0,586.7758,88.94097,5.809600,1.049120,153.0090,243.4900,20.31520
2024-11-28,124610.0,,,5.937400,1.056245,151.3360,,
2024-11-29,125668.0,590.4209,89.31628,6.013900,1.056301,151.1740,245.5900,20.33357
2024-12-02,125236.0,591.4792,89.30876,5.973200,1.054507,149.8980,243.4400,20.18663
2024-12-03,126139.0,591.7534,89.05464,6.056800,1.050122,149.5080,243.9300,20.41623
2024-12-04,126087.0,595.4280,89.39346,6.043100,1.051083,149.6470,244.6700,20.30602
2024-12-05,127858.0,594.4481,89.38405,6.038800,1.051414,150.5670,242.8600,20.27847
2024-12-06,125946.0,595.5750,89.66639,6.010300,1.058560,150.2070,242.9500,20.12234
2024-12-09,127210.0,592.5080,89.35581,6.088300,1.056546,150.0300,245.3600,20.31520
2024-12-10,128228.0,590.6658,89.19581,6.076600,1.055520,151.4080,248.5900,20.36112
2024-12-11,129593.0,595.2321,88.93228,6.045300,1.053297,151.8070,250.9600,20.61828
2024-12-12,126042.0,592.1650,88.59344,5.952700,1.050685,152.2450,247.2800,20.53562
2024-12-13,124612.0,592.0475,88.17933,5.996100,1.047406,152.5870,244.2900,20.52644
2024-12-16,123560.0,594.5756,88.20755,6.040900,1.051005,153.4530,244.8800,20.41623
2024-12-17,124698.0,592.1259,88.20755,6.147300,1.051735,154.0860,243.9400,20.27847
2024-12-18,120772.0,574.4785,87.52580,6.103200,1.049505,153.5720,239.2600,20.09479
2024-12-19,121188.0,574.3020,87.12920,6.288900,1.035025,154.6730,239.6000,20.09479
2024-12-20,122102.0,581.1999,87.45024,6.151600,1.036495,157.6440,242.1000,20.22336
2024-12-23,120767.0,584.6804,87.06308,6.084200,1.043308,156.5330,240.9600,20.23884
2024-12-24,,591.1791,87.11031,6.193900,1.040583,157.1650,241.4400,20.35493
2024-12-25,,,,6.175600,1.040258,157.1070,,
2024-12-26,121078.0,591.2184,87.17640,6.182800,1.039955,157.1330,243.0700,20.29689
2024-12-27,120269.0,584.9950,86.94979,6.148500,1.042318,157.7480,241.4000,20.39363
2024-12-30,120283.0,578.3193,87.45970,6.193700,1.042938,157.8730,240.6300,20.57745
2024-12-31,,576.2153,87.29916,6.177900,1.040615,156.9950,242.1300,20.68386
2025-01-02,120125.0,574.7995,87.34637,6.300000,1.035186,157.7190,245.4200,20.88703
2025-01-03,118533.0,581.9865,87.20473,6.151000,1.026821,157.3620,243.4900,20.78061
2025-01-06,120022.0,585.3391,87.11976,6.180700,1.030535,157.4810,243.1900,20.81931
2025-01-07,121163.0,578.7223,86.72313,6.115500,1.038637,157.7430,244.5600,20.91605
2025-01-08,119625.0,579.5678,86.87422,6.100900,1.034554,158.2360,245.8600,20.87735
2025-01-09,119781.0,,,6.105800,1.031470,158.1920,,
2025-01-10,118856.0,570.7194,86.24157,6.034600,1.029760,158.0480,248.2100,21.43847
2025-01-13,119007.0,571.6042,86.09048,6.105900,1.024443,157.8870,245.7400,21.59326
2025-01-14,119299.0,572.3908,86.11881,6.093400,1.026525,157.3640,247.0300,21.58358
2025-01-15,122650.0,582.8025,87.02531,6.054800,1.030684,158.0500,248.8800,21.93186
2025-01-16,121234.0,581.6818,87.23306,6.012200,1.029527,156.2550,250.6000,21.83512
2025-01-17,122350.0,587.5217,87.29916,6.049900,1.030195,155.3560,249.2700,21.73837
2025-01-20,122543.0,,,6.066163,1.027739,156.3060,,
2025-01-21,123338.0,592.8997,87.59189,6.029800,1.042068,155.2490,253.1300,21.63196
2025-01-22,122972.0,596.2327,87.36527,6.020500,1.040594,155.7740,254.4300,21.61261
2025-01-23,122483.0,599.4869,87.13863,5.940300,1.041016,156.4400,254.0700,21.53521
2025-01-24,122447.0,597.7368,87.31805,5.924000,1.041602,156.1550,255.6500,21.54489
2025-01-27,124862.0,589.2816,87.88462,5.909100,1.046759,155.7440,252.9900,21.21596
2025-01-28,124056.0,594.3450,87.89405,5.892600,1.044506,154.9090,255.1800,21.23531
2025-01-29,123432.0,591.6805,87.79020,5.856100,1.042905,155.5590,254.2000,21.27400
2025-01-30,126913.0,594.8561,87.97907,5.856700,1.042525,155.1700,258.0500,21.29335
2025-01-31,126135.0,591.6903,87.83739,5.874500,1.039728,154.0970,258.5600,21.25465
2025-02-03,125970.0,587.7085,87.89993,5.840600,1.024779,155.3630,259.9400,21.41912
2025-02-04,125147.0,591.6511,88.11778,5.806200,1.032738,155.2770,262.5000,21.47717
2025-02-05,125534.0,594.0499,88.62934,5.757100,1.037280,154.1330,264.1300,21.34172
2025-02-06,126225.0,596.1146,88.52513,5.802900,1.040085,152.6060,263.4300,21.35140
2025-02-07,124619.0,590.6581,88.23148,5.760500,1.038573,151.1930,263.9000,21.36107
2025-02-10,125572.0,594.6694,88.21254,5.803200,1.031162,151.8460,268.3700,21.67065
2025-02-11,126522.0,595.1216,87.98518,5.786900,1.030153,151.7590,267.3900,21.83512
2025-02-12,124380.0,593.2044,87.37892,5.764500,1.036495,152.7390,267.6700,21.59326
2025-02-13,124850.0,599.4673,88.03256,5.764400,1.039199,154.2550,270.3100,21.69968
2025-02-14,128219.0,599.4377,88.40201,5.766900,1.046167,152.9890,266.2900,21.70935
2025-02-17,128869.0,,,5.701200,1.048922,152.0230,,
2025-02-18,128532.0,601.1976,87.92834,5.712100,1.048537,151.4440,270.7000,22.02860
2025-02-19,127309.0,602.6134,88.07044,5.688600,1.044834,151.9310,270.8500,22.20275
2025-02-20,127601.0,600.1063,88.25045,5.720300,1.042101,151.2200,270.9900,22.23177
2025-02-21,127128.0,589.8420,88.77145,5.701300,1.050056,149.4080,270.7400,21.92219
2025-02-24,125401.0,587.1580,88.96091,5.731000,1.047482,149.3870,272.2100,21.84479
2025-02-25,125980.0,584.2379,89.66191,5.777800,1.046134,149.8640,268.6200,21.60293
2025-02-26,124769.0,584.5329,89.90821,5.740300,1.052410,149.0780,269.0300,21.41912
2025-02-27,124799.0,575.2026,89.80399,5.801700,1.048878,148.8380,264.9300,21.44814
2025-02-28,122799.0,584.1790,90.29660,5.839000,1.039512,150.0120,263.2700,21.28368
2025-03-03,,573.9442,90.62436,5.880400,1.041385,150.7710,266.7400,21.14824
2025-03-04,,567.1504,90.33934,6.020500,1.048504,149.3050,269.0600,21.21596
2025-03-05,123047.0,573.2460,89.83583,5.885700,1.062699,149.7990,269.6200,21.15791
2025-03-06,123358.0,563.0703,89.78831,5.740100,1.079494,148.8980,268.2500,21.05149
2025-03-07,125035.0,566.2262,89.67432,5.763000,1.078795,148.1080,268.3900,21.23531
2025-03-10,124519.0,551.1445,90.30135,5.782900,1.086059,147.6080,266.0400,21.09986
2025-03-11,123507.0,546.5629,89.97832,5.852900,1.083940,147.0690,269.1600,21.21596
2025-03-12,123864.0,549.4633,89.71233,5.808600,1.091417,148.0420,270.3300,21.21596
2025-03-13,125637.0,542.1387,90.07333,5.797800,1.088625,148.2790,275.1300,21.13856
2025-03-14,128957.0,553.3370,89.75983,5.798500,1.085564,147.9490,275.2400,21.25465
2025-03-17,130834.0,557.6039,89.83583,5.740600,1.088127,148.5980,276.7300,21.39977
2025-03-18,131475.0,551.5771,89.94033,5.678069,1.091918,149.3790,279.9600,21.35140
2025-03-19,132508.0,557.5842,90.21584,5.672100,1.093948,149.4520,281.1100,21.48684
2025-03-20,131955.0,555.9719,90.34885,5.648100,1.091191,148.4900,280.7500,21.52554
2025-03-21,132345.0,556.1553,90.27284,5.673900,1.085670,148.5960,278.4900,21.39977
2025-03-24,131321.0,566.1152,89.75033,5.729600,1.083576,149.6770,277.2500,21.47717
2025-03-25,132068.0,567.4761,89.90231,5.760800,1.080357,150.7740,278.4700,21.50619
2025-03-26,132520.0,560.7014,89.69332,5.698400,1.078749,149.9500,278.2400,21.47717
2025-03-27,133149.0,559.2123,89.61732,5.733500,1.074206,150.4730,281.9700,21.53521
2025-03-28,131902.0,547.9507,90.33934,5.739300,1.080100,150.8470,284.0600,21.46749
2025-03-30,,,,5.758100,1.082392,149.6170,,
2025-03-31,130260.0,551.6289,90.60535,5.698400,1.081888,149.9130,288.1400,21.76740
2025-04-01,131147.0,553.1870,90.92371,5.681300,1.079599,149.7830,287.5700,21.77707
2025-04-02,131190.0,556.6878,90.83792,5.663700,1.090869,147.8720,288.1600,21.91251
2025-04-03,131141.0,529.2537,91.77193,5.630600,1.104374,146.2310,286.4200,21.03214
2025-04-04,127256.0,498.2697,92.02926,,,,279.7200,20.26787
2025-04-06,,,,5.840030,1.098454,145.4330,,
2025-04-07,125588.0,497.3821,90.93324,5.913600,1.091536,147.7890,273.7100,19.94861
2025-04-08,123932.0,489.5918,90.47574,6.013300,1.098044,145.8450,275.2000,19.50359
2025-04-09,127796.0,541.0084,90.18980,5.818100,1.095206,147.3990,285.3800,20.20982
2025-04-10,126355.0,517.3019,89.62749,5.884300,1.125784,143.7470,292.3500,19.95828
2025-04-11,127682.0,526.5321,89.12238,,,,297.9300,20.24852
2025-04-13,,,,5.864200,1.134314,143.6960,,
2025-04-14,129454.0,531.6402,89.83720,5.854200,1.133967,143.2210,296.2300,20.25819
2025-04-15,129245.0,530.1511,90.10403,5.884600,1.129267,143.1810,297.7800,20.20982
2025-04-16,128317.0,518.3669,90.49480,5.865400,1.139679,141.9280,307.4700,20.46135
2025-04-17,129650.0,519.1064,90.23746,,,,306.1200,20.67419
2025-04-21,,506.7503,89.75138,5.807100,1.151278,140.8760,315.5900,20.50005
2025-04-22,130464.0,519.9349,89.81811,5.719900,1.135125,142.6880,311.1100,20.59679
2025-04-23,132216.0,527.9915,89.91341,5.703400,1.132734,143.2230,303.6500,20.44200
2025-04-24,134580.0,539.1052,90.39949,5.678700,1.137191,142.8790,308.0700,20.62582
2025-04-25,134739.0,543.0004,90.74260,,,,304.7300,20.65484
2025-04-27,,,,5.684700,1.134314,143.8410,,
2025-04-28,135016.0,543.2075,91.10477,5.652900,1.140914,142.1780,309.0700,20.53875
2025-04-29,135093.0,546.6292,91.41929,5.620000,1.138926,142.2990,306.0600,20.27754
2025-04-30,135067.0,546.8463,91.56226,5.672900,1.132490,143.0090,303.7700,19.90024
2025-05-01,,550.7217,91.16351,5.677100,1.129650,145.4480,297.4600,19.99698
2025-05-02,135134.0,558.8967,90.55154,,,,297.9800,20.08405
2025-05-04,,,,5.666900,1.132323,144.6240,,
2025-05-05,133491.0,555.6917,90.38901,5.686300,1.131337,143.6540,306.8800,19.96796
2025-05-06,133516.0,551.0471,90.61849,5.712800,1.134276,143.0350,315.4800,20.26787
2025-05-07,133398.0,553.3646,90.85753,5.744600,1.130621,143.8480,310.7500,20.01633
2025-05-08,136232.0,557.2203,90.14996,5.661600,1.122423,146.0150,304.6300,20.27754
2025-05-09,136512.0,556.5104,90.21688,,,,306.8400,20.43233
2025-05-11,,,,5.648200,1.122965,145.8120,,
2025-05-12,136563.0,574.9016,89.64317,5.669800,1.109558,148.3100,298.1900,20.56777
2025-05-13,138963.0,578.6981,89.57625,5.600469,1.118556,147.5280,299.4600,20.88703
2025-05-14,138423.0,579.4378,89.24158,5.636500,1.118193,146.6500,293.1600,20.78061
2025-05-15,139334.0,582.2679,89.82485,5.681300,1.119269,145.6130,297.8400,20.57745
2025-05-16,139187.0,585.9560,89.85354,,,,294.2400,20.50005
2025-05-18,,,,5.658674,1.118756,145.2980,,
2025-05-19,139636.0,586.5970,89.80574,5.644500,1.123343,144.9750,298.0300,20.47103
2025-05-20,140110.0,584.6247,89.69098,5.667300,1.128796,144.3280,303.5800,20.73223
2025-05-21,137881.0,574.7733,89.06947,5.644700,1.133119,143.7550,305.8200,20.70321
2025-05-22,137273.0,575.0001,89.40412,5.716200,1.128184,143.8580,303.1100,20.59679
2025-05-23,137824.0,571.0754,89.66228,,,,309.7500,20.71289
2025-05-25,,,,5.645200,1.137281,142.8670,,
2025-05-26,138136.0,,,5.666600,1.138848,142.6550,,
2025-05-27,139541.0,582.9484,90.03520,5.637400,1.133710,144.1770,304.5000,20.52907
2025-05-28,138888.0,579.5757,89.78661,5.688700,1.123368,145.6970,303.8100,20.46135
2025-05-29,138534.0,581.8635,90.15952,5.665100,1.137838,143.7790,305.6100,20.35493
2025-05-30,137027.0,581.2128,90.42725,,,,303.6000,20.20014
2025-06-01,,,,5.720800,1.135332,143.8150,,
2025-06-02,136787.0,584.4867,90.12027,5.672400,1.145344,142.4520,311.6700,20.62582
2025-06-03,137546.0,587.8198,90.03394,5.637800,1.138446,143.8370,308.9100,20.76126
2025-06-04,137002.0,587.6619,90.69587,5.632100,1.142204,142.7320,310.9000,20.68386
2025-06-05,136236.0,584.8219,90.42725,5.584600,1.145383,143.5420,309.3300,20.78061
2025-06-06,136102.0,590.8275,89.70776,,,,305.1800,20.94507
2025-06-08,,,,5.562700,1.140784,144.6910,,
2025-06-09,135699.0,591.3599,89.87085,5.557000,1.142805,144.5400,306.6200,20.96442
2025-06-10,136436.0,594.7128,90.02434,5.572100,1.143746,144.8380,306.7100,20.91605
2025-06-11,137128.0,593.0166,90.39848,5.535800,1.150933,144.2030,308.3700,21.25465
2025-06-12,137800.0,595.3734,90.79179,5.537300,1.160025,143.1940,312.2000,21.25465
2025-06-13,137213.0,588.7171,90.45604,,,,316.2900,21.91251
2025-06-15,,,,5.538900,1.155668,144.0910,,
2025-06-16,139256.0,594.3184,90.19701,5.490800,1.155135,144.7290,311.7800,21.86414
2025-06-17,138840.0,589.2397,90.63831,5.493000,1.148264,145.3760,311.9400,22.32851
2025-06-18,138717.0,589.1510,90.69587,5.485200,1.147750,144.9550,310.2600,22.38656
2025-06-19,,,,5.490000,1.151278,145.2180,,
2025-06-20,137116.0,587.7674,90.75343,,,,310.1300,22.50265
2025-06-22,,,,5.518400,1.150086,146.2240,,
2025-06-23,136551.0,593.5730,91.07002,5.493800,1.159904,145.9280,311.0800,21.67065
2025-06-24,137165.0,600.1304,91.38658,5.510300,1.161224,144.9570,306.1900,21.14824
2025-06-25,135767.0,600.4667,91.42496,5.557900,1.168374,144.9040,307.1200,21.11921
2025-06-26,137114.0,605.1646,91.75114,5.477100,1.169221,144.6940,306.7800,21.19661
2025-06-27,136866.0,608.1713,91.51130,,,,301.2200,21.09019
2025-06-29,,,,5.478400,1.172745,144.5170,,
2025-06-30,138855.0,611.0791,91.87585,5.430200,1.178717,143.8000,304.8300,21.09986
2025-07-01,139549.0,610.8812,91.70549,5.458800,1.180554,143.4020,307.5500,21.21596
2025-07-02,139051.0,613.6506,91.51302,5.426400,1.180025,143.5260,309.2500,21.56423
2025-07-03,140928.0,618.4870,91.19546,5.409300,1.177149,144.6820,307.1400,21.55456
2025-07-04,141478.0,,,,,,,
2025-07-06,,,,5.419400,1.178078,144.4980,,
2025-07-07,139490.0,613.8781,90.90674,5.487700,1.173654,145.8920,307.3700,21.53521
2025-07-08,139303.0,613.5419,90.77200,5.446100,1.172457,146.8490,304.1600,21.60293
2025-07-09,137481.0,617.2209,91.24358,5.581800,1.173117,146.1140,305.5200,21.56423
2025-07-10,136743.0,618.9617,91.19546,5.531100,1.170275,146.2880,306.2000,21.49651
2025-07-11,136187.0,616.7858,90.77200,,,,309.1400,21.77707
2025-07-13,,,,5.571900,1.168211,147.2950,,
2025-07-14,135299.0,617.9628,90.73351,5.587000,1.166630,147.7920,308.0100,21.59326
2025-07-15,135250.0,615.3220,90.37743,5.551003,1.160739,148.7610,306.7300,21.55456
2025-07-16,135511.0,617.3793,90.62765,5.566600,1.163575,148.0030,308.2600,21.58358
2025-07-17,135565.0,621.1573,90.59875,5.546600,1.161548,148.4420,307.5900,21.75772
2025-07-18,133382.0,620.7025,90.84900,,,,308.3900,21.79642
2025-07-20,,,,5.578100,1.163075,148.4310,,
2025-07-21,134167.0,621.8795,91.16658,5.565500,1.169454,147.4090,313.1300,21.74805
2025-07-22,134036.0,621.9684,91.42641,5.563900,1.173916,146.7850,316.1000,21.70935
2025-07-23,135368.0,627.2598,91.09921,5.516400,1.177426,146.3490,312.1800,21.65130
2025-07-24,133808.0,627.4674,90.96449,5.520000,1.175613,147.0050,310.2700,21.67065
2025-07-25,133524.0,630.1181,91.17619,,,,307.4000,21.44814
2025-07-27,,,,5.565200,1.175682,147.8130,,
2025-07-28,132129.0,629.9599,90.97411,5.586800,1.159676,148.4790,305.4100,21.67065
2025-07-29,132726.0,628.2983,91.57078,5.573200,1.155095,148.4420,306.2500,21.95121
2025-07-30,133990.0,627.5070,91.25320,5.575400,1.142936,149.2260,300.9600,21.90284
2025-07-31,133071.0,625.1531,91.33018,5.598800,1.142374,150.7720,302.9600,21.71902
2025-08-01,132437.0,614.9066,92.38165,,,,309.1100,21.37075
2025-08-03,,,,5.537900,1.158668,147.3430,,
2025-08-04,132971.0,624.2531,92.50716,5.496100,1.158413,146.7930,310.9100,21.29335
2025-08-05,133151.0,621.0881,92.43958,5.503000,1.157917,147.5600,311.1600,21.10954
2025-08-06,134538.0,625.8455,92.37199,5.458900,1.166317,147.1930,310.5000,21.06116
2025-08-07,136528.0,625.3212,92.30441,5.414300,1.167665,146.8370,313.1200,21.12889
2025-08-08,135913.0,630.1973,92.09200,,,,313.0500,21.12889
2025-08-10,,,,5.432300,1.164795,147.6640,,
2025-08-11,135623.0,628.9510,92.12095,5.442300,1.161845,148.1250,308.5500,21.15791
2025-08-12,137914.0,635.6469,92.10164,5.401200,1.167706,147.7580,308.2700,21.07084
2025-08-13,136687.0,637.8228,92.42992,5.391200,1.171289,147.1200,309.2100,21.04182
2025-08-14,136356.0,637.8821,92.13061,5.409100,1.165135,147.6910,307.2500,21.12889
2025-08-15,136341.0,636.3887,91.94715,,,,307.4300,21.06116
2025-08-17,,,,5.400400,1.170659,147.2640,,
2025-08-18,137322.0,636.2502,91.86028,5.435700,1.166834,147.9160,306.9500,21.08051
2025-08-19,134432.0,632.7984,92.09200,5.497600,1.164253,147.7310,305.2700,20.91605
2025-08-20,134667.0,631.1170,92.22715,5.469161,1.165175,147.3180,308.3600,21.14824
2025-08-21,134511.0,628.5851,91.95680,5.464800,1.161305,148.3860,307.2900,21.27400
2025-08-22,137968.0,638.2382,92.46853,,,,310.5800,21.36107
2025-08-24,,,,5.421300,1.170960,147.2150,,
2025-08-25,138025.0,635.4292,92.28508,5.409700,1.161845,147.8220,309.8300,21.46749
2025-08-26,137771.0,638.0897,92.52647,5.431200,1.163941,147.4620,312.0800,21.30303
2025-08-27,139206.0,639.5437,92.70026,5.417700,1.164795,147.3160,312.7100,21.32237
2025-08-28,141049.0,641.8085,92.91270,5.413000,1.168156,146.7900,315.0300,21.45782
2025-08-29,141422.0,637.9810,92.83543,,,,318.0700,21.48684
2025-08-31,,,,5.432400,1.169180,147.0970,,
2025-09-01,141125.0,,,5.438400,1.171591,147.0840,,
2025-09-02,140335.0,633.2534,92.55840,5.467000,1.163603,148.5480,325.5900,21.83512
2025-09-03,139864.0,636.6853,92.87806,5.448100,1.166045,147.9800,328.1400,21.64163
2025-09-04,140993.0,642.0063,93.29459,5.444000,1.165691,148.3750,326.6900,21.48684
2025-09-05,142640.0,640.1469,93.74988,,,,331.0500,21.31270
2025-09-07,,,,5.412200,1.171317,148.3440,,
2025-09-08,141792.0,641.7195,94.04049,5.420300,1.176914,147.3640,334.8200,21.45782
2025-09-09,141618.0,643.2031,93.81768,5.433600,1.170275,147.3920,334.0600,21.51586
2025-09-10,142349.0,645.0624,94.06954,5.402000,1.170344,147.3320,335.2600,21.66098
2025-09-11,143151.0,650.4232,94.21487,5.388200,1.173475,147.2240,334.7600,21.49651
2025-09-12,142272.0,650.2056,93.94364,,,,335.4200,21.62228
2025-09-14,,,,5.351000,1.172649,147.6660,,
2025-09-15,143547.0,653.6671,94.09861,5.315200,1.176374,147.4050,338.9100,21.81577
2025-09-16,144062.0,652.7671,94.15673,5.295800,1.187141,146.4130,339.5900,22.03828
2025-09-17,145594.0,651.9562,93.95331,5.310100,1.182634,146.8910,336.9700,21.80610
2025-09-18,145500.0,655.0024,93.64333,5.304300,1.179106,147.9470,335.6200,21.70935
2025-09-19,145865.0,658.2465,93.60458,,,,339.1800,21.53521
2025-09-21,,,,5.320500,1.173695,148.0950,,
2025-09-22,145109.0,661.3607,93.44959,5.334300,1.180108,147.7250,345.0500,21.53521
2025-09-23,146425.0,657.7606,93.71111,5.281600,1.181447,147.6130,346.4600,21.75772
2025-09-24,146492.0,655.6678,93.45928,5.329900,1.174467,148.7510,343.3200,21.90284
2025-09-25,145306.0,652.6429,93.25586,5.363700,1.166276,149.8610,344.7500,22.05763
2025-09-26,145447.0,656.3819,93.20742,,,,346.7400,22.06730
2025-09-28,,,,5.342253,1.170823,149.4050,,
2025-09-29,146337.0,658.2267,93.47865,5.321700,1.173144,148.5950,352.4600,21.88349
2025-09-30,146237.0,660.7061,93.43990,5.319500,1.173585,147.9970,355.4700,21.79642
2025-10-01,145517.0,662.9575,93.75470,5.328800,1.173406,147.0830,356.0300,21.75772
2025-10-02,143950.0,663.7211,93.85188,5.336600,1.172512,147.1500,354.7900,21.61261
2025-10-03,144201.0,663.7113,93.66727,,,,357.6400,21.68033
2025-10-05,,,,5.334600,1.171248,149.6060,,
2025-10-06,143608.0,666.0915,93.39520,5.311200,1.171029,150.3310,364.3800,21.90284
2025-10-07,141356.0,663.6220,93.62840,5.353800,1.165460,152.0510,366.2600,21.98991
2025-10-08,142145.0,667.5792,93.64783,5.335200,1.163196,152.6800,372.3000,22.01893
2025-10-09,141708.0,665.6452,93.57982,5.377200,1.156644,152.9650,365.4300,21.81577
2025-10-10,140680.0,647.6542,94.16282,,,,369.1200,21.35140
2025-10-12,,,,5.523000,1.160241,152.0560,,
2025-10-13,141783.0,657.5919,94.21139,5.464100,1.156685,152.4340,378.0900,21.62228
2025-10-14,141683.0,656.7886,94.45430,5.481500,1.160227,151.7310,380.7900,21.38042
2025-10-15,142604.0,659.7044,94.34740,5.449300,1.164632,150.9740,387.3900,21.45782
2025-10-16,142200.0,655.2117,94.78466,5.440815,1.169960,150.1200,396.4500,21.41912
2025-10-17,143399.0,658.9308,94.62921,,,,388.9900,21.39977
2025-10-19,,,,5.406100,1.165746,150.9000,,
2025-10-20,144509.0,665.7841,94.75552,5.368700,1.164443,150.7740,403.1500,21.61261
2025-10-21,144085.0,665.7741,94.93040,5.386700,1.160039,151.8930,377.2400,21.39009
2025-10-22,144873.0,662.3127,94.94984,5.399400,1.160847,151.9540,377.2800,21.72870
2025-10-23,145721.0,666.2403,94.63892,5.382900,1.161805,152.6020,378.7900,22.09632
2025-10-24,146172.0,671.6852,94.72637,,,,377.5200,22.10600
2025-10-27,146969.0,679.6095,94.72637,5.388300,1.163169,153.0610,367.0100,22.05763
2025-10-28,147429.0,681.4146,94.81382,5.373300,1.165175,152.6920,364.3800,21.85447
2025-10-29,148633.0,681.7418,94.20168,5.357400,1.165787,151.7310,363.0000,21.97056
2025-10-30,148780.0,674.2440,94.06565,5.357800,1.160335,152.7220,370.1300,21.98023
2025-10-31,149540.0,676.4557,94.10452,5.382000,1.157247,153.9000,368.1200,22.13502
2025-11-03,150454.0,677.7252,94.05968,5.374600,1.152804,154.1950,368.7800,22.29949
2025-11-04,150704.0,669.6917,94.17664,5.354900,1.151914,154.2040,362.3200,22.14470
2025-11-05,153294.0,672.0125,93.72828,5.395900,1.148554,153.5570,366.5100,22.07698
2025-11-06,153339.0,664.8022,94.20588,5.358600,1.149676,154.0730,366.0700,22.10600
2025-11-07,154064.0,665.4567,94.24487,5.349500,1.154921,152.9480,368.3100,22.15437
2025-11-10,155257.0,675.8407,94.11815,5.330900,1.154388,153.8170,378.3800,22.39623
2025-11-11,157749.0,677.3879,94.41058,5.289700,1.155722,154.1460,379.8700,22.54135
2025-11-12,157633.0,677.7648,94.43007,5.270700,1.158749,154.0750,385.9900,22.28981
2025-11-13,157162.0,666.5180,94.15714,5.291300,1.159219,154.7130,382.8700,22.17372
2025-11-14,157739.0,666.4088,94.00119,5.296500,1.163196,154.6330,375.9600,22.22209
2025-11-17,156993.0,660.2003,94.10841,5.295600,1.161535,154.5850,371.6500,22.19307
2025-11-18,156522.0,654.6563,94.26437,5.329500,1.159057,155.2730,374.3500,22.37688
2025-11-19,155381.0,657.1853,94.19614,5.321500,1.158118,155.5480,374.9600,22.15437
2025-11-20,,647.1683,94.42033,5.328600,1.154068,156.9920,374.8500,21.94154
2025-11-21,154770.0,653.6149,94.73223,5.332300,1.153456,157.3690,374.2700,21.79642
2025-11-24,155278.0,663.2352,94.87844,5.402100,1.150761,156.6880,380.2000,21.90284
2025-11-25,155910.0,669.4735,95.12212,5.386800,1.152007,156.9390,380.0800,21.78675
2025-11-26,158555.0,674.0952,95.20009,5.379400,1.156484,156.2300,383.1200,22.01893
2025-11-27,158292.0,,,5.330800,1.160214,156.2390,,
2025-11-28,159072.0,677.7747,95.03439,5.355400,1.159985,156.2840,387.8800,22.30916
2025-12-01,158611.0,674.6804,94.52407,5.335400,1.160147,155.9280,389.7500,22.36721
2025-12-02,161092.0,675.9300,94.60229,5.355800,1.160766,155.5570,387.2400,22.27047
2025-12-03,161755.0,678.2706,94.79781,5.326300,1.162791,155.8070,386.8800,22.37688
2025-12-04,164456.0,678.7665,94.50454,5.306100,1.166684,155.1070,387.1300,22.43493
2025-12-05,157369.0,680.0558,94.30901,5.309300,1.164280,155.1420,386.4400,22.57037
2025-12-08,158187.0,678.0128,94.11349,5.438100,1.164022,155.3400,385.4200,22.28981
2025-12-09,157981.0,677.4276,93.97662,5.430000,1.164144,155.8440,387.4000,22.24144
2025-12-10,159075.0,681.9203,94.27969,5.431500,1.162831,156.8380,389.0500,22.37688
2025-12-11,159189.0,683.5072,94.28944,5.469800,1.170124,155.7900,393.2400,22.35753
2025-12-12,160766.0,676.1581,94.03529,5.405500,1.173943,155.5670,395.4400,22.17372
2025-12-15,162482.0,675.1366,94.11349,5.418200,1.173764,155.8880,395.8000,22.06730
2025-12-16,158578.0,673.2919,94.37743,5.413400,1.175461,155.0150,395.8900,21.84479
2025-12-17,157327.0,665.8832,94.35789,5.507500,1.174950,154.7780,399.2900,22.10600
2025-12-18,157923.0,670.9115,94.60229,5.518500,1.174233,155.4950,398.5700,21.95121
2025-12-19,158473.0,676.9923,94.38946,5.521300,1.172567,155.5860,399.0200,22.10600
2025-12-22,158142.0,681.2098,94.29138,5.539800,1.170809,157.6760,408.2300,22.39000
2025-12-23,160456.0,684.3233,94.25215,5.590000,1.176595,156.8770,413.6400,22.64000
2025-12-24,,686.7305,94.49734,5.518500,1.179551,156.1760,411.9300,22.63000
2025-12-26,160897.0,686.6609,94.58562,5.519500,1.178536,156.0900,416.7400,22.70000
2025-12-29,160490.0,684.2139,94.72294,5.542500,1.177274,156.4630,398.6000,22.49000
2025-12-30,161125.0,683.3783,94.62484,5.569100,1.177288,156.0130,398.8900,22.64000
2025-12-31,,678.3152,94.31100,5.476200,1.174729,156.4130,396.3100,22.36000
2026-01-02,160539.0,679.5586,94.23254,5.517000,1.175047,156.7310,398.2800,22.39000
2026-01-05,161870.0,684.0846,94.51697,5.421600,1.170467,156.9890,408.7600,22.81000
2026-01-06,163664.0,688.1530,94.44831,5.407500,1.171495,156.6260,413.1800,22.80000
2026-01-07,161975.0,685.9348,94.62484,5.372000,1.168825,156.6800,409.2300,22.59000
2026-01-08,162937.0,685.8651,94.34042,5.383900,1.167679,156.7310,411.4900,22.88000
2026-01-09,163370.0,690.4010,94.44831,5.386600,1.165787,156.8800,414.4700,22.90000
2026-01-12,163150.0,691.4852,94.33062,5.370300,1.162372,158.1490,422.2300,23.19000
2026-01-13,161973.0,690.1026,94.44831,5.373700,1.166698,157.9860,421.6300,23.37000
2026-01-14,165146.0,686.7106,94.64447,5.371300,1.164253,159.1790,425.9400,23.39000
2026-01-15,165568.0,688.5807,94.44831,5.396100,1.164632,158.4020,423.3300,23.20000
2026-01-16,164800.0,688.0037,94.08543,5.367900,1.160901,158.5960,421.2900,23.16000
2026-01-19,164849.0,,,5.367700,1.162493,157.5350,,
2026-01-20,166277.0,673.9982,93.71272,5.368700,1.163914,158.1770,437.2300,23.48000
2026-01-21,171817.0,681.7769,93.95792,5.374300,1.172787,158.1620,443.6000,23.75000
2026-01-22,175589.0,685.3380,93.94812,5.318800,1.167297,158.4560,451.7900,23.74000
2026-01-23,178859.0,685.5865,94.10503,5.283700,1.175461,158.5010,458.0000,24.18000
2026-01-26,178721.0,689.0681,94.24234,5.288900,1.185846,155.1660,464.7000,24.29000
2026-01-27,181919.0,691.8135,94.13445,5.279100,1.187648,154.3360,476.1000,24.62000
2026-01-28,184691.0,691.7438,94.05601,5.183600,1.201764,152.4530,494.5600,24.94000
2026-01-29,183134.0,690.3712,94.15408,5.197100,1.197777,153.0960,495.9000,25.30000
2026-01-30,181364.0,688.3121,94.09522,5.189200,1.196573,153.1620,444.9500,24.43000
2026-02-02,182793.0,691.7339,93.91024,5.255000,1.184918,155.2020,427.1300,23.54000
2026-02-03,185674.0,685.8850,93.99880,5.259400,1.179871,155.4430,454.2900,24.15000
2026-02-04,181708.0,682.5627,93.97912,5.237500,1.181614,155.7990,453.9700,24.19000
2026-02-05,182127.0,674.0380,94.53015,5.238000,1.180164,156.9170,441.8800,23.76000
2026-02-06,182950.0,686.9692,94.53015,5.270500,1.177787,156.7840,455.4600,24.01000
2026-02-09,186241.0,690.2816,94.54982,5.215900,1.182578,157.2440,467.0300,24.25000
2026-02-10,185929.0,688.4613,94.96310,5.191600,1.190405,156.1320,462.4000,24.14000
2026-02-11,189699.0,688.3022,94.69743,5.196200,1.188962,154.4820,467.6300,24.37000
2026-02-12,187766.0,677.6687,95.27796,5.198700,1.187606,153.2690,451.3900,23.80000
2026-02-13,186464.0,678.1461,95.65186,5.213900,1.186845,152.8210,462.6200,23.88000
2026-02-16,,,,5.217900,1.186746,152.7790,,
2026-02-17,,679.2403,95.64204,5.243900,1.184988,153.6090,448.2000,23.59000
2026-02-18,186016.0,682.6621,95.44524,5.220500,1.185185,153.1490,458.2800,24.21000
2026-02-19,188534.0,680.8617,95.53379,5.234400,1.178884,154.6930,459.5600,24.43000
2026-02-20,190534.0,685.7856,95.53379,5.208800,1.176914,155.1600,468.6200,24.60000
2026-02-23,188854.0,678.7828,95.87818,5.176500,1.183474,154.3390,481.2800,24.75000
2026-02-24,191490.0,683.7165,95.85851,5.170900,1.179384,154.6350,474.6100,24.72000
2026-02-25,191248.0,689.4859,95.77979,5.152000,1.177523,155.8800,473.4200,24.75000
2026-02-26,191005.0,685.6562,96.03561,5.124200,1.181516,156.2000,477.4800,24.76000
2026-02-27,188787.0,682.3637,96.41937,5.136600,1.180303,155.8590,483.7500,25.10000
2026-03-02,189307.0,682.7516,95.84011,5.129600,1.175945,156.6330,490.0000,25.81000
2026-03-03,183105.0,676.7337,95.73156,5.170300,1.169727,157.2570,468.1400,25.91000
2026-03-04,185366.0,681.5083,95.53419,5.277300,1.161224,157.7730,471.8000,26.14000
2026-03-05,180464.0,677.7084,95.23814,5.230100,1.163562,156.9830,466.1300,26.52000
2026-03-06,179365.0,668.8256,95.17892,5.263400,1.160807,157.5340,473.5100,27.51000
2026-03-09,180915.0,674.6845,95.47498,5.243500,1.152326,158.4270,472.5300,27.14000
2026-03-10,183447.0,673.6003,95.16908,5.205300,1.161723,157.8480,477.8600,27.60000
2026-03-11,183969.0,672.7548,94.73486,5.162400,1.161130,158.1140,476.2400,28.13000
2026-03-12,179285.0,662.5391,94.42895,5.151400,1.154321,159.0750,466.8800,28.86000
2026-03-13,177653.0,658.7890,94.33026,5.243900,1.152167,159.2060,460.8400,28.71000
2026-03-16,179875.0,665.4934,94.75459,5.329100,1.143511,159.5680,460.4300,28.31000
2026-03-17,180410.0,667.2440,94.92236,5.233400,1.149954,159.1050,459.2700,28.76000
2026-03-18,179640.0,657.9335,94.48816,5.192900,1.153948,158.8890,444.7400,29.27000
2026-03-19,180271.0,656.3121,94.47828,5.262100,1.146447,159.7950,426.4100,28.84000
2026-03-20,176219.0,646.9034,93.62962,5.219900,1.157756,157.9240,413.3800,28.94000
2026-03-23,181932.0,653.6959,93.92567,5.311900,1.156016,159.2340,404.0400,27.75000
2026-03-24,182509.0,651.5016,93.60989,5.232900,1.160712,158.4790,404.1300,28.24000
2026-03-25,185424.0,655.1322,94.10330,5.232600,1.161467,158.7180,416.2900,28.17000
2026-03-26,182733.0,643.4324,93.34344,5.236800,1.156150,159.3840,400.6400,28.44000
2026-03-27,181557.0,632.4606,93.35332,5.235100,1.153509,159.7040,414.7000,29.10000
2026-03-29,,,,5.238000,1.149201,160.2340,,
2026-03-30,182514.0,630.3461,94.01447,5.264000,1.146000,159.8410,414.5800,29.26000
2026-03-31,187462.0,648.6689,94.18224,5.192800,1.157421,158.5790,430.2900,28.95000
2026-04-01,187953.0,653.5563,94.10007,5.154500,1.159057,158.6880,437.8200,28.68000
2026-04-02,188052.0,654.1448,94.31789,5.156400,1.154175,159.4910,429.4100,29.33000
2026-04-05,,,,5.157900,1.151000,159.7800,,
2026-04-06,188162.0,657.2368,94.07037,5.138300,1.154121,159.6830,427.6500,29.48000
2026-04-07,188259.0,657.5260,94.30799,5.150600,1.168661,158.7160,431.8100,29.37000
2026-04-08,192201.0,674.2729,94.51591,5.100200,1.165936,158.6420,434.5300,28.56000
2026-04-09,195129.0,678.1628,94.48621,5.095800,1.169126,159.1120,437.9100,28.71000
2026-04-10,197324.0,677.7141,94.32778,,,,437.1300,28.50000
2026-04-12,,,,5.005000,1.167515,159.6800,,
2026-04-13,198001.0,684.3370,94.53571,4.994400,1.176886,159.2140,435.3600,28.96000
2026-04-14,198657.0,692.6755,94.84265,4.984800,1.179941,158.7920,445.0900,28.84000
2026-04-15,197738.0,698.1414,94.63472,4.992400,1.180916,158.8090,440.4600,28.89000
2026-04-16,196819.0,699.8570,94.46641,4.987090,1.178273,159.1950,440.0800,29.11000
2026-04-17,195734.0,708.3152,94.98126,,,,445.9300,28.29000
2026-04-19,,,,5.006300,1.174122,159.1610,,
2026-04-20,196132.0,706.8988,94.89215,4.952400,1.178439,158.8440,442.0900,28.67000
2026-04-21,,702.2708,94.47630,5.008000,1.174426,159.3730,429.5700,29.21000
2026-04-22,192889.0,709.3825,94.57531,4.984900,1.170604,159.4880,435.2600,29.51000
2026-04-23,191378.0,706.6296,94.42680,5.030800,1.168388,159.7470,431.0400,29.89000
2026-04-24,190745.0,712.1055,94.61492,,,,433.2500,29.86000
2026-04-26,,,,4.979100,1.170645,159.5760,,
2026-04-27,189579.0,713.3323,94.39709,4.999600,1.172347,159.3570,429.8900,30.09000
2026-04-28,188619.0,709.8612,94.30799,4.994300,1.171783,159.5520,421.9100,30.34000
2026-04-29,184750.0,709.7515,93.86243,5.017500,1.168470,160.1840,417.4100,31.08000
2026-04-30,187318.0,716.8133,94.04066,4.969500,1.172910,156.9780,423.6600,31.10000
2026-05-01,,718.7982,94.11217,,,,423.1800,30.81000
2026-05-03,,,,4.951929,1.172663,156.8460,,
2026-05-04,185600.0,716.1650,93.76450,4.984800,1.169194,157.1940,414.7100,31.33000
2026-05-05,186754.0,721.9102,93.90357,4.927300,1.171577,157.6770,418.2700,31.20000
2026-05-06,187691.0,731.9443,94.37046,4.932272,1.174743,156.5080,430.9600,30.21000
2026-05-07,183218.0,729.7001,94.08238,4.944900,1.173158,156.8290,431.6800,30.25000
2026-05-08,184108.0,735.7246,94.33073,,,,433.7700,30.30000
2026-05-10,,,,4.913300,1.176886,156.8580,,
2026-05-11,181909.0,737.4003,94.01284,4.906400,1.177995,157.2310,434.6500,31.06000
2026-05-12,180342.0,736.2831,93.69496,4.909700,1.173544,157.6710,432.9300,31.69000
2026-05-13,177098.0,740.4025,93.69496,5.024900,1.171605,157.8510,430.5000,31.37000
2026-05-14,178366.0,746.2475,93.63536,5.004100,1.166208,158.3820,427.2100,31.15000
2026-05-15,177284.0,737.2706,92.89034,,,,417.2900,31.19000
2026-05-17,,,,5.060400,1.161440,158.8440,,
2026-05-18,176976.0,736.7520,92.85060,5.005625,1.165515,158.8610,418.4300,31.38000
2026-05-19,174279.0,731.8446,92.49299,5.058200,1.160712,159.0350,411.5000,31.61000
2026-05-20,177356.0,739.3453,93.11880,5.011700,1.162534,158.8880,417.4000,30.88000
2026-05-21,177650.0,740.8115,93.17842,5.017100,1.162115,159.0180,416.9900,30.70000
2026-05-22,176210.0,743.7240,93.25788,,,,413.8200,30.54000
2026-05-24,,,,5.025700,1.164226,158.9460,,
2026-05-25,177359.0,,,5.010400,1.163738,158.9540,,
2026-05-26,176589.0,748.6613,93.65524,5.044500,1.163684,159.2430,414.0000,30.03000
2026-05-27,175744.0,748.5316,93.69496,5.072900,1.161791,159.5680,408.4900,29.49000
2026-05-28,175063.0,752.6609,93.91351,5.051700,1.165284,159.2700,412.7700,29.72000
2026-05-29,173788.0,754.5361,94.02278,,,,417.1200,29.48000
2026-05-31,,,,5.039200,1.164890,159.3530,,
2026-06-01,172198.0,756.5908,93.86031,5.038600,1.163548,159.6360,411.2600,29.99000
2026-06-02,174198.0,757.6182,93.93008,5.020700,1.162210,159.9680,411.9500,30.12000
2026-06-03,170331.0,752.3019,93.69087,5.077400,1.160941,159.9400,407.8700,30.29000
2026-06-04,,755.1446,93.81049,5.060700,1.161265,159.9900,411.2700,29.88000
2026-06-05,169019.0,735.6548,93.31213,,,,396.2400,29.23000
2026-06-07,,,,5.177000,1.152260,160.3270,,
2026-06-08,168669.0,737.3204,93.21245,5.203100,1.152844,160.1740,397.2700,29.47000
2026-06-09,169813.0,735.1561,93.47160,5.190100,1.153536,160.3840,390.7800,29.07000
2026-06-10,168619.0,723.5659,93.38190,5.192100,1.153562,160.5270,374.5800,29.17000
2026-06-11,171497.0,735.8643,94.02975,5.113800,1.157595,160.1300,386.3200,28.85000
2026-06-12,171133.0,739.8440,93.87029,,,,386.5400,28.55000
2026-06-14,,,,5.060900,1.160308,159.9550,,
2026-06-15,170415.0,752.8904,93.96996,5.075100,1.159420,160.2290,396.5500,28.22000
2026-06-16,169649.0,748.4020,94.20916,5.101900,1.160995,160.4190,397.6300,27.90000
2026-06-17,168454.0,739.0560,93.71081,5.122100,1.150735,160.6000,388.6000,27.71000
2026-06-18,168278.0,746.7400,94.04969,5.181500,1.145856,161.2890,387.1200,27.63000
2026-06-19,168576.0,,,,,,,
2026-06-21,,,,5.151400,1.146276,161.4330,,
2026-06-22,170370.0,744.3900,93.69087,5.156500,1.142714,161.5700,384.5900,27.41000
2026-06-23,171259.0,733.5800,93.81049,5.197700,1.137954,161.5990,377.3200,27.12000
2026-06-24,170507.0,733.2400,94.41848,5.207500,1.135422,161.7630,365.9200,26.45000
2026-06-25,171990.0,734.3000,94.47828,5.194100,1.136170,161.8050,369.4600,26.93000
2026-06-26,173295.0,728.9900,94.71748,,,,373.6300,26.57000
2026-06-28,,,,5.170700,1.138563,161.7870,,
2026-06-29,173205.0,741.0000,94.74738,5.181787,1.142204,161.9230,368.5800,26.56000
2026-06-30,172024.0,746.7700,94.25900,5.174700,1.141331,162.6280,368.3800,26.66000
2026-07-01,171689.0,745.7600,94.03000,5.220600,1.137799,162.5390,370.6000,26.45000
2026-07-02,172788.0,744.7800,94.12000,5.222200,1.142270,161.4490,378.1300,26.57000
2026-07-03,174266.0,,,,,,,
2026-07-05,,,,5.184400,1.143772,161.4520,,
2026-07-06,172448.0,751.2800,94.18000,5.143600,1.144178,162.0880,382.1300,27.00000
2026-07-07,172021.0,747.7100,93.70000,5.170900,1.140381,162.3630,377.4900,27.35000
2026-07-08,170654.0,745.4000,93.51000,5.163500,1.142204,162.5390,374.4500,27.80000
2026-07-09,172742.0,751.7100,93.71000,5.133900,1.143341,162.3630,378.1800,27.58000
2026-07-10,177866.0,754.9500,93.63000,,,,377.0100,27.52000
2026-07-12,,,,5.107800,1.140446,161.8780,,
2026-07-13,175739.0,749.1700,93.29000,5.147900,1.138433,162.4290,367.1300,28.33000
2026-07-14,176641.0,751.8300,93.55000,5.087900,1.142465,162.1870,372.1500,28.63000
2026-07-15,176011.0,754.8100,93.78000,5.090900,1.147026,162.0720,372.3500,28.79000
2026-07-16,173825.0,750.7200,93.72000,5.113600,1.144466,162.3760,364.9600,28.46000
2026-07-17,173714.0,743.2900,93.84000,5.110800,1.144558,162.3530,368.4100,28.98000
