Date,retorno,equity
2005-01-03,-0.00841053282392747,0.9915894671760725
2005-01-04,-0.02735067779574625,0.9644688231536841
2005-01-05,-0.0005770246196616625,0.9639123008978283
2005-01-06,-0.006332560791788685,0.9578082676544399
2005-01-07,-0.0014491783339483047,0.9564202326648785
2005-01-10,0.0031364175758970244,0.9594199658925522
2005-01-11,0.0031615427575742952,0.9624532131371919
2005-01-12,0.012558721281498212,0.9745403947874642
2005-01-13,0.0011320317393683542,0.9756436054456602
2005-01-14,0.0013365048592908592,0.9769475578652743
2005-01-17,-0.005318838074204321,0.9717513319979996
2005-01-18,-0.0002052809443726305,0.9715518499668716
2005-01-19,-0.004491602644883447,0.967188025107919
2005-01-20,-0.009012149623201416,0.9584715819118778
2005-01-21,0.005617094252786121,0.9638554071260939
2005-01-24,0.004473506969838091,0.9681672210077885
2005-01-25,-0.008737806763742181,0.9597075629156332
2005-01-26,0.011992500481999393,0.9712168563264774
2005-01-27,-0.004142745181902591,0.9671933523743482
2005-01-28,0.004244259401298609,0.9712983718530366
2005-01-31,0.003250359973158626,0.9744554412029018
2005-02-01,0.0005068901618670404,0.9749493830792254
2005-02-02,0.004575647947394329,0.9794104082227253
2005-02-03,-0.0035382191442897516,0.975945039566235
2005-02-04,0.011512681027229724,0.9871807835068681
2005-02-07,-0.003976910016902174,0.9832548543604464
2005-02-08,-0.0013679120192085785,0.9819098482272215
2005-02-09,0.006124660250450795,0.9879237124441849
2005-02-10,-0.0004015423732037115,0.9875270192121458
2005-02-11,0.004200047395873177,0.9916746794975422
2005-02-14,0.005358477397315929,0.9969885458531202
2005-02-15,0.004256500877999987,1.0012322284739
2005-02-16,-0.005277231887841558,0.9959484938306628
2005-02-17,0.0018574480428186634,0.9977984164112766
2005-02-18,-0.004615917155027243,0.9931926615837048
2005-02-21,0.0016602051069908384,0.994841565112692
2005-02-22,0.003282347211949546,0.9981069805502712
2005-02-23,0.0026604073890217628,1.0007623517363613
2005-02-24,0.0073776930027177464,1.0081456691361501
2005-02-25,0.007553523852781422,1.0157607214950484
2005-02-28,-0.006227322321084974,1.0094352520812009
2005-03-01,-0.000989843023341562,1.0084360696394132
2005-03-02,0.0007863493514026894,1.0092290526887053
2005-03-03,0.00019904863339574488,1.0094299383524263
2005-03-04,0.01795979930613257,1.0275590974588378
2005-03-07,0.0006083485856881022,1.0281842115824877
2005-03-08,-0.0009855624445794836,1.0271708718374424
2005-03-09,-0.009573231797231126,1.0173375269859786
2005-03-10,0.005347994046275178,1.022778242023352
2005-03-11,-0.007461711101431768,1.0151465662605434
2005-03-14,-0.0010983963308417019,1.0140315329968963
2005-03-15,-0.007122905960592687,1.0068086817462838
2005-03-16,0.004763166120766869,1.0116042787492716
2005-03-17,0.0037578689149096885,1.015405755022573
2005-03-18,-0.007467051512537488,1.0078236679436925
2005-03-21,-0.009299848954954193,0.9984510600585883
2005-03-22,-0.017347361731312433,0.9811305683487396
2005-03-23,-0.002979997191383434,0.9782068020106799
2005-03-24,0.0008386528428603145,0.9790271779260915
2005-03-25,0.0009554351777509606,0.9799625749318563
2005-03-27,-0.0049232541673023475,0.9751379701010228
2005-03-28,-0.00281889341709943,0.9723891600963414
2005-03-29,-0.0025136860479620052,0.9699448790314177
2005-03-30,0.01467990079562772,0.984183573632826
2005-03-31,0.0010639885214484227,0.9852307336581696
2005-04-01,-0.005711651972750503,0.9796034385946565
2005-04-03,0.0007040120591991546,0.9802930912286602
2005-04-04,-0.00045698371927741725,0.9798451132458486
2005-04-05,0.0028175443909477715,0.982605870348672
2005-04-06,-0.004755280125206941,0.9779333041824912
2005-04-07,0.01415880797295814,0.9917796740467717
2005-04-08,-0.009189207187838363,0.9826660051372691
2005-04-10,-0.0007094063605545579,0.9819688956229239
2005-04-11,-0.004196628182662702,0.9778479372810545
2005-04-12,-0.0025932372142031665,0.9753121456202655
2005-04-13,-0.007003994103392185,0.9684810651033744
2005-04-14,-0.01724021569571017,0.951784242643781
2005-04-15,-0.016228053706783152,0.9363386368368878
2005-04-17,0.005378717593362437,0.9413749379361873
2005-04-18,0.005404471562291505,0.9464625720177173
2005-04-19,0.005383976063113286,0.9515583038500934
2005-04-20,-0.01230362287023037,0.9398506893404859
2005-04-21,0.013741886013257633,0.9527660103828844
2005-04-22,-0.008254461544980541,0.9449014399888144
2005-04-24,-0.004511739732255446,0.9406382906189514
2005-04-25,0.00994623270941668,0.9499940979528354
2005-04-26,-0.007261778629108359,0.9430954511145424
2005-04-27,-0.0011841711878545027,0.9419786646539359
2005-04-28,-0.02817944292209825,0.9154342306394859
2005-04-29,0.01503313162072925,0.9291960739188103
2005-05-01,-0.006490846169345056,0.923164805141844
2005-05-02,0.004910767950842668,0.9276982532802804
2005-05-03,0.0061155434054823606,0.9333716322154061
2005-05-04,0.007710477542804246,0.9405683732246936
2005-05-05,-0.0051193397642160104,0.9357532841506805
2005-05-06,-0.004439304744115633,0.9315991901570286
2005-05-08,-0.00150226374700148,0.9301996824669198
2005-05-09,0.0041787848415886925,0.9340867867996631
2005-05-10,-0.008030165969605083,0.9265859148716467
2005-05-11,-0.006806414954655276,0.9202791866438913
2005-05-12,-0.010147980835326902,0.9109402110946789
2005-05-13,0.0005086976368705317,0.9114036042273931
2005-05-15,0.002998434422547491,0.9141363881671424
2005-05-16,0.0026930032930330586,0.9165981604707578
2005-05-17,0.008678269622598036,0.9245526464429004
2005-05-18,0.0047499985290642265,0.9289442701535465
2005-05-19,-0.0058703342278360595,0.923491056808712
2005-05-20,-0.0016250240697522626,0.9219903616131969
2005-05-22,0.002305325968446576,0.9241158499364813
2005-05-23,0.004507082562607088,0.9282809163695588
2005-05-24,0.0045736880670797534,0.932526583719656
2005-05-25,-0.007157731150635501,0.9258518091425701
2005-05-26,0.00479881379232788,0.9302947995739352
2005-05-27,0.00662222934548174,0.9364554250956229
2005-05-29,-0.003493713185872047,0.933183718428985
2005-05-30,-0.006726099738944623,0.9269070316640723
2005-05-31,-0.004193487113961979,0.9230200589709483
2005-06-01,0.018938311815601353,0.940500500659795
2005-06-02,0.0071045591158080835,0.9471823420651796
2005-06-03,-0.007727025596217586,0.9398634398637566
2005-06-05,0.005431011817989331,0.944967849312953
2005-06-06,-0.0002659603938749306,0.9447165252915506
2005-06-07,-0.004884856359726774,0.9401017207648411
2005-06-08,-0.005489390245556754,0.9349411355490435
2005-06-09,-0.009735436505600423,0.9258390754874318
2005-06-10,-0.0024444392448163587,0.9235759181169259
2005-06-12,-0.005099791412505528,0.9188658735809163
2005-06-13,-0.004420809047896069,0.9148037430131869
2005-06-14,0.011394468394486709,0.9252274453501087
2005-06-15,-0.00044677691270063314,0.9248140750885292
2005-06-16,0.015976045508829452,0.9395889468393495
2005-06-17,0.0031941782455777194,0.942590161413129
2005-06-19,-0.009691357798007725,0.9334551829019926
2005-06-20,0.005171984297860433,0.938282998450718
2005-06-21,-0.00251928052846152,0.9359192003625347
2005-06-22,0.002523985237505932,0.938281446607748
2005-06-23,-0.0079807498971532,0.9307932570492324
2005-06-24,0.0009169511657903488,0.9316467490113934
2005-06-26,0.001118465738397353,0.932688763980452
2005-06-27,-0.0024755058500838443,0.9303798874889109
2005-06-28,-0.003163431223078564,0.9274366947035041
2005-06-29,-0.0030706745962490022,0.9245888384054489
2005-06-30,-0.009851235686843669,0.9154804958448919
2005-07-01,-0.005724259422040255,0.9102400479908577
2005-07-03,-0.00218438199548021,0.9082517360184614
2005-07-04,-0.0003424382043356717,0.9079407159248946
2005-07-05,0.0019489152902364818,0.9097102154687889
2005-07-06,-0.0034036443961363207,0.9066138853918007
2005-07-07,0.007492136277673636,0.9134063601723872
2005-07-08,0.0028091788057768236,0.9159722819604453
2005-07-10,0.0006598094802402242,0.91657664915572
2005-07-11,0.010119249145786123,0.9258517166297366
2005-07-12,0.0030321223461845753,0.9286590123089831
2005-07-13,0.004957372684733187,0.933262721130035
2005-07-14,-0.0005282390592990853,0.9327697353081463
2005-07-15,-0.004365775236006861,0.9286974722968413
2005-07-17,-0.0013637009921961271,0.9274310066324201
2005-07-18,0.002381292024192468,0.9296394906915028
2005-07-19,0.009064444114277134,0.9380661559013009
2005-07-20,-0.005238429433513382,0.9331521625396448
2005-07-21,-0.007726701780658035,0.9259419740637249
2005-07-22,0.005442034029518659,0.9309809817959395
2005-07-24,0.0020966520431666574,0.9329329249735713
2005-07-25,-0.0059050791833071955,0.9274238821788879
2005-07-26,0.0063919006119299475,0.9333518834589056
2005-07-27,0.006498489197593215,0.9394172605911166
2005-07-28,0.014128699306746435,0.952690004589576
2005-07-29,-0.008666440338363088,0.9444335735038456
2005-07-31,0.0013297059083702595,0.945689392406597
2005-08-01,-0.005530353134427348,0.9404593961111064
2005-08-02,5.6189039756160495e-05,0.9405122396215035
2005-08-03,0.002797036468954659,0.9431428866552232
2005-08-04,-0.0030434960913902176,0.9402724349660655
2005-08-05,-0.007996314736591896,0.9327537206379352
2005-08-07,0.0019970595625521757,0.9346164853752413
2005-08-08,-0.004020900210371206,0.9308584857525797
2005-08-09,0.005115666369715887,0.9356204472031088
2005-08-10,-0.00944366018996158,0.9267847656329428
2005-08-11,0.002961539364958049,0.9295294751992081
2005-08-12,0.0026844153239060993,0.9320247183664553
2005-08-14,0.002817446550377506,0.9346506481940833
2005-08-15,0.008589455739127675,0.9426787885682933
2005-08-16,-0.0011523579382509076,0.9415924851830659
2005-08-17,0.006330698961577152,0.9475534237512433
2005-08-18,0.002959232753520687,0.9503574548785185
2005-08-19,-0.00014630173636952118,0.9502184159326981
2005-08-21,-0.006974799259978053,0.9435908332284332
2005-08-22,0.006607421136006835,0.949825535243649
2005-08-23,-0.0017957509799974773,0.9481198851079086
2005-08-24,-0.0067980952045995,0.941674475863571
2005-08-25,0.00911276774068224,0.9502557366494443
2005-08-26,-0.007144574455934746,0.9434665637867732
2005-08-28,0.004934171400124598,0.9481217895227837
2005-08-29,0.012322104324055316,0.9598046451251935
2005-08-30,-0.0053118902616247346,0.9547062681776908
2005-08-31,0.0077973482100281,0.9621504453889688
2005-09-01,-0.0019827938048374745,0.96024269944653
2005-09-02,0.002662385834872913,0.9627992360075764
2005-09-04,-0.0022087562370074554,0.9606726471900587
2005-09-05,0.00675738875067667,0.9671642857292636
2005-09-06,0.010326087929044783,0.9771513091855357
2005-09-07,0.001203026305360808,0.9783268479148037
2005-09-08,-0.006545740089534617,0.9719229746457398
2005-09-09,0.00967650213022232,0.9813277893803114
2005-09-11,0.008591732677316898,0.9897590954154893
2005-09-12,-0.0021050702718943292,0.9876755829673932
2005-09-13,-0.0019887141875624135,0.985711378522837
2005-09-14,0.0006512284663331544,0.9863533018321196
2005-09-15,0.003346939201744924,0.989654566364792
2005-09-16,0.003923545934005648,0.9935375215147227
2005-09-18,0.005273515352976585,0.9987769568881889
2005-09-19,0.006113422161067071,1.0048829020703922
2005-09-20,-0.004658564886901746,1.000201589867359
2005-09-21,0.0023514175156579497,1.0025534814049621
2005-09-22,0.01163377779571937,1.0142169658359523
2005-09-23,3.3605980282633524e-05,1.0142510495913084
2005-09-25,-0.0022795887898152747,1.0119389742686018
2005-09-26,0.0049639852798229024,1.0169622244409502
2005-09-27,-0.004323561984634313,1.0125653252275482
2005-09-28,0.009487280701616915,1.022171816696706
2005-09-29,0.003093090488817351,1.0253334866208677
2005-09-30,0.002121921477121832,1.0275091637673406
2005-10-02,-0.010557181937049201,1.0166615625834634
2005-10-03,-0.0024642272061956893,1.0141562775014519
2005-10-04,-0.0017687873385178335,1.012362450718529
2005-10-05,0.000809933028036426,1.01318239650371
2005-10-06,-0.010674126548494743,1.002367559386722
2005-10-07,0.007462045651252644,1.0098472718742004
2005-10-09,-0.005151986043532311,1.0046445528234054
2005-10-10,-0.0048712706523994275,0.9997506572971437
2005-10-11,0.003054449157188351,1.0028043448497237
2005-10-12,-0.007016424092286034,0.9957682442846709
2005-10-13,-0.0005968825422435454,0.9951738876035369
2005-10-14,0.004420722023949415,0.9995732747261251
2005-10-16,-0.007286290360094547,0.99229009361028
2005-10-17,-0.0012737989201514342,0.9910261155605622
2005-10-18,-0.007290993410052418,0.9838005506828202
2005-10-19,0.012478532982979405,0.996076938303189
2005-10-20,-0.01676053477241407,0.9793821561427587
2005-10-21,0.010687665703859489,0.9898494652239376
2005-10-23,0.0027654539123488976,0.9925868483001776
2005-10-24,0.014595446169098795,1.0070740962126983
2005-10-25,-0.011105315038216294,0.9958902211074293
2005-10-26,0.0034356006546012847,0.9993117022029769
2005-10-27,-0.009089971854233568,0.9902279869563456
2005-10-28,0.006850991279256443,0.9970120302594593
2005-10-31,0.00038124220716521137,0.9973921333264456
2005-11-01,0.002606329784909053,0.9999916661507683
2005-11-02,4.361361962984707e-05,1.0000352794069287
2005-11-03,0.006498272662746652,1.0065337813248811
2005-11-04,0.009937198174970458,1.0165359069797089
2005-11-07,0.0004956375555624973,1.0170397403517857
2005-11-08,0.005667464396586158,1.0228037768701426
2005-11-09,-0.004374484842869612,1.0183295372509944
2005-11-10,0.014769156728654722,1.033369405788073
2005-11-11,-6.903065765234099e-05,1.0332980716183935
2005-11-14,0.00014565186008923833,1.0334485734045513
2005-11-15,0.000760092613991598,1.0342340900321363
2005-11-16,0.011370982375731064,1.045994347642272
2005-11-17,0.004538527693244827,1.050741621956024
2005-11-18,-5.77123002584853e-06,1.050735557884426
2005-11-21,0.005975897662216116,1.057014646048395
2005-11-22,0.003258052926664129,1.0604584557094798
2005-11-23,0.0020637160143527193,1.062646940807083
2005-11-24,0.0035660443611530697,1.066436386938245
2005-11-25,0.008814762546683175,1.0758367704602483
2005-11-28,-0.012147448176219846,1.0627680990450108
2005-11-29,0.0039258401792081335,1.0669403567494224
2005-11-30,-0.002068062153394885,1.0647338577776995
2005-12-01,0.015552129047583027,1.0812927361351892
2005-12-02,0.004408636397893085,1.086059762648492
2005-12-05,-0.001187771839320267,1.0847697714465994
2005-12-06,0.006663922122368584,1.091998592724219
2005-12-07,0.002796835775117825,1.0950527334547284
2005-12-08,-0.0007946136829038143,1.094182589569224
2005-12-09,0.0035352768764143525,1.0980508279767034
2005-12-12,-0.008145625709606325,1.0891065169218819
2005-12-13,0.003271858212044674,1.092669919023064
2005-12-14,-0.011073010618178562,1.0805707734075574
2005-12-15,-0.009353219311766326,1.0704639579819915
2005-12-16,-0.004179835720160357,1.065989594493274
2005-12-19,0.001107289977388582,1.0671699540872568
2005-12-20,0.0042759636845595425,1.0717331340561869
2005-12-21,0.006307579433207605,1.0784931759304468
2005-12-22,0.004106062997181346,1.0829215368528475
2005-12-23,0.0003634829803167096,1.083315160400512
2005-12-26,0.002832439534686368,1.0863835850893555
2005-12-27,0.0068408918285329115,1.0938154176792456
2005-12-28,0.004263561025581435,1.098478966463243
2005-12-29,0.001879920416336185,1.1005440194992133
2005-12-30,0.0008320366766092316,1.1014597124876597
2006-01-02,0.0008906395893750673,1.1024407161137029
2006-01-03,0.004125386052068956,1.106988709667191
2006-01-04,0.004928484320743491,1.112444486166026
2006-01-05,-0.004110240334367865,1.1078720719692412
2006-01-06,0.0034592386377151176,1.1117044658462425
2006-01-09,0.00864433716903622,1.1213144140813407
2006-01-10,-0.005834379985327701,1.1147722397065651
2006-01-11,0.0029332851783942715,1.1180421845945818
2006-01-12,0.005651623085941334,1.1243609376160928
2006-01-13,0.0033392776507495253,1.12811549096645
2006-01-16,0.008392346330691098,1.137583026867658
2006-01-17,-5.594688228223227e-05,1.1375193826439676
2006-01-18,-0.008336990681642174,1.1280358941506774
2006-01-19,0.013393308247994909,1.14314402659584
2006-01-20,-0.009844242114836425,1.1318906400259015
2006-01-23,-0.005590906005434042,1.1255623458490862
2006-01-24,0.006959535807456392,1.1333957372985475
2006-01-25,0.00142536341327519,1.135011238115255
2006-01-26,0.005984355129292365,1.1418035484398745
2006-01-27,0.011557537715013808,1.1549999860141051
2006-01-30,0.00613075674647047,1.1620810099705345
2006-01-31,-0.0037698415365677233,1.1577001487102911
2006-02-01,0.006790221546628293,1.1655611892045985
2006-02-02,-0.0088891833664912,1.1552003020688932
2006-02-03,0.0023330380453509157,1.157895428323621
2006-02-06,0.004663379738153371,1.1632951344029658
2006-02-07,-0.022255461371430665,1.1374054644756875
2006-02-08,0.008405109003063568,1.1469654813852856
2006-02-09,0.00776395912111868,1.1558704744960953
2006-02-10,-0.005504710371864028,1.1495077423066051
2006-02-13,-0.010524708235422323,1.137409508704469
2006-02-14,0.010286907852695874,1.1491099355112921
2006-02-15,0.006946824673246226,1.1570926007635745
2006-02-16,0.009930982734262777,1.168583667403701
2006-02-17,0.006038860860758163,1.1756405815753064
2006-02-20,0.0023769191318534022,1.1784349841658361
2006-02-21,-0.0009674458229450339,1.1772949121627925
2006-02-22,0.0065169639677952525,1.1849673006848263
2006-02-23,-0.008724835368118515,1.1746286560697474
2006-02-24,0.006416682686138413,1.1821658754297923
2006-02-27,-0.004256043733705148,1.1771345257634693
2006-02-28,-0.002210184790770875,1.1745328409379356
2006-03-01,0.006486490144388395,1.1821514366349402
2006-03-02,-0.006958243269431589,1.1739257393575262
2006-03-03,-0.0028170108872236626,1.170618777768964
2006-03-06,-0.006979114287805763,1.162448895531463
2006-03-07,0.00016915553600906118,1.1626455301974696
2006-03-08,-0.0031310401643615477,1.159005240345506
2006-03-09,-0.003427771642127023,1.155032435049573
2006-03-10,0.006950705338699155,1.163060725162243
2006-03-13,-0.0017435741924332676,1.1610328424976173
2006-03-14,0.011173714778038123,1.1740058923276206
2006-03-15,0.0026800612491139023,1.1771523000258792
2006-03-16,0.0017481001443043196,1.1792100801314225
2006-03-17,-0.006287573390278399,1.17179571021004
2006-03-20,0.005500314040956173,1.1782409546080406
2006-03-21,-0.0063475900466984925,1.170761964051958
2006-03-22,0.006421116707718226,1.1782795632600929
2006-03-23,0.002470675600032574,1.1811907098270567
2006-03-24,0.005280108956958081,1.1874275254738902
2006-03-26,-0.0015224459341333881,1.1856197312656545
2006-03-27,0.0038660915204899136,1.1902034456552262
2006-03-28,-0.013584040955006685,1.1740356733046555
2006-03-29,0.0030130344499132867,1.1775730832337497
2006-03-30,0.00677166400911005,1.1855472124995803
2006-03-31,0.0008558710200181032,1.186561888001622
2006-04-02,-0.0009839007545426606,1.1853944288647056
2006-04-03,-0.0021315296486134616,1.1828677254942792
2006-04-04,0.002156436134681905,1.1854185042000842
2006-04-05,0.00996657837438437,1.1972330706286398
2006-04-06,0.006689477278644452,1.2052419340518519
2006-04-07,-0.0107964052479702,1.1922296537099808
2006-04-09,-1.3962405223760539e-05,1.1922130073164359
2006-04-10,0.0013087252482094879,1.1937732865803548
2006-04-11,-0.0033193818287180752,1.1898106972252709
2006-04-12,0.003229367448418105,1.1936530331606698
2006-04-13,-0.005004637101311138,1.1876792329048214
2006-04-16,-0.008495545168406362,1.1775892503361003
2006-04-17,0.002354988536307462,1.1803624595211206
2006-04-18,0.017826131337631092,1.2014037557505535
2006-04-19,0.008492799623491596,1.2116070371150531
2006-04-20,-0.012102924544737114,1.1969430485669772
2006-04-21,0.00822345514285881,1.2067860560354244
2006-04-23,-0.00912462813920959,1.195774582030518
2006-04-24,-0.003750263135818195,1.1912901126967805
2006-04-25,-0.004568214957434971,1.1858480433853147
2006-04-26,0.0001625691564584227,1.1860408257014157
2006-04-27,-0.0048232704182105705,1.18032023007202
2006-04-28,0.011739192249369573,1.1941762361686554
2006-04-30,0.000980398431601181,1.1953470046776506
2006-05-01,-0.0030098590349237958,1.1917491786957526
2006-05-02,0.010392277059139783,1.2041341663457612
2006-05-03,-0.004352480433211031,1.1988931959477804
2006-05-04,0.00031570736508892397,1.1992716953596962
2006-05-05,0.00575249539694877,1.2061705002669438
2006-05-07,-0.002622663682595092,1.2030071207008761
2006-05-08,-0.006077992399772072,1.1956952525643845
2006-05-09,0.007680162709030539,1.2048783866544943
2006-05-10,-0.00400826107931874,1.2000489195119548
2006-05-11,-0.010636668244137108,1.1872843972783709
2006-05-12,-0.004815948183335249,1.181566497142196
2006-05-14,0.008118443046241305,1.1911589774545916
2006-05-15,-0.018705290148149777,1.16887800316873
2006-05-16,0.008901958172559345,1.1792833062617627
2006-05-17,-0.015991558708282262,1.1604247280359805
2006-05-18,-0.005389008448235609,1.154171189373053
2006-05-19,-0.0003435393277587945,1.1537746861785374
2006-05-21,-0.003990079909965692,1.1491710329825895
2006-05-22,-0.005222569422770511,1.143169407484201
2006-05-23,0.0008440895581555471,1.1441343448442614
2006-05-24,-0.00928323233309302,1.1335130799008009
2006-05-25,0.024222719386596453,1.1609698491562748
2006-05-26,0.007573480663232269,1.1697624318594557
2006-05-28,-0.0008078976144283485,1.1688173835813085
2006-05-29,-0.006948961797346844,1.160695316234727
2006-05-30,-0.011578962691531127,1.1472556684718103
2006-05-31,0.006810667615121878,1.155069245499336
2006-06-01,0.003738154341278854,1.159387072613877
2006-06-02,-0.003171831109367093,1.1557096926291623
2006-06-04,0.002052335919630621,1.1580815971440106
2006-06-05,-0.007850657213790673,1.1489898954992337
2006-06-06,-0.003550953801672809,1.144909885461727
2006-06-07,-0.010915115017796378,1.1324130623769002
2006-06-08,-0.003709605202673436,1.1282122569891315
2006-06-09,-0.0058526960130762026,1.1216091736107474
2006-06-11,-0.0002714683949264819,1.1213046921686525
2006-06-12,-0.009016514193752347,1.1111944324961927
2006-06-13,-0.017841815243089785,1.0913687067324456
2006-06-14,0.010298336140948954,1.102607988528089
2006-06-15,0.016811575553807523,1.1211445660334607
2006-06-16,0.0064721445116684645,1.128400775683301
2006-06-18,-0.0014375768717387841,1.1267786128261266
2006-06-19,-0.008773152286985397,1.1168932124620847
2006-06-20,0.006219043798223877,1.1238392202683254
2006-06-21,0.013022365350542195,1.138474265189928
2006-06-22,-0.0009129105547952195,1.1374349400168733
2006-06-23,0.0036406661430301427,1.1415759608928921
2006-06-25,0.0011446715332295724,1.1428826903983453
2006-06-26,0.003118263426736191,1.1464464996928643
2006-06-27,-0.008580103166584405,1.1366098704505299
2006-06-28,0.007402283373604835,1.1450233787968411
2006-06-29,0.018684460381310806,1.1664175227536453
2006-06-30,0.001992151122295096,1.1687412027306636
2006-07-02,0.0014343900304462178,1.1704176334600322
2006-07-03,0.007573925810938817,1.1792822897836732
2006-07-04,0.00037238096125886044,1.1797214320563383
2006-07-05,-9.84397086427767e-05,1.179605300622287
2006-07-06,-0.003161447833881844,1.1758760399997992
2006-07-07,-0.006492631581826215,1.1682415100861838
2006-07-09,-0.0015777682123996977,1.166398295767164
2006-07-10,0.00018131581154804386,1.166609782220749
2006-07-11,0.00781332535101626,1.1757248840069179
2006-07-12,-0.002773041107314811,1.1724645505726738
2006-07-13,-0.007213063249127043,1.1640074896120338
2006-07-14,-0.0007155235040894643,1.1631746148942803
2006-07-16,-0.0008512172249704008,1.162184500626434
2006-07-17,-0.004057304917155948,1.1574691637374
2006-07-18,0.006244622564637976,1.1646971217951472
2006-07-19,0.008756326846850614,1.1748955904711718
2006-07-20,-0.010010799348926309,1.1631339464590265
2006-07-21,-0.003832836896939262,1.1586758437529558
2006-07-23,-0.0006194746953857751,1.157958073387596
2006-07-24,0.007345425856457619,1.166463768560551
2006-07-25,0.006709750866760095,1.1742904498426945
2006-07-26,-0.003652921307898186,1.1700008592368027
2006-07-27,0.0013297293274858383,1.1715566436925136
2006-07-28,0.003117510257287669,1.1752089835462183
2006-07-30,-4.754681142253678e-05,1.1751531061062956
2006-07-31,-0.00023309172144688492,1.1748791876458295
2006-08-01,-0.0005973549537506921,1.1741773677430307
2006-08-02,0.006298284768999669,1.1815726711743908
2006-08-03,0.0009949897900215026,1.1827483239183776
2006-08-04,-0.003313557411634723,1.1788292194435592
2006-08-06,0.0003335685467775189,1.1792224397931879
2006-08-07,0.0016363569012893247,1.1811520685706987
2006-08-08,0.0007123741073405547,1.18199349072118
2006-08-09,-0.003615878165023085,1.177719546266882
2006-08-10,0.0005746033440020928,1.1783962678564637
2006-08-11,0.0004535859036439937,1.1789307717924702
2006-08-13,0.0012478624428680642,1.1804019152253313
2006-08-14,0.00018059141973206293,1.1806150856830564
2006-08-15,0.0027700088435104577,1.1838853999111805
2006-08-16,0.0006992258364891187,1.1847132031702405
2006-08-17,-0.0027974809268392726,1.181398990580597
2006-08-18,-0.0007052251536667933,1.180565838295923
2006-08-20,0.0025870052268607254,1.1836199682902475
2006-08-21,-0.0002580210927504024,1.1833145693726281
2006-08-22,-0.0038009690501778293,1.1788168273178183
2006-08-23,-0.003997957265319477,1.174103968018562
2006-08-24,0.0032172769848041794,1.1778813856926356
2006-08-25,0.00012641607155060606,1.1780302888301675
2006-08-27,0.0010176792978143275,1.179229145867308
2006-08-28,0.0011976300833218658,1.1806414261675287
2006-08-29,0.0014128541079799844,1.182309500256541
2006-08-30,0.0007788664046041899,1.1832303614061352
2006-08-31,0.0006545201128605788,1.1840048094758227
2006-09-01,0.005291269663566217,1.1902696982057186
2006-09-03,-0.0031490253552209154,1.1865215087465177
2006-09-04,0.0007530340754858646,1.1874149998739008
2006-09-05,0.008908210479124039,1.1979927426188466
2006-09-06,-0.010785088389433527,1.1850722849998025
2006-09-07,-0.007683267975804016,1.1759670570634506
2006-09-08,-0.0021025563580540254,1.1734945200507598
2006-09-10,0.004359151271977156,1.1786099601804974
2006-09-11,-0.006674689766728271,1.1707431043403167
2006-09-12,0.0006107723152076819,1.1714581618166682
2006-09-13,0.005467084947729301,1.1778626231000309
2006-09-14,-0.007194788285251259,1.1693881508977155
2006-09-15,0.002903983222275164,1.17278403446825
2006-09-17,0.004361847944548004,1.177899540098394
2006-09-18,0.004326936912363966,1.1829962370975022
2006-09-19,-0.014599848604103698,1.1657246711366545
2006-09-20,-0.0007738780682850382,1.1648225423800032
2006-09-21,-0.006819555259262592,1.156878970685008
2006-09-22,-0.002526005909479582,1.153956687568505
2006-09-24,-0.00341291748595256,1.1500183286114707
2006-09-25,0.0008997959210401039,1.1510531104126767
2006-09-26,0.013719946641066074,1.1668454976685716
2006-09-27,0.007264425826665039,1.1753219602375629
2006-09-28,0.0024535593797597533,1.1782056824573413
2006-09-29,0.00029617528011535927,1.1785546378553766
2006-10-01,-0.00013404970534081203,1.178396652953444
2006-10-02,0.004308015830981253,1.1834732043895426
2006-10-03,-0.010200359927509365,1.1714013517402064
2006-10-04,0.014384892270887331,1.1882518339909611
2006-10-05,0.0020637684390184263,1.1907041106235574
2006-10-06,-0.005624847349132243,1.1840065817633156
2006-10-08,-0.00023091846198005153,1.1837331727844806
2006-10-09,0.005063824697475949,1.1897273900600482
2006-10-10,-0.00459507849127049,1.1842604993195078
2006-10-11,-0.0033055355946410105,1.18034588408568
2006-10-12,0.005096094498412939,1.1863610382517933
2006-10-13,0.0059847201982697745,1.193461077119859
2006-10-15,-0.0013173563941097175,1.191888863538794
2006-10-16,0.005166480329245772,1.1980467339069143
2006-10-17,-0.0017157781034189156,1.1959911515540043
2006-10-18,0.0007115331134821113,1.1968421388617665
2006-10-19,0.00564587674463371,1.2035993620605638
2006-10-20,-0.0029334281885660253,1.2000686897641553
2006-10-22,-0.0002503174908371703,1.1997682915809014
2006-10-23,-7.405695449044748e-05,1.1996794403951327
2006-10-24,0.006627815725878132,1.2076306946561963
2006-10-25,0.00897305514260373,1.2184668314712472
2006-10-26,0.0059722536346734755,1.2257438244342307
2006-10-27,-0.00015315016846803987,1.22555610156102
2006-10-30,-0.0008164594058753904,1.2245554847544724
2006-10-31,0.006203360505751602,1.2321518438856998
2006-11-01,0.007095784332258531,1.2408949276345074
2006-11-02,-0.0004434775763245426,1.2403446185595266
2006-11-03,-0.0032611532052119726,1.236299664731144
2006-11-06,0.01192651113251761,1.2510444064456876
2006-11-07,0.005161554271754148,1.2575017400459316
2006-11-08,0.002402809810101351,1.2605232775631336
2006-11-09,0.004009365698970122,1.2655771763549486
2006-11-10,0.0007278434482315158,1.26649831841099
2006-11-13,-0.0007191819528982018,1.2655874756770127
2006-11-14,0.007303318651938376,1.2748304642937842
2006-11-15,0.001546801914246727,1.276802374496294
2006-11-16,-0.0022340804188628414,1.2739498953126742
2006-11-17,0.004190172619722138,1.2792879652829114
2006-11-20,0.00215298775772203,1.2820422566107665
2006-11-21,0.006601218901446002,1.290505298187558
2006-11-22,0.004425182647928383,1.2962160198401573
2006-11-23,-0.0005224152039627603,1.2955388568837727
2006-11-24,0.005355812788627479,1.3024775204616346
2006-11-27,-0.005996833598928667,1.294666779505081
2006-11-28,0.00786888298058947,1.3048543608918632
2006-11-29,0.007311757262885878,1.3143951392421225
2006-11-30,0.010004361334824402,1.3275448231518374
2006-12-01,0.002165223843380278,1.3304192548560818
2006-12-04,0.009719632921157514,1.3433504416445228
2006-12-05,0.004271276380182402,1.3490882626562266
2006-12-06,-0.008136443732797035,1.3381114819165474
2006-12-07,-0.0018714012932833086,1.3356073383587315
2006-12-08,-0.00488289428427841,1.3290857089202193
2006-12-11,-0.0008111291818538018,1.3280076487165293
2006-12-12,0.0018307073872845378,1.330438842129405
2006-12-13,-0.00813912487755678,1.3196102342513618
2006-12-14,0.0002909996295701059,1.319994240340706
2006-12-15,-0.007961403693038356,1.309485233320868
2006-12-18,1.1239964813668213e-05,1.3094999518888144
2006-12-19,0.008736740895098604,1.3209407136706113
2006-12-20,-0.0033835039717265516,1.3164713055194914
2006-12-21,0.0002910385817376411,1.316854449461148
2006-12-22,-0.010738944509014112,1.3027128226019364
2006-12-25,0.0006517300859544177,1.3035618397417845
2006-12-26,0.0037729853748282027,1.3084801594983144
2006-12-27,0.008950705456140335,1.3201919800011874
2006-12-28,8.386958176229641e-06,1.3202030523961081
2006-12-29,0.0008149549212600973,1.321278958370721
2007-01-01,0.0010367324293747231,1.3226487711151145
2007-01-02,0.007111087609670529,1.332054242403337
2007-01-03,-0.011532774138067326,1.316691961686045
2007-01-04,-0.00039234647916300573,1.3161753622307353
2007-01-05,-0.022783870835142325,1.2861877927812735
2007-01-08,0.009290143790337864,1.2981366623175887
2007-01-09,-0.007147747532098479,1.2888579091931816
2007-01-10,-0.0017309467718318416,1.2866269647559136
2007-01-11,-0.0030827931721807583,1.2826605599338206
2007-01-12,0.011009305199660613,1.2967817615056996
2007-01-15,-0.0005833609024283284,1.2960252697270551
2007-01-16,-0.00315494224276472,1.2919363848559027
2007-01-17,0.0034244339742084727,1.2963605357047192
2007-01-18,-0.004480783164000073,1.2905518252418595
2007-01-19,0.0077983447760820775,1.3006159933264976
2007-01-22,-0.002280228493791549,1.2976502916790336
2007-01-23,0.010073024830245064,1.310721555288091
2007-01-24,0.00819191473310144,1.3214588745078493
2007-01-25,-0.013093539301145965,1.3041563007996326
2007-01-26,-0.0004760885351076548,1.3035354069368337
2007-01-29,-0.0057111179693605735,1.296090762450579
2007-01-30,0.00775308665431744,1.3061394664437187
2007-01-31,0.017653484779273025,1.3291973796341907
2007-02-01,0.003450591792913253,1.3337838972035183
2007-02-02,-0.0010140686281244337,1.3324313487966666
2007-02-05,-0.002920913097744548,1.328539432618121
2007-02-06,0.006731944416183956,1.3374830862332148
2007-02-07,0.00431195123279782,1.3432502480757442
2007-02-08,0.007783508000189871,1.3537054471278986
2007-02-09,-0.0050308410388385,1.3468951702099883
2007-02-12,-0.006912977568330077,1.3375841141114344
2007-02-13,0.009960265529744636,1.3509068070563526
2007-02-14,0.013956999447434549,1.3697614126159736
2007-02-15,-0.0021006420966133057,1.366884034130316
2007-02-16,0.0009634907607997255,1.3682010142682852
2007-02-19,0.0019507208667797263,1.3708699925367676
2007-02-20,0.00017195829898982492,1.3711057250088203
2007-02-21,0.012336863275595222,1.3880208688746398
2007-02-22,0.0005271573594164225,1.3887525742906905
2007-02-23,0.0025227673163663155,1.3922560738956307
2007-02-26,0.00395533669980332,1.397762915440234
2007-02-27,-0.042018022027561955,1.339031682469957
2007-02-28,0.01190066876955553,1.3549670549949726
2007-03-01,-0.009301668586733935,1.3423636005034665
2007-03-02,-0.011797498608385403,1.3265270677945795
2007-03-05,-0.016289544273714,1.3049185463934596
2007-03-06,0.019591047883228546,1.330483268119567
2007-03-07,9.315506459902354e-05,1.3306072093743566
2007-03-08,0.008727457432657,1.3422200271537579
2007-03-09,-0.0009831504508428716,1.3409004229289314
2007-03-12,0.0023325490225776517,1.3440281388998083
2007-03-13,-0.012824352193917442,1.326791848688022
2007-03-14,0.009170698692146694,1.338959456959536
2007-03-15,0.000666681263961319,1.3398521161426946
2007-03-16,-5.2481749447237885e-05,1.3397817983596387
2007-03-19,0.00887593168161031,1.3516736100701439
2007-03-20,0.0050503900445438895,1.358500089013915
2007-03-21,0.013970354581681783,1.3774788169566856
2007-03-22,-0.0006784458422310413,1.3765442721805599
2007-03-23,-0.002663147062314123,1.372878332345957
2007-03-25,0.001388541911752822,1.3747846314501566
2007-03-26,0.00319220871502752,1.3791732309319578
2007-03-27,-0.0057682288787257886,1.3712178440725304
2007-03-28,0.002700095704563295,1.3749202634833313
2007-03-29,0.003966047895824271,1.3803732631012455
2007-03-30,-0.0007808694192792488,1.379295371832899
2007-04-01,0.0014071395251642692,1.3812362328674812
2007-04-02,0.0021545474993654007,1.3842121719390388
2007-04-03,0.005020222166574798,1.3911612245678497
2007-04-04,0.007260179307362416,1.4012613045036622
2007-04-05,-0.00038540341534588625,1.4007212536111144
2007-04-08,-0.0013293705750890895,1.3988591759926619
2007-04-09,-0.0008700499636394084,1.397642098617453
2007-04-10,0.005733523941449329,1.4056555130514536
2007-04-11,-0.0015622894744562032,1.403459472238702
2007-04-12,0.007343367797070874,1.4137655913316338
2007-04-13,0.003500910397805392,1.4187150579903862
2007-04-15,-0.0006108880537969497,1.417848381909718
2007-04-16,0.004553621071075629,1.4243047261771729
2007-04-17,0.0010150736365158424,1.42575050035508
2007-04-18,0.003566470755158955,1.4308353978187498
2007-04-19,-0.0008816656878227688,1.4295738793435708
2007-04-20,0.00633373044757953,1.4386284149502335
2007-04-22,0.00011738200241877495,1.4387972840343168
2007-04-23,-8.40638860917191e-05,1.4386763331433228
2007-04-24,0.0018175326565301071,1.4412911743609877
2007-04-25,0.005267235098613252,1.4488827938219033
2007-04-26,-0.004121959686011239,1.4429105573560141
2007-04-27,0.0024527861876071076,1.4464497084410495
2007-04-29,-0.00038956999788067114,1.4458862150311977
2007-04-30,-0.0016717385710896331,1.4434690712761233
2007-05-01,0.0012098780749464802,1.4452154928573238
2007-05-02,0.00023337913548161527,1.4455527759996314
2007-05-03,0.004360836624387819,1.4518565954876963
2007-05-04,0.004445208666266995,1.4583104010081351
2007-05-06,0.0008042838104707216,1.459483296454307
2007-05-07,-0.002568878627370984,1.4557340610070406
2007-05-08,-0.0012245149052376096,1.4539514929512756
2007-05-09,-0.0021720197420692063,1.4507934816045744
2007-05-10,-0.0030854224843606874,1.4463171707762676
2007-05-11,0.005033060088218846,1.4535965720034074
2007-05-13,0.002215969399629756,1.4568176975263736
2007-05-14,0.002836882959357514,1.4609505188273766
2007-05-15,0.0048493344645062,1.4680351565292644
2007-05-16,0.00030064718466556195,1.468476517166065
2007-05-17,-0.001352364211345386,1.4664906020790485
2007-05-18,0.0017697170149500393,1.469085875449812
2007-05-20,0.002462448472965546,1.4727034237204688
2007-05-21,0.004157766568230393,1.4788265807805323
2007-05-22,-0.00534650579149133,1.4709200259017778
2007-05-23,-0.005252606007679684,1.4631938625369096
2007-05-24,-0.00026543425678110196,1.4628054807614805
2007-05-25,0.004652412384744862,1.469611055096648
2007-05-27,-4.353240291255402e-05,1.4695470793960728
2007-05-28,0.0004264750672757041,1.4701738045856232
2007-05-29,-0.004204408691408505,1.4639925930637423
2007-05-30,0.010119794232794969,1.4788078968638834
2007-05-31,0.006072333417082798,1.4877877114734561
2007-06-01,0.004820536288665561,1.4949596461264445
2007-06-03,-0.005395046469825738,1.4868942693650782
2007-06-04,0.00279871128532817,1.49105565713684
2007-06-05,-0.011857949292571208,1.4733747947621099
2007-06-06,-0.008613146836066609,1.4606844013102642
2007-06-07,-0.016229185784047098,1.4369786827895403
2007-06-08,0.001156066643399991,1.4386399259119902
2007-06-10,0.0037188314807942323,1.4439899853579994
2007-06-11,0.002625954783760262,1.447781837767752
2007-06-12,-0.011459890459447399,1.4311904164977562
2007-06-13,0.019362025508906762,1.458901161850089
2007-06-14,0.014214525717026333,1.4796387499338066
2007-06-15,0.009881051509976578,1.4942591366380598
2007-06-17,0.003783123615813678,1.4999121036660206
2007-06-18,0.00010091308133148945,1.5000634644181279
2007-06-19,0.0014346164382580439,1.5022154801226126
2007-06-20,-0.010085151325174646,1.4870654096825562
2007-06-21,0.0043428597875356,1.493523526251702
2007-06-22,-0.0010361383313539092,1.4919760292773736
2007-06-24,-0.002663576146940028,1.4880020375139842
2007-06-25,-0.004778911911391867,1.4808910068527332
2007-06-26,-0.008049694327348832,1.4689702869154488
2007-06-27,0.009690420072360765,1.483205226069476
2007-06-28,0.0037980744323358353,1.4888385499165173
2007-06-29,0.00538711411757557,1.4968590930875634
2007-07-01,0.0010055757609745124,1.4983642983091667
2007-07-02,0.010717590109304688,1.5144231526928602
2007-07-03,0.0017189589357973032,1.5170263839037599
2007-07-04,0.0004228873551239217,1.5176679151789023
2007-07-05,0.003492959231286971,1.5229690673332543
2007-07-06,0.005151018325828558,1.530813908908758
2007-07-08,0.00015998011678647564,1.5310588086966834
2007-07-09,-5.809712262937872e-05,1.5309698585853218
2007-07-10,0.007110150703891183,1.5418552850029783
2007-07-11,0.0053424775657267215,1.550092612272704
2007-07-12,0.006207148715114861,1.5597142676392817
2007-07-13,0.0030092769566577556,1.5644078798438588
2007-07-15,-0.0004962384247288978,1.5636315605419315
2007-07-16,0.00039902351281572037,1.5642554862999685
2007-07-17,-0.0004963361740387075,1.5634790897166793
2007-07-18,0.008219137397197197,1.5763295391727055
2007-07-19,0.000763558984998941,1.57753315975566
2007-07-20,0.0008754716745158894,1.5789142453526357
2007-07-22,0.0002959330145048478,1.5793814982049077
2007-07-23,-0.003967481042602702,1.5731153320517424
2007-07-24,-0.015115409288067375,1.5493370499504462
2007-07-25,-0.011376686288190723,1.531710728378489
2007-07-26,-0.01775959597635231,1.5045081646898426
2007-07-27,-0.00498411612831421,1.4970095212810317
2007-07-29,0.008653074284390654,1.5099632558731166
2007-07-30,0.0030757595500734156,1.5146075397776284
2007-07-31,0.0023694995880922357,1.518196401719253
2007-08-01,0.0028563334071669377,1.5225328768201245
2007-08-02,0.0022013945861651023,1.5258845724524148
2007-08-03,-0.005156677383419768,1.5180160779879404
2007-08-05,0.0003006907333320901,1.5184725313556404
2007-08-06,-0.004587289562863361,1.511506858161058
2007-08-07,0.01323037209925752,1.5315046563251085
2007-08-08,-0.009580240636054924,1.5168324731822753
2007-08-09,-0.015064108800017488,1.4939827437748578
2007-08-10,0.0016098575290653958,1.4963878431432178
2007-08-12,-0.003630514629433782,1.4909551851873795
2007-08-13,-0.01148645739231183,1.4738293919788783
2007-08-14,-0.014049020442765193,1.4531235327218188
2007-08-15,-0.025005828357358963,1.416786975080538
2007-08-16,0.0034685313504129794,1.4217011451204618
2007-08-17,0.006968957561348564,1.431608920065727
2007-08-19,0.0006786414821703818,1.4325804692651287
2007-08-20,0.001979842389660229,1.4354167528047792
2007-08-21,0.0147909410928357,1.4566479174391842
2007-08-22,0.011087153041877013,1.4727979958279638
2007-08-23,0.009571427704681503,1.4868947753686308
2007-08-24,0.011429274516362373,1.503888903933264
2007-08-26,-0.0015279716051871373,1.501591004390698
2007-08-27,-0.009372589711791432,1.487517207991627
2007-08-28,0.0011331996632183395,1.4892028619907545
2007-08-29,0.008836434581692075,1.5023621056596044
2007-08-30,0.0017261554265609541,1.5049554161609482
2007-08-31,0.00956141571544579,1.5193449205280747
2007-09-02,-0.0003841026152474251,1.518761336170637
2007-09-03,0.002768767145411277,1.5229664326599472
2007-09-04,0.004795133366749062,1.5302692598176337
2007-09-05,0.0054948937104629175,1.5386779267487203
2007-09-06,0.00031153402065709596,1.5391572772697368
2007-09-07,0.007505463795006235,1.5507093664891052
2007-09-10,0.007391603744870632,1.562171595649652
2007-09-11,0.011012511211028846,1.5793750278602947
2007-09-12,0.0024651111737807514,1.5832683628890634
2007-09-13,-0.0006053679663790149,1.582309902939989
2007-09-14,0.0005868700815297214,1.5832385132817326
2007-09-16,-0.002544609830415948,1.5792097889969428
2007-09-17,0.012690488366485607,1.5992507324524485
2007-09-18,0.01509563848149974,1.6233924433508244
2007-09-19,0.003244584730482982,1.628659677684102
2007-09-20,0.0027753565041171036,1.6331797889135558
2007-09-21,0.006003364235342426,1.6429843620482036
2007-09-23,-0.002746089166104542,1.638472580491504
2007-09-24,0.004152944934999683,1.6452770668957921
2007-09-25,0.001048575615344707,1.6470022643086248
2007-09-26,0.004315247151611126,1.6541094861383796
2007-09-27,0.01684807390905705,1.6819780450145114
2007-09-28,0.0009146439287389171,1.683516456021656
2007-09-30,0.0032439926509453027,1.6889777710327358
2007-10-01,0.0011897455699763238,1.6909872248536104
2007-10-02,-0.012447849140404805,1.669938070980281
2007-10-03,-0.00348565787677624,1.66411723818944
2007-10-04,0.009067360061856825,1.6792063883732467
2007-10-05,0.0032533408707229312,1.6846694191469205
2007-10-07,-0.004302909682528226,1.677420438791414
2007-10-08,-0.002409353790527274,1.6733789394989038
2007-10-09,0.006274029203479066,1.6838777678338068
2007-10-10,0.006174810634010639,1.6942753941810011
2007-10-11,0.0010574234831499567,1.6960669607697314
2007-10-12,0.0023803574444519067,1.7001042063860885
2007-10-14,0.0005587916986904898,1.7010542105035258
2007-10-15,0.004970817998929963,1.7095098413902525
2007-10-16,0.0023551735175453056,1.713536033696678
2007-10-17,0.008382024669348133,1.7278989350029408
2007-10-18,0.013782485980492398,1.7517136778503266
2007-10-19,-0.00462624068773403,1.7436098287605952
2007-10-21,-0.005615671580916248,1.7338182885970181
2007-10-22,0.0003722928076153892,1.7344637766755746
2007-10-23,0.005457673598096628,1.743929913836392
2007-10-24,0.007749316560088207,1.7574441787973174
2007-10-25,0.010011689641049313,1.775039164476905
2007-10-26,0.012732359232271005,1.7976396007703752
2007-10-29,0.00936335960166147,1.8144715467865755
2007-10-30,-0.008103264778564977,1.7997684034097916
2007-10-31,0.011195166086601985,1.8199171096033828
2007-11-01,-0.006618878318758134,1.807871299704692
2007-11-02,0.010893335762724358,1.827565048788168
2007-11-05,-0.0048200456373325914,1.818756101847815
2007-11-06,0.019919131503042135,1.854984143812482
2007-11-07,0.004063408681110652,1.862521702485772
2007-11-08,0.0007488605187848014,1.8639164714541436
2007-11-09,0.005246678171761312,1.8736958413189084
2007-11-12,-0.025699973330713603,1.8255419081671436
2007-11-13,0.005447546301596218,1.8354866322373884
2007-11-14,0.01623284329341212,1.8652817991056505
2007-11-15,-0.008538267469286936,1.8493555241992936
2007-11-16,-0.000166121705585249,1.8490483061053802
2007-11-19,-0.00022975174812944413,1.8486234840246767
2007-11-20,0.016839252915630876,1.879752922417943
2007-11-21,-0.0018576000711260539,1.8762610932555601
2007-11-22,0.0019866794808708014,1.879988622670287
2007-11-23,0.00474509482199693,1.888909346949133
2007-11-26,-0.0029620282872786343,1.8833143440313647
2007-11-27,-0.01195393675112471,1.860801323480328
2007-11-28,0.008706206459688674,1.8770018439830098
2007-11-29,0.002064932637483466,1.880877726351267
2007-11-30,-0.00928246905333136,1.863418537063311
2007-12-03,0.005275242293703889,1.8732485213408991
2007-12-04,0.0026027205162776164,1.8781240636994796
2007-12-05,-0.003093404804834547,1.8723142656967562
2007-12-06,0.006554001473998278,1.8845854161539206
2007-12-07,-0.002129008070391283,1.8805731185935872
2007-12-10,0.004040771453609332,1.888172084767625
2007-12-11,0.0008631851184200707,1.8898019268122126
2007-12-12,0.004410506016512274,1.8981369095804344
2007-12-13,-0.015705186889607477,1.8683263146734117
2007-12-14,-0.01451406965427909,1.8412092964053193
2007-12-17,-0.006582557048320022,1.8290894311738342
2007-12-18,0.005363969988439478,1.8389006119888227
2007-12-19,0.005673822597654122,1.8493342078359647
2007-12-20,-0.0020473585069346796,1.8455479577133864
2007-12-21,0.006420703260029954,1.8573976735020181
2007-12-24,0.0014578415649729656,1.8601054650331332
2007-12-25,-0.0001222541698673682,1.85987805938364
2007-12-26,0.007281435390626585,1.8734206413074859
2007-12-27,0.008658463620575827,1.8896415857762825
2007-12-28,0.011396230349793295,1.9111763765663374
2007-12-31,-0.0013074713679413078,1.908677568174891
2008-01-01,-9.247386878867764e-05,1.9085010653758918
2008-01-02,0.015782657978689826,1.9386222849426844
2008-01-03,0.0051533380272255295,1.9486126608841063
2008-01-04,-0.0051261630595279785,1.9386237546445537
2008-01-07,-0.006445517068153904,1.9261283221452636
2008-01-08,0.03206225363844696,1.9878843369500814
2008-01-09,-0.02758200435135974,1.9330545025183243
2008-01-10,0.00831687266282782,1.9491314706660752
2008-01-11,0.0035647878694837288,1.9560797108887347
2008-01-14,0.010627396014635504,1.9768677446125429
2008-01-15,-0.008162075288942207,1.960732401244734
2008-01-16,-0.013271524525550981,1.934710493093572
2008-01-17,-0.004365627742233579,1.9262642672917323
2008-01-18,-0.0023968808511227587,1.9216472413552588
2008-01-21,-0.0116759267038791,1.8992102290144834
2008-01-22,0.01300335053683665,1.9239063253655044
2008-01-23,-0.004670138909340186,1.9149214155774892
2008-01-24,0.015918290142482285,1.9454036902707046
2008-01-25,0.0034805157339276335,1.9521746984235329
2008-01-28,0.008594545996619928,1.9689527536625715
2008-01-29,0.0019825394046013418,1.9728562800825058
2008-01-30,0.0032982659979903504,1.9793632848700236
2008-01-31,0.006339449434697985,1.9919113583273549
2008-02-01,-0.0011211397990534072,1.9896781472273477
2008-02-04,-0.00019833754920839603,1.9892835193399132
2008-02-05,-0.007071592441513519,1.9752161170405216
2008-02-06,-0.0018640412768465863,1.9715342326676655
2008-02-07,-0.0030602782531659405,1.9655007893300604
2008-02-08,0.017242234488389418,1.9993904148268038
2008-02-11,-0.0025382240343651916,1.994315514021811
2008-02-12,-0.0014345604061942162,1.9914545479479364
2008-02-13,0.00037418313950593837,1.9921997166628709
2008-02-14,0.0015893494111605185,1.9953660181094632
2008-02-15,-0.001010579527228468,1.9933495420622345
2008-02-18,0.00280156193746316,1.9989340342673354
2008-02-19,0.007191553930622472,2.0133094761785255
2008-02-20,0.004559132252203117,2.0224884203450375
2008-02-21,0.006265822622385719,2.0351609740427485
2008-02-22,0.003913745028847929,2.0431260751878138
2008-02-25,-1.5802179260064999e-07,2.043125752329369
2008-02-26,0.010747393253990515,2.065084028257008
2008-02-27,0.0074293264983335645,2.0804262117494234
2008-02-28,0.00760658417635181,2.096251148851784
2008-02-29,-0.001597625560837281,2.0929021244344437
2008-03-03,0.005217471206780761,2.103821781007291
2008-03-04,-0.004239699795540583,2.0949022082325004
2008-03-05,0.006249655899488305,2.1079946261770317
2008-03-06,0.006754984573053103,2.122234097356936
2008-03-07,-0.00407549603942752,2.11358494069842
2008-03-10,0.005323881395277862,2.1248374162415438
2008-03-11,-0.00660652136429922,2.110799632455482
2008-03-12,0.01462920194356218,2.1416789465410697
2008-03-13,0.0005175949699862262,2.142787468791125
2008-03-14,0.007958968764093912,2.1598418473233254
2008-03-17,-0.0007376379335735698,2.15824866604622
2008-03-18,-0.00841888441444962,2.140078619989137
2008-03-19,-0.005801046920876508,2.1276639235002155
2008-03-20,-0.018304215975543797,2.088718703521095
2008-03-21,0.0010578460195607973,2.0909282462875964
2008-03-24,-0.007502631829966746,2.0752407814728224
2008-03-25,0.010728107397627857,2.0975041874523996
2008-03-26,0.011434113215810109,2.121487287802366
2008-03-27,0.00043250635772262966,2.122404844542168
2008-03-28,-0.003528659457145738,2.1149156006155825
2008-03-30,-0.0018098803526535082,2.111087856422508
2008-03-31,-0.004039742556739153,2.1025596049679027
2008-04-01,-0.012310860823401425,2.076675286298237
2008-04-02,0.006748928447641712,2.0906906192144494
2008-04-03,0.005389426309984336,2.1019582422436813
2008-04-04,0.004699987340609693,2.111837419372717
2008-04-06,-0.0007040989152249468,2.1103504769366053
2008-04-07,-0.010470964827842643,2.088253071318181
2008-04-08,0.01351347075707202,2.116472618130805
2008-04-09,0.006401719331186191,2.1300216818042195
2008-04-10,-7.130356040979197e-05,2.129869803674557
2008-04-11,0.0018148622732907338,2.133735224028267
2008-04-13,-0.0002044924856791528,2.1332988912085247
2008-04-14,-0.0015562459625796123,2.1299789534221056
2008-04-15,0.004180939803985775,2.1388842672101203
2008-04-16,-0.0003252741193599668,2.1381885435136905
2008-04-17,-0.004744392310003346,2.128044138230507
2008-04-18,-0.0030921292059555533,2.121463950799122
2008-04-20,0.0012506990946431567,2.124117263841705
2008-04-21,0.002515227850764439,2.1294599027420094
2008-04-22,9.09717964783405e-05,2.12965362353489
2008-04-23,-0.006410003220408297,2.1160025369496775
2008-04-24,-0.007381867963112227,2.1003824856123043
2008-04-25,0.0015566318384882183,2.1036520078624115
2008-04-27,-0.0005061923205541845,2.1025871553709132
2008-04-28,-0.0014301507782098028,2.0995801387144053
2008-04-29,0.00018366684790031092,2.099965761980397
2008-04-30,0.007629644330854238,2.1159877538512792
2008-05-01,-0.011324235754810905,2.0920258096723745
2008-05-02,0.0031641501166762027,2.098645293382139
2008-05-04,-0.0004791685912743876,2.097639688473324
2008-05-05,0.007652728840302766,2.1136923562138676
2008-05-06,-0.003651968103518155,2.1059732191483245
2008-05-07,-0.0020957455501017866,2.101559635145661
2008-05-08,0.011722724572470488,2.126195639921095
2008-05-09,0.002740911524863724,2.13202335405467
2008-05-11,0.0002968723761135421,2.1326562928937176
2008-05-12,-0.0008630062955402512,2.130815797086727
2008-05-13,-0.004111353390695673,2.1220552603344265
2008-05-14,-0.0019365368405962762,2.117945822145008
2008-05-15,0.010578573392873715,2.1403506674666994
2008-05-16,0.0056380908053949245,2.1524181588852644
2008-05-18,-0.0016665171953697856,2.148831117011856
2008-05-19,0.0036977012945041323,2.1567768526149016
2008-05-20,0.00912223554347036,2.1764514790791596
2008-05-21,0.0017956178725193064,2.1803595542536653
2008-05-22,-0.002472142729350364,2.1749693942342474
2008-05-23,0.0029035076518431546,2.181284434512931
2008-05-25,-0.0013802762713560864,2.1782736593668948
2008-05-26,-0.002718488248732197,2.172352048021383
2008-05-27,-0.00767735952624104,2.155674120331157
2008-05-28,0.0007574283019617422,2.1573068889197025
2008-05-29,-0.006335018991432656,2.1436403088080476
2008-05-30,0.003975650057057638,2.1521626725240712
2008-06-01,-2.18283376202165e-05,2.1521156943906417
2008-06-02,0.004815134241639607,2.162478420362672
2008-06-03,-0.00576113842883377,2.150020082833597
2008-06-04,-0.0034693522375440536,2.1425609058484536
2008-06-05,0.008357556370234132,2.160467479395742
2008-06-06,0.01355622054282225,2.189755253022026
2008-06-08,-0.002316561572697949,2.1846825501492617
2008-06-09,-0.010696990736643553,2.161313021147808
2008-06-10,-0.0055918256846095174,2.149227335483673
2008-06-11,0.0069561492739641404,2.1641776816529816
2008-06-12,-0.005875692281296419,2.1514616395535393
2008-06-13,-0.0033122422291874216,2.1443354774565333
2008-06-15,0.0027318234035588074,2.1501934232989304
2008-06-16,0.004741512463069814,2.160388592213513
2008-06-17,0.00705100673644638,2.1756215067305527
2008-06-18,0.005581517534798156,2.187764776319453
2008-06-19,-0.0029542446620181343,2.1813015839072603
2008-06-20,0.0031075127012814116,2.188080006284577
2008-06-22,-0.004159777157692982,2.17897808105523
2008-06-23,0.0014836192568756324,2.1822108548965935
2008-06-24,0.00468278049322056,2.1924296693199974
2008-06-25,0.005078028182803006,2.2035628889696177
2008-06-26,0.011559489075822821,2.229034950112551
2008-06-27,0.005347475587470581,2.240954660091896
2008-06-29,0.0014746804906274826,2.244259352209514
2008-06-30,-0.0008945104786080525,2.2422518387022485
2008-07-01,0.0016762257766200403,2.246010359031955
2008-07-02,-0.0004226379909665203,2.2450611097261235
2008-07-03,-0.005445977545497851,2.2328345573342845
2008-07-04,0.0006101716683807705,2.2341969697213515
2008-07-06,0.0005442901460970594,2.2354130211164107
2008-07-07,-0.011826900955728137,2.208975012720522
2008-07-08,0.006576906563455438,2.2235032349801926
2008-07-09,0.007267435250932028,2.239662400770649
2008-07-10,0.011960570413651846,2.266450040617875
2008-07-11,0.0023152102842040026,2.271697349060548
2008-07-13,0.000932878725705255,2.2738165671887276
2008-07-14,0.008347264728074396,2.2927967160181333
2008-07-15,-0.0009187532970626655,2.290690201475797
2008-07-16,-0.009671706225505824,2.2685353187934783
2008-07-17,-0.010918612591438434,2.243766060497577
2008-07-18,-0.00415914409734431,2.234433914131237
2008-07-20,0.003343112559126873,2.241903878212108
2008-07-21,0.0012671429590944252,2.244744690926351
2008-07-22,-0.012517111260814786,2.2166469718779025
2008-07-23,-0.006189787038217048,2.2029263991830694
2008-07-24,0.005585906013045723,2.2152317390025633
2008-07-25,-0.003082664594346997,2.2084029225524664
2008-07-27,0.0018895440664515677,2.2125757971911093
2008-07-28,0.0013418916985012742,2.215544834285665
2008-07-29,-0.003439817097298688,2.2079237652848573
2008-07-30,0.002293709374587484,2.2129881007236656
2008-07-31,0.005013395452927387,2.2240826852052162
2008-08-01,-0.004036505577791069,2.2151051630409166
2008-08-04,-0.0076282480987017055,2.1982077912925257
2008-08-05,-0.007791852693558837,2.181079679992941
2008-08-06,0.0016259535715794132,2.1846260142885248
2008-08-07,-0.009099561439873484,2.1647468756483605
2008-08-08,-0.008851491726876003,2.145585636587778
2008-08-11,-0.011648184075562954,2.1205934601429197
2008-08-12,0.0023452506002714377,2.1255667832282517
2008-08-13,0.0059996279872718454,2.138319393189723
2008-08-14,-0.00297203823189804,2.1319642262011542
2008-08-15,-0.004861243710280846,2.12160022851599
2008-08-18,0.004346105774234699,2.130820927519761
2008-08-19,0.006599355955580265,2.144882973298064
2008-08-20,0.004456683794549148,2.154442038486366
2008-08-21,0.008739832925283705,2.1732715019499445
2008-08-22,-0.008550379238162202,2.154689206420782
2008-08-25,-0.01927252344877326,2.113162908165219
2008-08-26,0.005738229558258532,2.125288722026268
2008-08-27,0.0027950024039274345,2.131228909113371
2008-08-28,-0.002472282620384184,2.1259599089213097
2008-08-29,-0.0007867143947357616,2.12428738565833
2008-08-31,-0.001418265685182737,2.1212745817537844
2008-09-01,-0.0052437983672301855,2.110151045565537
2008-09-02,-0.00641491402369892,2.096614608031216
2008-09-03,-0.0037527544003222385,2.0887465283351467
2008-09-04,-0.006728591975515365,2.0746922052057055
2008-09-05,-8.521586398548041e-07,2.074690437238818
2008-09-07,0.009686227897621504,2.0947863616309292
2008-09-08,-0.018581072982337805,2.0558629833630593
2008-09-09,-0.012705419083930932,2.029742382580291
2008-09-10,-0.005040346069428681,2.0195117785403
2008-09-11,0.004142063283768998,2.0278767241293307
2008-09-12,0.004931085305132472,2.037876357244305
2008-09-14,0.007037809110351725,2.0522185420370898
2008-09-15,-0.0014065988499046365,2.0493318937961074
2008-09-16,-0.006047478097715681,2.036938604053425
2008-09-17,0.014339153234886153,2.0661465788270026
2008-09-18,0.0013268807115334306,2.0688881088696487
2008-09-19,0.005030265987322811,2.079295166355272
2008-09-21,0.013600447178081631,2.1075745104329275
2008-09-22,0.004484264315105216,2.1170254316014874
2008-09-23,-0.00812853641031723,2.099817113299147
2008-09-24,-0.0007752375738151267,2.0981892561747775
2008-09-25,-1.7170071669976106e-05,2.0981532301148715
2008-09-26,-0.0029293289307225166,2.0920070491568072
2008-09-28,-0.005419440855504228,2.080669540684604
2008-09-29,-0.005573415219005503,2.0690731054008316
2008-09-30,-0.00862150952083995,2.0512345719233043
2008-10-01,-0.005703199825043236,2.039535971271589
2008-10-02,-0.0017680476140941315,2.035929974563723
2008-10-03,0.0035491985896184634,2.043155894358007
2008-10-05,-0.003379002947198029,2.036252064569386
2008-10-06,0.007304085247035565,2.0511250232334532
2008-10-07,-0.009726433621016722,2.0311748918465664
2008-10-08,0.03302992712448114,2.0982644505013344
2008-10-09,-0.01228275129163122,2.072491990111755
2008-10-10,-0.010606488587391492,2.0505101274711746
2008-10-12,0.00918753458352808,2.0693492601811907
2008-10-13,-0.014638646753122778,2.0390567873525622
2008-10-14,-0.006949844651309445,2.024885659445264
2008-10-15,0.009719979148099658,2.044567505832358
2008-10-16,-0.0026871572626976396,2.039073431409985
2008-10-17,0.0025421931306050674,2.044257149880115
2008-10-19,-0.0051072383718676305,2.0338166413222822
2008-10-20,-0.01183789558330868,2.0097405322867132
2008-10-21,-0.011472190256320743,1.9866844065344809
2008-10-22,0.01552409564741158,2.0175258852827436
2008-10-23,0.00543734225213492,2.0284958640235673
2008-10-24,0.006820173886000608,2.0423305585432407
2008-10-27,0.012318702227123337,2.0674894205432897
2008-10-28,-0.023644751582275258,2.0186041467955613
2008-10-29,0.01376095724868914,2.046382072161642
2008-10-30,-0.019077036466932245,2.0073431667457378
2008-10-31,-0.004679670927542341,1.997949461286717
2008-11-03,-0.0013925646555197793,1.9951671874834145
2008-11-04,0.0038239331355992452,2.0027965734026925
2008-11-05,0.004231424082934845,2.011271255056608
2008-11-06,0.0028899488661357727,2.0170837261396506
2008-11-07,-0.002546309051845633,2.011947607589451
2008-11-10,0.0019829072642395546,2.0159371131158097
2008-11-11,0.003209953629791243,2.0224081777694867
2008-11-12,0.007127135951302741,2.036822155801476
2008-11-13,-0.006012768956726777,2.0245752147726996
2008-11-14,0.006605035999480502,2.0379476069499294
2008-11-17,0.0011231752739053224,2.04023657931157
2008-11-18,0.0018795314592366511,2.0440712681466713
2008-11-19,0.009870697055176717,2.064247676393738
2008-11-20,0.009407451373140653,2.08366698603153
2008-11-21,0.0024495146054905504,2.088770958746793
2008-11-24,-0.008200868232735034,2.071641223345747
2008-11-25,0.001937461408524738,2.0756549482682884
2008-11-26,0.0012405531451089406,2.0782299085425238
2008-11-27,-0.0005570478578608818,2.0770722350238278
2008-11-28,-0.00029520601839455314,2.0764590707994084
2008-12-01,0.014149656946909575,2.1058402543155186
2008-12-02,-0.0016434956445908909,2.102379315029347
2008-12-03,0.0011544264528912753,2.1048063573246285
2008-12-04,0.006853980157130708,2.119232658332334
2008-12-05,0.0016234833605334854,2.122673197290236
2008-12-08,-0.02948374273073098,2.0600888468399123
2008-12-09,0.02060276791342891,2.1025323792323984
2008-12-10,-0.005669586035792536,2.090611891015301
2008-12-11,-0.002503446085146392,2.0853781568611782
2008-12-12,0.0011951578774592833,2.0878705129928328
2008-12-15,0.0003510365826890783,2.0886034319228113
2008-12-16,-0.001313883857792473,2.0858592495882777
2008-12-17,0.0015469777658373015,2.089086027470057
2008-12-18,0.0034386865126961787,2.09626973941658
2008-12-19,0.003537745024975761,2.1036858072582083
2008-12-22,0.001262749728699932,2.1063422359405934
2008-12-23,0.0008289405934766706,2.108088268523719
2008-12-24,0.00031149736564885905,2.1087449324659198
2008-12-25,-3.7431627201542765e-05,2.1086659987117446
2008-12-26,-0.0011372945648822665,2.1062678243322575
2008-12-29,0.0003783837679008071,2.1070648018878364
2008-12-30,-0.0009955660037104341,2.104967079803462
2008-12-31,-0.0036084639298331715,2.097371382022505
2009-01-01,-0.00012945934600377306,2.0970998576950617
2009-01-02,-0.0064110176256425705,2.083655313544646
2009-01-05,-0.0015128231667551357,2.0805031115147834
2009-01-06,-0.002904943252814424,2.074459368038529
2009-01-07,0.006466436094885588,2.087873726973387
2009-01-08,2.039196101733486e-05,2.0879163028130363
2009-01-09,0.004605290845804592,2.097531764649187
2009-01-12,0.008616458848277017,2.115605060782241
2009-01-13,-0.00022475355525509706,2.1151295710233144
2009-01-14,0.005734754590740855,2.127259320040752
2009-01-15,-0.0005860380451222448,2.126012665147367
2009-01-16,-0.004508377413275507,2.116427797667479
2009-01-19,0.0013753640211650233,2.1193386563137846
2009-01-20,0.004378406243769877,2.128617981919252
2009-01-21,-0.003298007108798852,2.1215977846829652
2009-01-22,0.0003269066046308148,2.122291349011148
2009-01-23,-0.0038392224837591926,2.114143400346937
2009-01-26,-0.002273452252770717,2.109336996270738
2009-01-27,0.002650352761974808,2.1149274834047396
2009-01-28,-0.0038780337144664672,2.1067257233204444
2009-01-29,-0.00038092186425154245,2.1059232254304505
2009-01-30,0.0011256258984227718,2.1082937071530847
2009-02-02,0.0070820970749007894,2.1232248478495452
2009-02-03,-0.0031494884198742332,2.1165377757784536
2009-02-04,-0.0012987204469984857,2.113788984892205
2009-02-05,-0.0027077929954144784,2.1080652818851298
2009-02-06,-0.0045905687751196,2.098388063226194
2009-02-09,0.0013722144195613415,2.1012675015843882
2009-02-10,0.005732094721959884,2.113312165939646
2009-02-11,0.0009322029904001708,2.115282201860384
2009-02-12,0.0004807964349895266,2.1162992220020356
2009-02-13,-0.001414007244564609,2.113306759570458
2009-02-16,0.000825603767883701,2.115051513593854
2009-02-17,0.009100211674937147,2.1342989300709543
2009-02-18,-0.0008295238221179553,2.1325284782649394
2009-02-19,-0.0008956550241571706,2.130618468419223
2009-02-20,0.001840474113828204,2.134539816556793
2009-02-23,0.002114145623565835,2.1390525445682935
2009-02-24,-0.002564020419075751,2.1335679701665446
2009-02-25,0.000505673594297753,2.1346468591506973
2009-02-26,-0.0016796057382514632,2.1310614940369272
2009-02-27,0.0029748483255412628,2.1374010787540882
2009-03-02,0.014679321657648505,2.1687766767005243
2009-03-03,0.0002456371216852607,2.169309408760967
2009-03-04,-0.008406155234592545,2.15107385711906
2009-03-05,0.0055222548195849345,2.162952635093819
2009-03-06,-0.0024663294397933616,2.1576180813330086
2009-03-09,0.0030611624198997444,2.1642229007200813
2009-03-10,-0.006173202686639512,2.1508627140948695
2009-03-11,0.002570019764320632,2.1563904737804336
2009-03-12,-0.0070715647688144815,2.1411414188782407
2009-03-13,-0.00041178747739041354,2.1402597236546246
2009-03-16,-0.00429421523820462,2.1310689877355915
2009-03-17,-0.001828693519275437,2.127171915688591
2009-03-18,0.002234621504243707,2.131925339794612
2009-03-19,-0.0034205769555452617,2.1246329251063676
2009-03-20,0.0020124932550479244,2.1289087345375965
2009-03-23,-0.007994967493474675,2.1118881784083943
2009-03-24,0.0033727150158096397,2.119010975379423
2009-03-25,-0.001983102009360584,2.114808760456291
2009-03-26,-0.0025752315923657306,2.109362638124552
2009-03-27,0.00668133894197077,2.1234560048613917
2009-03-29,0.002055534841387913,2.1278208426635388
2009-03-30,0.006227305360966778,2.141071432804234
2009-03-31,-0.001403183349378758,2.138067117019893
2009-04-01,-0.006500515326391215,2.124168578956852
2009-04-02,-0.011016977792937553,2.1007666608940285
2009-04-03,-0.004889329712326499,2.0904953200402545
2009-04-05,0.001077111821829558,2.0927470172629494
2009-04-06,0.0009067061936920699,2.094644523945332
2009-04-07,0.005210527001425188,2.1055587257957367
2009-04-08,-0.0012582962005718654,2.102909309250987
2009-04-09,-0.005113615976897202,2.0921558386092354
2009-04-12,-0.0014599583723550811,2.089101378176386
2009-04-13,0.004089386948334791,2.0976445220860485
2009-04-14,0.004357775719549527,2.106785586452641
2009-04-15,0.0002982149004681094,2.107413861306613
2009-04-16,-0.0012559728047126491,2.104767006808537
2009-04-17,-0.0011269164088110277,2.1023951103318406
2009-04-19,0.00445096240011151,2.111752791918106
2009-04-20,0.008736424182554806,2.1302019600769966
2009-04-21,-0.00349839077120243,2.122749681199066
2009-04-22,-0.0006478282602531461,2.1213745039661416
2009-04-23,-0.001519407320183385,2.118151272015965
2009-04-24,-0.0023241389384856715,2.1132283941670695
2009-04-26,0.00328684593817691,2.120174250330878
2009-04-27,0.0008476839286597666,2.1219714879688416
2009-04-28,-0.0032754540717830397,2.1150210678183665
2009-04-29,-0.005151220289411519,2.1041261283812878
2009-04-30,-0.0016473792767698026,2.1006598346016827
2009-05-01,-0.00334076726582922,2.0936420189896032
2009-05-03,-0.0031903047184488518,2.086962662977678
2009-05-04,-0.003396452764518881,2.07987439287156
2009-05-05,-0.00011213077577944849,2.0796411749423633
2009-05-06,-0.004228734209204807,2.0708469251630137
2009-05-07,-0.001891081924236113,2.066930783974978
2009-05-08,-0.0034777760205797837,2.0597424616582716
2009-05-10,0.0007679485065911239,2.0613242378056644
2009-05-11,0.0055046292615147235,2.072671063522559
2009-05-12,0.005776639725535536,2.084644137526071
2009-05-13,0.004338832346819563,2.093689058941577
2009-05-14,0.0001676960946468593,2.0940401624201663
2009-05-15,0.0031219931065931874,2.100577741372171
2009-05-17,-0.00254801974757655,2.095225427805835
2009-05-18,-0.010332985829110651,2.073575493151525
2009-05-19,3.578123642649462e-06,2.073582912661022
2009-05-20,0.0025916533801523377,2.078956920825646
2009-05-21,3.006782893389461e-05,2.079019430546703
2009-05-22,-0.0019116810124917862,2.0750450085767254
2009-05-24,-0.00034368755714656767,2.0743318414267584
2009-05-25,0.0005211388087918027,2.0754128562516385
2009-05-26,-0.004161772031832411,2.066775461071985
2009-05-27,-0.004832929042978626,2.0567868819208543
2009-05-28,-0.0034352089946299595,2.0497213891240427
2009-05-29,0.001977544828792395,2.05377480505757
2009-05-31,-0.0017264392681420094,2.050229087586198
2009-06-01,-0.014250857318370514,2.0210115653890344
2009-06-02,0.0023794382198172887,2.0258204375504136
2009-06-03,0.011091984132678371,2.0482908056993785
2009-06-04,-0.013832428183427533,2.019957970230767
2009-06-05,0.00162976799305305,2.0232500330779617
2009-06-07,0.0033329452106081554,2.029993414585572
2009-06-08,-0.003919510178719553,2.02203683473437
2009-06-09,0.0008588544584603537,2.023773470085053
2009-06-10,-0.0023556465994983115,2.0190061749920925
2009-06-11,-0.0008869957552057262,2.0172153250851403
2009-06-12,0.005646809488582395,2.028606155723345
2009-06-14,0.007449083326073694,2.043717412013114
2009-06-15,0.012911633405718435,2.070105142021911
2009-06-16,0.004738290769517083,2.079913902108283
2009-06-17,-0.008244408653054458,2.0627662419361332
2009-06-18,-0.0006901249585505626,2.0613426754689175
2009-06-19,0.001278265095547201,2.0639776178609313
2009-06-21,0.008194184054665713,2.0808902303463945
2009-06-22,0.011055145927982157,2.103894775502986
2009-06-23,-0.0043001766077741,2.09484765640415
2009-06-24,-0.0033007910198430556,2.087933002071952
2009-06-25,-0.004488098748250277,2.078562152578922
2009-06-26,0.0019663903019762298,2.0826494170378083
2009-06-28,-0.0003872406626342045,2.08184293049752
2009-06-29,-0.0004798337005284649,2.08084399210026
2009-06-30,-0.0005394208267984566,2.0797215415136026
2009-07-01,0.008671422770620558,2.097755686245234
2009-07-02,0.005918983201767247,2.1101722669135308
2009-07-03,0.0005185508345243055,2.1112664985035288
2009-07-05,-9.5083025580782e-05,2.111065752897044
2009-07-06,0.009225207218022023,2.130540771918389
2009-07-07,0.016913001363775406,2.166574610899424
2009-07-08,-0.0046276489864348815,2.15654846409726
2009-07-09,0.006567536850725774,2.1707116756055953
2009-07-10,0.0036809628912480422,2.178701984731098
2009-07-12,-0.004217967333461083,2.1695122909301556
2009-07-13,-0.00589591106562017,2.1567210394070617
2009-07-14,-0.007246019230349271,2.1410933972810193
2009-07-15,-0.01649544978659409,2.105775098657762
2009-07-16,0.00305324085695569,2.1122045372245437
2009-07-17,-0.005586892017885711,2.100403878555382
2009-07-19,-0.003378636772113431,2.093307376775005
2009-07-20,0.0006598331270951054,2.094688610327393
2009-07-21,0.002717406528215581,2.1003807308316755
2009-07-22,-0.005417161093601566,2.0890026300548636
2009-07-23,-0.010895791904156953,2.0662412921105493
2009-07-24,0.00024823542206892394,2.066754206389793
2009-07-26,-0.0024056524039345185,2.0617823141648493
2009-07-27,0.0020119998987080125,2.065930619972107
2009-07-28,0.001792899169556222,2.0696346252650155
2009-07-29,-0.0006822502177719675,2.06822261659122
2009-07-30,-0.0059608889125264755,2.0558941713273446
2009-07-31,0.003974904602128496,2.0640661545304426
2009-08-02,-0.006223816949174825,2.0512197846136577
2009-08-03,-0.010695904345677605,2.0292801340054685
2009-08-04,0.0020663675137267043,2.0334733725506284
2009-08-05,-0.0038405517182698713,2.025663712895623
2009-08-06,0.003023767083308957,2.03178884815253
2009-08-07,-0.005822184522394147,2.0199593985680435
2009-08-09,0.0036118646076376765,2.027255218428597
2009-08-10,0.002379758606913929,2.0320795964830634
2009-08-11,0.004855842712459374,2.041947055382783
2009-08-12,-0.0032603648004165308,2.035289563079099
2009-08-13,0.0032953920511196323,2.0419966401269964
2009-08-14,0.005137693820537729,2.0524877936465353
2009-08-16,-0.00010983256551762733,2.0522623636464656
2009-08-17,0.0058284362445142944,2.0642238439899954
2009-08-18,0.0001356235279996178,2.0645038013102983
2009-08-19,-0.0026152559176599874,2.05910459552689
2009-08-20,-0.0036087787784870955,2.0516737425598675
2009-08-21,-0.005363571239829378,2.0406694442807605
2009-08-23,-0.001819147903564597,2.0369571647393285
2009-08-24,0.003325163503144849,2.043730380360989
2009-08-25,0.006961505677546237,2.057957821007246
2009-08-26,-0.0005003350234005126,2.056928152632715
2009-08-27,-0.00430496958099065,2.0480731395053478
2009-08-28,0.002638671222168144,2.0534773311594563
2009-08-30,0.005616460149947272,2.0650106047587338
2009-08-31,0.012746970164760639,2.0913332333275076
2009-09-01,0.008004646485375496,2.108073616543412
2009-09-02,0.006767580374416711,2.122340174178557
2009-09-03,-0.0025915164734800896,2.1168400946548442
2009-09-04,-0.005695398015212505,2.104783847781225
2009-09-06,-0.0009395852835462366,2.102806223852804
2009-09-07,-0.0032188927988426137,2.096037516041483
2009-09-08,-0.0070650626303461845,2.0812288797150944
2009-09-09,-0.002988394986945597,2.0750093457642675
2009-09-10,0.0027836262672630632,2.0807853962839533
2009-09-11,0.005942315829679943,2.093150080282458
2009-09-13,-0.0016500858967714535,2.089696202855158
2009-09-14,-0.0062266815846157095,2.0766843299913984
2009-09-15,-0.004532973466973283,2.0672707750242685
2009-09-16,-0.004791797464194898,2.057364832166703
2009-09-17,0.0012857898189829596,2.0600101709218364
2009-09-18,-0.003015131331317484,2.0537989697126573
2009-09-20,-0.0038846887336701267,2.0458205999937915
2009-09-21,0.005343551806260133,2.0567525483561724
2009-09-22,-0.0011456956388240663,2.0543961359313805
2009-09-23,0.006429532811898276,2.067604943295988
2009-09-24,0.008255275553974852,2.0846735918396573
2009-09-25,0.0015378705561828647,2.087879549975799
2009-09-27,-0.002716727055488229,2.0822073511137793
2009-09-28,-0.0027952745782729377,2.076387009838518
2009-09-29,0.001056879856704996,2.0785815014439404
2009-09-30,0.004945170654038837,2.088860441686909
2009-10-01,0.009878352245983537,2.1094949409225934
2009-10-02,0.008088290855800715,2.1265571495636153
2009-10-04,-0.00016689035062493994,2.126202247695301
2009-10-05,0.008217587828570377,2.1436745014070406
2009-10-06,0.005307517201382123,2.155052090697423
2009-10-07,0.006761310568666893,2.1696230671742827
2009-10-08,-0.005978256831494597,2.1566525032511796
2009-10-09,-0.009337287005085536,2.1365152198580875
2009-10-11,0.0020199810803802655,2.140830940180145
2009-10-12,0.0015100867122637774,2.144063780536114
2009-10-13,0.012811246070841734,2.1715319092201417
2009-10-14,-0.010692257414740215,2.148313331062438
2009-10-15,-0.009509345350049695,2.1278842776772495
2009-10-16,0.003934052647289305,2.136255486452971
2009-10-18,0.0026134625820381395,2.1418385102324895
2009-10-19,-0.0032311907129106685,2.134917821529672
2009-10-20,-0.0008618486865937536,2.133077845409201
2009-10-21,-0.001297711183606266,2.130309726433711
2009-10-22,-0.0003512809181093445,2.129561389277152
2009-10-23,-0.004059249666367485,2.1209169679182196
2009-10-26,-0.01352002492460104,2.092242117648956
2009-10-27,-7.761450719839374e-05,2.0920797293080553
2009-10-28,-0.003876606129443613,2.083969560206135
2009-10-29,0.008774015019209217,2.1022543404269585
2009-10-30,0.015880826878543006,2.1356398776619447
2009-11-02,-0.0057740652223760075,2.1233085537168175
2009-11-03,0.007189044804940765,2.1385731140442017
2009-11-04,0.010622770795565947,2.161290686064253
2009-11-05,0.007686518556669878,2.177903487029044
2009-11-06,0.010198807510141577,2.2001155054689194
2009-11-09,0.01774823363302665,2.239163669479626
2009-11-10,0.0013434800560664117,2.24217194121184
2009-11-11,0.003495417237356201,2.2500092676642685
2009-11-12,-0.01601684103469019,2.2139712268975105
2009-11-13,0.014599611821233028,2.2462943473935932
2009-11-16,0.017600745801090147,2.2858308031964936
2009-11-17,-0.0015079440315660538,2.2823838982796434
2009-11-18,-0.001478444457007864,2.279009520456468
2009-11-19,-0.00028123818982374234,2.2783685759443437
2009-11-20,-0.0006931277785867474,2.2767893753944977
2009-11-23,0.010384846732410894,2.3004334840999507
2009-11-24,0.009851672192076034,2.3230966006849787
2009-11-25,0.01689517228223149,2.362345717981818
2009-11-26,-9.082637348889911e-06,2.3623242616523688
2009-11-27,-0.006289572675434877,2.347466251525763
2009-11-30,0.0039053018629718653,2.35663381585111
2009-12-01,0.005651111776790313,2.369951416961449
2009-12-02,-0.0009755028490548627,2.367639522602081
2009-12-03,-0.005116282698927527,2.355526009475295
2009-12-04,-0.022503304039985333,2.3025188915099792
2009-12-07,0.00317014666501729,2.309818214095039
2009-12-08,-0.007723895491214598,2.291977419605665
2009-12-09,-0.00034885795042934086,2.291177845060631
2009-12-10,-0.0011240041551686746,2.2886025516425526
2009-12-11,-0.0060773061141066636,2.274694013362695
2009-12-14,0.006363825952526042,2.2891697701589884
2009-12-15,-0.0074197436352921795,2.272184717326748
2009-12-16,0.0028901643456376563,2.278751704583468
2009-12-17,-0.01451858683837321,2.245667450077382
2009-12-18,-7.591111297537202e-05,2.2454969789618744
2009-12-21,-0.010572986600705433,2.2217553694913863
2009-12-22,-0.0019467392588502414,2.217430191090036
2009-12-23,0.006701620225682386,2.2322905661076837
2009-12-24,0.006901497286730994,2.247696713392871
2009-12-25,0.0011375669632231152,2.250253618917372
2009-12-28,-0.00040637514888631614,2.2493391717679523
2009-12-29,-0.0014828401076611192,2.2460037614283217
2009-12-30,-0.000847151285703499,2.244101056454133
2009-12-31,-0.004791087811469358,2.2333493712348504
2010-01-01,6.231804941181276e-05,2.233488549211321
2010-01-04,0.011721318569336673,2.2596679800175927
2010-01-05,-0.0011172992945141951,2.2571432545776826
2010-01-06,0.005690396742683459,2.2699872952013016
2010-01-07,-0.0052241190308320445,2.2581286113726935
2010-01-08,0.003984306772354717,2.2671256884918334
2010-01-11,0.0044121427200851165,2.2771285705938307
2010-01-12,-0.007594461692866493,2.259835004894724
2010-01-13,0.004231832355164629,2.2693982477857713
2010-01-14,-0.0029464027457736337,2.262711686557241
2010-01-15,-0.007022682529055356,2.2468213807277664
2010-01-18,0.001245702768135577,2.2496202523412454
2010-01-19,0.0008499238066224938,2.2515322581495703
2010-01-20,-0.012715509727337862,2.2229028778196547
2010-01-21,-0.008309589086395036,2.2044314683260082
2010-01-22,-0.0038032017521126603,2.1960475707032585
2010-01-25,0.003886814059048879,2.204583199275408
2010-01-26,-0.00585362798525227,2.191678389364313
2010-01-27,-0.0038653323764682116,2.183206823927097
2010-01-28,-0.002899519386231514,2.1768765734169673
2010-01-29,-0.007500838150826023,2.160548174565442
2010-02-01,0.012194766736387488,2.1868955555769953
2010-02-02,0.007886425054547046,2.2041423434781753
2010-02-03,-0.002513385560004495,2.198602483939883
2010-02-04,-0.02569997983301422,2.142098444441813
2010-02-05,-0.004885281921039043,2.1316336896380954
2010-02-08,0.00012895573249350356,2.1319085760219507
2010-02-09,0.014489432960968513,2.1627987224131346
2010-02-10,0.000896590145775933,2.164737866434947
2010-02-11,0.005489510934423777,2.176621218622903
2010-02-12,-0.002678623606938034,2.170790869643337
2010-02-15,0.000173262429404798,2.1711669861431413
2010-02-16,0.010559606570477007,2.194093655315621
2010-02-17,0.003531347920217505,2.201841763382082
2010-02-18,0.0049192019103429345,2.212673067590784
2010-02-19,0.003220186152642481,2.219798286763365
2010-02-22,-0.001916072037216198,2.2155449933378373
2010-02-23,-0.01209028340369842,2.1887584264747377
2010-02-24,0.001869914430958972,2.192851217442286
2010-02-25,-0.00461059550567774,2.182740867474527
2010-02-26,0.006530337800318964,2.196994902669697
2010-03-01,0.00010084574518387632,2.1972164602578217
2010-03-02,0.01251562669440618,2.2247160012412133
2010-03-03,-0.0013882677076219804,2.22162749985806
2010-03-04,-0.0037451120427406726,2.213307255953858
2010-03-05,0.003014299211694367,2.2199788262707174
2010-03-08,-0.0031863250831042247,2.212905252052611
2010-03-09,0.0027170363091561294,2.2189177959711603
2010-03-10,0.0007481770718365346,2.220577939390396
2010-03-11,0.0006168690675426266,2.2219477452332734
2010-03-12,0.001228777948152471,2.2246780256245633
2010-03-15,-0.0023131763207490967,2.2195319530943975
2010-03-16,0.00965431683494776,2.240960017794861
2010-03-17,0.0010702023045816049,2.2433582983703806
2010-03-18,-0.0035754996545049014,2.235337171549627
2010-03-19,-0.009579163777291178,2.213924510685886
2010-03-22,0.0029197496750043737,2.2203886160564457
2010-03-23,0.0009642091534074618,2.222529535084169
2010-03-24,-0.016156420627011184,2.186621413059394
2010-03-25,-0.004405751504274134,2.1769877024795297
2010-03-26,0.0036276545012624032,2.184885061717622
2010-03-28,0.0026265102760261675,2.1906236847841596
2010-03-29,0.005015437820759321,2.2016106216638773
2010-03-30,0.001378344001107538,2.204645198457022
2010-03-31,0.004286156538669577,2.2140946528898353
2010-04-01,0.0032663354707725308,2.221326628790217
2010-04-04,0.0005315979759376173,2.2225074815299783
2010-04-05,0.00819216176532799,2.2407146223433236
2010-04-06,-0.002196418485338099,2.2357930753264412
2010-04-07,-0.002129740736677569,2.2310314157351367
2010-04-08,0.005923283235745284,2.2442464467183814
2010-04-09,0.0015649327391707036,2.2477585414576184
2010-04-11,0.002552316822401878,2.2534955333956783
2010-04-12,0.0007697336985469606,2.2552301248472584
2010-04-13,-0.0019070087581330793,2.2509293812475692
2010-04-14,0.0041863286252594376,2.2603525113497236
2010-04-15,0.0005632530451550161,2.2616256617848647
2010-04-16,-0.010764696462319489,2.237279948024358
2010-04-18,-0.0013135520924370905,2.234341164267263
2010-04-19,-0.00215844929123817,2.229518452164866
2010-04-20,0.002933548085511803,2.2360588517518276
2010-04-21,-0.004029093012685543,2.2270495626562807
2010-04-22,0.002239057816911848,2.232036055388196
2010-04-23,0.004777312579523894,2.242699189313553
2010-04-25,0.001746632720076348,2.2466163610988965
2010-04-26,-0.006068466460110907,2.2329828450628315
2010-04-27,-0.011311311151059518,2.207724881307348
2010-04-28,0.006450598823792908,2.221966028829967
2010-04-29,0.005825091529742785,2.2349091843238806
2010-04-30,-0.003409442597835251,2.2272893897485537
2010-05-02,-0.005129467172391616,2.2158645819404224
2010-05-03,-0.001491937026631189,2.212558651524625
2010-05-04,-0.02174839897314127,2.164439043219792
2010-05-05,-0.0050179257117366986,2.1535780488933325
2010-05-06,-0.014959780295405059,2.121360994432881
2010-05-07,-0.00431856348520586,2.112199762303383
2010-05-09,0.0017215705870313285,2.115836063288099
2010-05-10,0.021525485358440396,2.161380461489267
2010-05-11,-0.0008931885608204279,2.159449941185484
2010-05-12,0.008576857970518359,2.1779712366254764
2010-05-13,-0.012813611323628155,2.1500635597253157
2010-05-14,-0.014337065799749187,2.119237956995891
2010-05-16,0.0003202697450835122,2.1199166847961495
2010-05-17,-0.009303313407751944,2.1001944354791684
2010-05-18,-0.006914596967459091,2.0856724374045297
2010-05-19,-0.006154509098680166,2.072836147411657
2010-05-20,-0.018032611912751313,2.03545749760666
2010-05-21,0.009965350425739266,2.0557415448470087
2010-05-23,-0.006316600786103724,2.042756246188802
2010-05-24,-0.0022216641144702075,2.0382179279420343
2010-05-25,-0.005342373047306363,2.0273290074192603
2010-05-26,0.01072352685576858,2.0490691244757993
2010-05-27,0.020291915374736447,2.0906486617466475
2010-05-28,-0.005907679739933681,2.0782977790043273
2010-05-30,-0.00016255037728310243,2.0779599509162434
2010-05-31,0.0007764591106947819,2.079573401851791
2010-06-01,-0.011207487839266993,2.056266608239674
2010-06-02,0.008002835654729177,2.0727225719677236
2010-06-03,0.0021387007193480376,2.0771555052234
2010-06-04,-0.004971950542818542,2.066827990781686
2010-06-06,-0.0013202503073258551,2.0640992604916666
2010-06-07,0.004659180234658355,2.073716270968522
2010-06-08,0.004315099618805718,2.0826645632588896
2010-06-09,-0.0009059035145693329,2.0807778701113646
2010-06-10,0.003466456095448439,2.0879907952424865
2010-06-11,0.008145009893532848,2.1049975009273423
2010-06-13,-0.0013632842874476904,2.1021277909092113
2010-06-14,-0.0008403789451957178,2.1003612069736204
2010-06-15,0.010959988264300427,2.123381141152843
2010-06-16,0.0019333081671817326,2.1274862912550736
2010-06-17,0.0073497519004206095,2.1431227876673447
2010-06-18,0.0007579081887794104,2.1447470779776774
2010-06-20,0.001708281208124263,2.1484109091071657
2010-06-21,-0.003040061108272726,2.1418796086578
2010-06-22,-0.0003355859743733164,2.141160823902338
2010-06-23,0.0012697336948875825,2.14387952794662
2010-06-24,-0.003994623805508633,2.1353155357481417
2010-06-25,0.010356933080636578,2.1574308558579287
2010-06-27,0.0014189633514076544,2.160492171175587
2010-06-28,-0.001713176471515732,2.1567908668210354
2010-06-29,-0.011387226275908624,2.132231001190731
2010-06-30,-0.00594599035325636,2.1195527762267368
2010-07-01,-0.009731868422890656,2.0989255674931258
2010-07-02,0.003451547008068572,2.1061701077557653
2010-07-04,0.002163739437583583,2.110727311080176
2010-07-05,-0.0025441042113777774,2.105357400838987
2010-07-06,0.00010144022451471948,2.105570968766412
2010-07-07,0.00028107781004140897,2.1061627980432
2010-07-08,6.881187191271846e-07,2.1061642473332465
2010-07-09,0.003049863351975008,2.1125877604844283
2010-07-11,0.0007500280089202447,2.114172260476094
2010-07-12,-0.004216181302946016,2.1052585269202675
2010-07-13,0.0015826222392058195,2.1085903558842496
2010-07-14,0.002108715730110188,2.1130367735360616
2010-07-15,0.0035622066590524568,2.1205638472015744
2010-07-16,-0.006480742279037816,2.106821019421616
2010-07-18,-0.001938544218372166,2.102736853715271
2010-07-19,0.0012857927553104247,2.1054405375281027
2010-07-20,0.014526869345338159,2.136025997131152
2010-07-21,-0.0031624493081304703,2.1292709231943756
2010-07-22,0.0005104337263659145,2.130357774886144
2010-07-23,0.0002521755000804065,2.130894998923376
2010-07-25,-0.000725902016920351,2.129348177945812
2010-07-26,-0.0020126806504427858,2.125062480070005
2010-07-27,-0.0031136112625037853,2.1184458615985347
2010-07-28,0.0034611573643530394,2.12577813609339
2010-07-29,0.0025889769774481777,2.131281726746898
2010-07-30,0.006676355100991896,2.1455109203749156
2010-08-01,-0.002356929787910381,2.140454101776397
2010-08-02,0.0034442608025677585,2.147826383938841
2010-08-03,0.0011122361002063154,2.150215273980033
2010-08-04,-0.001810482222809665,2.1463223474512785
2010-08-05,0.007983647687626048,2.163457828897408
2010-08-06,0.007242259132804415,2.1791261511171776
2010-08-08,0.00990419581484593,2.200708643223094
2010-08-09,-0.012861629505783467,2.1724039440037832
2010-08-10,0.007138779270296767,2.1879122562459483
2010-08-11,0.008155928370561966,2.2057567118889647
2010-08-12,-0.0020644483280284663,2.201203041133068
2010-08-13,0.003911841268750471,2.2098137980302712
2010-08-15,0.01069323033819438,2.233443845977129
2010-08-16,0.007044156169529191,2.249176573224066
2010-08-17,-0.0034894139532448574,2.241328265106146
2010-08-18,0.003919416921985561,2.250112965036128
2010-08-19,-0.00010385180269018338,2.2498792867484525
2010-08-20,-0.0026147824598942828,2.2439963418525832
2010-08-22,0.011621890978514644,2.2700758226937796
2010-08-23,-0.005906573964392688,2.2566674519422594
2010-08-24,0.01080532739036835,2.2810514825716837
2010-08-25,-0.00741214599121149,2.264143995969393
2010-08-26,-0.002130607537278937,2.2593199937060957
2010-08-27,-0.0022590974119201567,2.254215969755615
2010-08-29,0.002559675521844282,2.2599860311943485
2010-08-30,-0.0045854795249709365,2.2496229115215867
2010-08-31,0.0156710612006829,2.2848768898465
2010-09-01,0.00747173709267803,2.301948889256569
2010-09-02,0.0022515957233505282,2.3071319475309906
2010-09-03,-0.0003664884651473825,2.306286410284647
2010-09-05,0.005027398920137406,2.31788103209324
2010-09-06,-0.0034440295855171165,2.309898181243002
2010-09-07,0.011540287139881948,2.3365550695184374
2010-09-08,-0.0014829435925510803,2.3330900901494522
2010-09-09,-0.005550189834806214,2.3201409972474174
2010-09-10,0.003001804895988555,2.3271056078523387
2010-09-12,0.004080206163085926,2.3366006784956497
2010-09-13,0.003234550703723137,2.3441585318645974
2010-09-14,0.009848460686190736,2.3672448850078647
2010-09-15,-0.016264212609271977,2.328743510899885
2010-09-16,-0.004399343489212288,2.318498568297162
2010-09-17,0.0006363520990079831,2.319973949727645
2010-09-19,0.007813857538737397,2.3381018956643986
2010-09-20,0.0028157379011689116,2.3446853777888155
2010-09-21,0.002130724503743556,2.3496812563768397
2010-09-22,0.009310598578879663,2.3715581953432823
2010-09-23,-0.002325598615648717,2.3660429028872616
2010-09-24,0.004277197375392096,2.376162935381556
2010-09-26,0.00319506799255453,2.383754937521488
2010-09-27,-9.631019745998386e-05,2.383525357612759
2010-09-28,0.005098587274274604,2.3956779696689945
2010-09-29,0.0015812659694757502,2.399466173716255
2010-09-30,0.0028785559573531465,2.4063731713650736
2010-10-01,0.0087880461244269,2.4275204897876135
2010-10-03,0.0022996267424138838,2.4331028808236863
2010-10-04,-0.005601341713742235,2.419474240163502
2010-10-05,0.024487938375240954,2.478722176257109
2010-10-06,0.0014862049128819585,2.4824060653331315
2010-10-07,-0.006938457459457405,2.4651819964517183
2010-10-08,0.02045502830092217,2.515607363956062
2010-10-10,0.006053943690113892,2.530836709283888
2010-10-11,0.0007028501560343572,2.532615508259906
2010-10-12,-0.0009496875633697966,2.5302103148089143
2010-10-13,0.014503779146185487,2.5669079264083035
2010-10-14,-0.00416496643810082,2.556216841045118
2010-10-15,-0.008133602278738928,2.5354255899218425
2010-10-17,0.008594475027824166,2.557216241839332
2010-10-18,0.004625166475405246,2.5690437926714496
2010-10-19,-0.02972066361161847,2.492690106305945
2010-10-20,0.013654114289515157,2.52672558190579
2010-10-21,-0.017153277539897396,2.4833839567322014
2010-10-22,0.004139150952748471,2.4936630578027494
2010-10-24,0.0037814914773340574,2.5030928234031733
2010-10-25,0.0038129705209180072,2.512637042549931
2010-10-26,0.0028787471410348783,2.51987028925263
2010-10-27,-0.011247076371522221,2.491529115663076
2010-10-28,0.011210263175523125,2.519459812759137
2010-10-29,0.008831125898724593,2.5417094795623902
2010-11-01,0.0066314331989910415,2.5585646561873503
2010-11-02,0.003995554999011336,2.5687875419896735
2010-11-03,-3.930943959766395e-05,2.5686865643909527
2010-11-04,0.02406836956377967,2.63051066191623
2010-11-05,-0.0004506808217534627,2.6293251412094865
2010-11-08,0.005270018204809288,2.643181732570023
2010-11-09,-0.010317452427748158,2.615910830786339
2010-11-10,0.009015628365776147,2.639494910674717
2010-11-11,-0.007082178014670784,2.620801537848501
2010-11-12,-0.024109073413795534,2.5576164411695235
2010-11-15,-0.0076914086994099625,2.537944767824158
2010-11-16,-0.016436909420349217,2.496228799561583
2010-11-17,-0.0020061623429799805,2.4912209593444405
2010-11-18,0.016200193071012548,2.5315792198683735
2010-11-19,-0.003872112508172651,2.521776660305691
2010-11-22,0.002744028986427894,2.5286964885588676
2010-11-23,-0.005093385883581492,2.5158168615601797
2010-11-24,0.01264122485050034,2.547619868189842
2010-11-25,-6.834349075440907e-05,2.5474457549549343
2010-11-26,-0.004872033450024936,2.53503451402467
2010-11-29,0.001950464461180387,2.5399790087521406
2010-11-30,0.004659155760809384,2.551813166583103
2010-12-01,0.012866504219128584,2.584646081457372
2010-12-02,-0.00030554303594374003,2.5838563608468035
2010-12-03,0.0074967991690729485,2.6032270130658035
2010-12-06,0.007960508913216898,2.6239500249064407
2010-12-07,-0.010275783259187488,2.5969868831675624
2010-12-08,-0.009153604676806634,2.5732150918881946
2010-12-09,-0.0022853753256620044,2.5673343296095723
2010-12-10,0.00042326691779552306,2.5684209972982166
2010-12-13,0.005897023570244461,2.583567036457595
2010-12-14,-0.004824893421130417,2.571101600860341
2010-12-15,-0.007808934092572739,2.551024037913914
2010-12-16,0.0006476219464022356,2.552676137066667
2010-12-17,0.0077943993314876295,2.572572714242924
2010-12-20,0.004981870327074945,2.5853889379122537
2010-12-21,0.0061118715267642,2.601190502947491
2010-12-22,0.0018308544119306866,2.605952904056085
2010-12-23,-0.000476975438198672,2.6047099285277477
2010-12-24,0.0032344255051782,2.6131346687541686
2010-12-27,0.001849321366045005,2.6179671945294487
2010-12-28,0.0009000027482872666,2.620323372199451
2010-12-29,0.011253489489999945,2.649811153728899
2010-12-30,-0.0004083306845791801,2.6487291545264915
2010-12-31,0.007337874769851311,2.6681651973616614
2011-01-03,0.004324275697807377,2.679703079282348
2011-01-04,-0.013509121534666824,2.6435026447075023
2011-01-05,-0.0063493542439553696,2.6267181099714216
2011-01-06,-0.003667627210799029,2.617084287156192
2011-01-07,0.005403944363786167,2.6312268650393227
2011-01-10,0.0120378007924739,2.662901049880472
2011-01-11,-0.002004388454117618,2.6575635617616338
2011-01-12,0.0005225423703576497,2.658952251324573
2011-01-13,0.0025627415180372896,2.6657664586535215
2011-01-14,-0.007523507523511998,2.6457105446459157
2011-01-17,0.0019120971674121974,2.6507694002841258
2011-01-18,0.0004584834973426868,2.651984734309417
2011-01-19,0.00018330258882953682,2.6524708499767526
2011-01-20,-0.0063260422911544986,2.6356912072037453
2011-01-21,0.0036970667025026708,2.6454355334039774
2011-01-24,-0.001334403507076704,2.6419054549504577
2011-01-25,-0.005063348756891993,2.628528566249308
2011-01-26,0.008534667252269515,2.6509621829253307
2011-01-27,0.0023137584406083705,2.657095869051808
2011-01-28,-0.0022392886104520018,2.651145864535361
2011-01-31,0.015292165960464888,2.6916876270812358
2011-02-01,0.0033642329750901007,2.700743091354904
2011-02-02,-0.0016786504517157476,2.696209487744633
2011-02-03,0.0008345700763153205,2.6984596635025824
2011-02-04,-0.003765234686237465,2.68829932957815
2011-02-07,0.002945762125472169,2.6962184199251538
2011-02-08,0.0027203099173624596,2.7035529696322516
2011-02-09,-0.004787454106108543,2.6906098338667035
2011-02-10,-0.0024610027141500723,2.683988235762839
2011-02-11,0.003195779569110213,2.692565670530422
2011-02-14,0.008763952504423023,2.7161631881819903
2011-02-15,-0.0034390657082439668,2.7068221245035193
2011-02-16,0.004314198540948921,2.7184998925636608
2011-02-17,0.003299789200431634,2.7274703691505167
2011-02-18,0.0030110546692951046,2.7356829315409117
2011-02-21,0.0007794435909358903,2.737815242068734
2011-02-22,-0.005785043991553798,2.7219768604526196
2011-02-23,0.0052768332262674,2.736340278390987
2011-02-24,-0.0016848979096293784,2.731729824375891
2011-02-25,0.009400800936233548,2.7574102726664216
2011-02-28,0.006897483907208055,2.776429465647708
2011-03-01,-0.004275308683566041,2.764559372643916
2011-03-02,0.003977688967140496,2.7755559299594865
2011-03-03,0.001950389910066372,2.7809693462401044
2011-03-04,-0.0009321714519796811,2.778377006006709
2011-03-07,-0.003863997319827258,2.7676413647020293
2011-03-08,-0.0003587111929141949,2.7666485807665384
2011-03-09,-0.00030046949036294484,2.765817287277462
2011-03-10,-0.012950851198852085,2.729997599146719
2011-03-11,0.004721990873009836,2.7428886228932283
2011-03-14,0.007282291814864525,2.762863138260809
2011-03-15,-0.019316681642652742,2.709493790596804
2011-03-16,-0.0006736208523140709,2.7076686190802426
2011-03-17,0.022981336165494307,2.769894461840085
2011-03-18,0.001882197269150737,2.7751079496319964
2011-03-21,-0.003393968817710181,2.765689319785166
2011-03-22,0.0015756022885870724,2.7700469462069406
2011-03-23,0.0062405689732771006,2.787333615233961
2011-03-24,0.002109009078039767,2.7932121271320147
2011-03-25,-1.9575330959162448e-05,2.7931574490801867
2011-03-27,0.001376596969899785,2.7970025011610433
2011-03-28,-0.009325244765067837,2.7709197682292097
2011-03-29,-0.0003695904877721037,2.7698956626404927
2011-03-30,0.004368056018393606,2.781994722060012
2011-03-31,0.004460639665884834,2.794404198067515
2011-04-01,-0.0007580079924883959,2.792286017351137
2011-04-03,-0.0005918880743315247,2.790633296557344
2011-04-04,0.005066938495567974,2.8047732638346843
2011-04-05,-0.0028412048257625095,2.7968043285023074
2011-04-06,0.00478002505022922,2.810173123253138
2011-04-07,0.0028349495604424453,2.8181398223136718
2011-04-08,0.0072914435217194505,2.8386881296643804
2011-04-10,0.006421568996474902,2.856916961348494
2011-04-11,-0.0038386990727941055,2.845950116857916
2011-04-12,0.003204578760207022,2.8550701881550076
2011-04-13,0.004756212442472962,2.868649508508044
2011-04-14,0.003912254661894498,2.8798723959210464
2011-04-15,0.008283348660505518,2.903727383074226
2011-04-17,0.00473643333969003,2.9174806942607896
2011-04-18,-0.00017919007979180687,2.916957910662394
2011-04-19,0.003450364614958748,2.9270224790206676
2011-04-20,0.01047228212621309,2.9576750842107398
2011-04-21,0.007867208372851323,2.9809437303974162
2011-04-24,0.0009770690938912304,2.9838563183870166
2011-04-25,0.0014476926994525378,2.9881760253953606
2011-04-26,0.00948953047527451,3.0165324128538344
2011-04-27,0.010284719969727296,3.047556603999642
2011-04-28,0.008235790072956536,3.0726556404256358
2011-04-29,0.008363006273678007,3.0983522788233673
2011-05-01,0.0020301975141313894,3.1046425459177382
2011-05-02,-0.008674804134824316,3.0777103799232592
2011-05-03,-0.006259011549492427,3.058446955109327
2011-05-04,-0.010512615368906771,3.0262946786440588
2011-05-05,-0.02964486830896241,2.936580571431542
2011-05-06,0.008365193874742228,2.961145637240368
2011-05-08,-0.002825658868302999,2.9527784498101632
2011-05-09,0.014242292309899388,2.9948327836187314
2011-05-10,0.002794776906735851,3.0032026731219243
2011-05-11,-0.01951306631770051,2.944600980195801
2011-05-12,0.0025795023782222448,2.9521965854271315
2011-05-13,-0.003581445347210131,2.9416234547022038
2011-05-15,-0.005805582986531394,2.924545615620803
2011-05-16,-0.0014110356439635265,2.920418977514765
2011-05-17,0.006359885661540963,2.938992508295553
2011-05-18,0.0019213064973148308,2.944639213697301
2011-05-19,-0.0005757056404791679,2.9429439682927994
2011-05-20,0.005824550060253594,2.9600852927606423
2011-05-22,-0.00498579458312159,2.9453269155424184
2011-05-23,-0.0109898660334955,2.9129581673157587
2011-05-24,0.010697750321486225,2.944120266486637
2011-05-25,0.004912931176093623,2.958584526730028
2011-05-26,0.011639743776271114,2.9930216925616064
2011-05-27,0.005949437234488141,3.0108284872629634
2011-05-29,0.00940919290260057,3.039157953296266
2011-05-30,-6.914299835249671e-05,3.0389478168029083
2011-05-31,0.00972045607209859,3.0684877755615405
2011-06-01,-0.007653562238418203,3.045002913393455
2011-06-02,0.00369357717181445,3.0562498666424736
2011-06-03,0.0015151100370618315,3.0608804214911927
2011-06-05,0.0072194618932458245,3.0829783310539303
2011-06-06,-0.010220939951845531,3.051467394659387
2011-06-07,0.004827670613347148,3.0661988741281716
2011-06-08,-0.0009275689872841554,3.0633547631436846
2011-06-09,-0.00042498058187450283,3.062052896853956
2011-06-10,-0.007267067876366076,3.039800750611495
2011-06-12,-0.0045022087506342645,3.026114933071907
2011-06-13,-0.0024414435685835866,3.018726844230764
2011-06-14,0.002781717664719519,3.027124090018324
2011-06-15,-0.011624077466267133,2.9919365650959477
2011-06-16,0.00016727544149267487,2.9924370426057925
2011-06-17,0.002332855607439314,2.9994179661405447
2011-06-19,0.005736989879900533,3.0166255966578848
2011-06-20,0.00046328028970160504,3.0180231398382253
2011-06-21,0.007639552177581631,3.041079485088168
2011-06-22,-0.003280677236311435,3.031102684847626
2011-06-23,-0.0054864682757001385,3.01447263612682
2011-06-24,-0.005506127713622743,2.997874564803085
2011-06-26,-0.001801284562292776,2.992474539629815
2011-06-27,0.00115106313613916,2.995919066758218
2011-06-28,0.007310199673931113,3.017819833343158
2011-06-29,0.007943747279028458,3.041792631432876
2011-06-30,0.0005712736985815467,3.0435303275597523
2011-07-01,0.003937222095198243,3.0555133824128267
2011-07-03,0.0011305383938344437,3.0589677576045196
2011-07-04,0.002531776722838366,3.0667123809691357
2011-07-05,0.0004463098152277681,3.068081084805243
2011-07-06,0.00010441395818630084,3.068401435295344
2011-07-07,0.0038583544643014753,3.0802404156714847
2011-07-08,0.0030378824032919758,3.0895978238281616
2011-07-10,-0.0008396777285311784,3.0870035573453745
2011-07-11,-0.006644989982112102,3.06649044963207
2011-07-12,0.005652144508378781,3.083822696786954
2011-07-13,0.016109718564925896,3.1335022125363228
2011-07-14,-0.010879461924235303,3.099411394525527
2011-07-15,0.004886066755050018,3.1145553255005414
2011-07-17,0.001008951451689102,3.1176977606175713
2011-07-18,-0.0034077430071225226,3.1070734478755053
2011-07-19,0.0069221980411482064,3.128581225610093
2011-07-20,0.004477015439932067,3.1425879320622307
2011-07-21,0.00729871922255075,3.165524799010529
2011-07-22,0.005062083824520289,3.181548950891718
2011-07-24,0.00030867952777055324,3.182531029919458
2011-07-25,-0.0005396803442383068,3.1808134804776818
2011-07-26,0.006852561761582357,3.2026102013047293
2011-07-27,-0.016462429716414543,3.149887455956678
2011-07-28,0.00232514099295834,3.157211388403728
2011-07-29,0.005222855434845968,3.1737010470626097
2011-07-31,0.005648152867543729,3.1916265957323033
2011-08-01,-0.006099751300526634,3.1721584672541896
2011-08-02,0.009189779592756268,3.201309904401551
2011-08-03,0.009396094871624539,3.2313897159767793
2011-08-04,-0.026091969230748878,3.1470763949349547
2011-08-05,-0.002847638158985265,3.138114660103496
2011-08-07,0.008871700470888755,3.165955073411239
2011-08-08,0.014430743809762137,3.2116421599888536
2011-08-09,0.010324395231263479,3.244800422989967
2011-08-10,0.0054095244414524585,3.262353250185767
2011-08-11,-0.0054345824372061,3.244623722508345
2011-08-12,0.0030786193057336145,3.2546126837403007
2011-08-14,0.0036220080561218935,3.266400917100364
2011-08-15,0.012915487497776221,3.3085880773078986
2011-08-16,0.00667045262018101,3.3306578573172767
2011-08-17,0.007004989238555312,3.353989079765094
2011-08-18,-0.0073272893616210776,3.329413431261938
2011-08-19,0.008019711632072673,3.356114366884608
2011-08-21,0.002193926574721504,3.363477435381921
2011-08-22,0.006734735926707744,3.3861295677046583
2011-08-23,-0.005450979595125258,3.36767184452465
2011-08-24,-0.020011168225971123,3.3002807967140004
2011-08-25,0.0017353489265988526,3.3060079354520524
2011-08-26,0.01605497737727443,3.359085818064825
2011-08-28,0.009679329566757364,3.3915995167408957
2011-08-29,-0.0080364609673343,3.3643430596077772
2011-08-30,0.016351812343856513,3.419356165978839
2011-08-31,-0.007507384291063181,3.3936857452128195
2011-09-01,-0.009429209833750805,3.361685970211399
2011-09-02,0.007689770917612756,3.387536565219277
2011-09-04,-0.008588512096874928,3.358442666450285
2011-09-05,-0.002275396101045446,3.350800879101459
2011-09-06,-0.011340627569877948,3.31280069427075
2011-09-07,0.0026720583055953643,3.3216526908806587
2011-09-08,-0.00253837326950413,3.313221096479551
2011-09-09,-0.0011804724082950721,3.3093099303925757
2011-09-11,-0.010699849162024256,3.273900813306986
2011-09-12,-0.006472548400251326,3.2527103318352344
2011-09-13,0.002197030573998253,3.2598566358826364
2011-09-14,-0.0010682678118030286,3.2563742359674306
2011-09-15,0.002936776962268858,3.2659374808041455
2011-09-16,0.000810635615784731,3.2685849660450113
2011-09-18,-0.004732654003212367,3.2531158843206187
2011-09-19,-0.017602078359528067,3.1958542836121815
2011-09-20,0.005523452872242942,3.213506434134269
2011-09-21,-0.015787370643784524,3.1627736169924052
2011-09-22,-0.013932439088672397,3.1187084662223987
2011-09-23,-0.013838797138844977,3.0755492924231485
2011-09-25,0.003799369852803886,3.087234441685593
2011-09-26,0.001215610776418719,3.090987317142237
2011-09-27,0.01184451085394723,3.127598549969542
2011-09-28,-0.012353522663063799,3.088961690401528
2011-09-29,0.0029321182740580107,3.098018891421819
2011-09-30,-0.004099077096709319,3.085319873138819
2011-10-02,-0.00910824216598598,3.057218032574742
2011-10-03,0.00024199497561189844,3.057957863977975
2011-10-04,0.004277390002135813,3.071037942372307
2011-10-05,0.005734083274002495,3.088647529671491
2011-10-06,0.00697427674178508,3.110188612301251
2011-10-07,-0.0017406153091111814,3.104774970388456
2011-10-09,0.0034118053943535606,3.115367858380681
2011-10-10,0.010398381402807898,3.1477626415821724
2011-10-11,0.002102127229556338,3.1543796391432224
2011-10-12,-0.0028998686894808534,3.145232352392935
2011-10-13,0.0037879847602003106,3.157146444611088
2011-10-14,0.004195126992844265,3.170391074881238
2011-10-16,0.0024986675268104212,3.1783128281073334
2011-10-17,-0.004953568344815817,3.1625688382920987
2011-10-18,0.001626284566023186,3.1677120751827985
2011-10-19,-0.004745768548557846,3.152678846845509
2011-10-20,-0.002822189531937699,3.14378138960638
2011-10-21,0.0016039980225469948,3.148824008738629
2011-10-23,0.006896712755958568,3.1705405434459655
2011-10-24,0.006206971348087539,3.1902199977570844
2011-10-25,0.0046539575865323455,3.205067146318353
2011-10-26,-0.00274634585424961,3.19626492344847
2011-10-27,0.014705061041472164,3.2432661942524956
2011-10-28,0.0014195428069629923,3.247870149449613
2011-10-31,0.003342530205296458,3.2587262535270294
2011-11-01,-0.005703245883607389,3.240140936435798
2011-11-02,0.00647953769958307,3.261135551785396
2011-11-03,-0.0012640840398968954,3.257013202382444
2011-11-04,-0.0007479581183994061,3.2545770929159876
2011-11-07,0.005035045156816775,3.2709640355451612
2011-11-08,-0.00118930954707577,3.267073846789546
2011-11-09,0.005771689823431374,3.28593038366346
2011-11-10,0.003500985287893941,3.2974343775937096
2011-11-11,-0.0024431859150997968,3.289378132366407
2011-11-14,0.000558708809896009,3.291215936908039
2011-11-15,0.004693769043856883,3.3066641443893463
2011-11-16,0.004006540334458116,3.3199124276563485
2011-11-17,0.000734539982118296,3.3223510360715935
2011-11-18,-0.00011874416545596241,3.3219565262704633
2011-11-21,0.001122238779456431,3.325684554707913
2011-11-22,0.0066298569451767675,3.3477333675504104
2011-11-23,0.0023764616280720816,3.3556891274394105
2011-11-24,0.004199831731854359,3.369782457119069
2011-11-25,-0.00041691950249534245,3.3683775290935296
2011-11-28,-0.0033050986434281656,3.3572447090915687
2011-11-29,-0.0016959046650186782,3.351551142127811
2011-11-30,-0.00499311964280116,3.3348164462862
2011-12-01,0.002410532302368945,3.342855129052444
2011-12-02,0.004868665816856094,3.359130373549964
2011-12-05,-0.006556817602022966,3.3371051683891815
2011-12-06,0.0018787130624627346,3.343374631459846
2011-12-07,0.00429723066679955,3.357741883456755
2011-12-08,-0.0032441459167538017,3.3468488788360258
2011-12-09,-0.004137445080448209,3.333001475407282
2011-12-12,-0.0014716801612202034,3.328096363258607
2011-12-13,-0.00905923026375886,3.297946371963869
2011-12-14,-0.016617173983173528,3.2431438233137695
2011-12-15,-0.003306913238866723,3.2324190280689047
2011-12-16,0.011555993722458724,3.2697728420656254
2011-12-19,0.002141746268783564,3.2767758658498893
2011-12-20,-0.0002946966661930096,3.2758102109263616
2011-12-21,0.006129498940581302,3.29588928614378
2011-12-22,-0.004069576112139851,3.2824764138366316
2011-12-23,0.0003279595417248908,3.2835529332970363
2011-12-26,4.820666707471097e-05,3.2837112224401137
2011-12-27,-0.00024473278574895126,3.282907590645051
2011-12-28,0.00010146575661743756,3.283240693347641
2011-12-29,-0.003488632274881523,3.271786673898624
2011-12-30,0.005957379513680255,3.29127794880284
2012-01-02,0.003606054421943746,3.3031464762039664
2012-01-03,0.005576854491094148,3.321567643464526
2012-01-04,0.0015312447755512595,3.3266537765652213
2012-01-05,-0.004159590429977159,3.312816259352373
2012-01-06,-0.0013459295032537011,3.308357442210052
2012-01-09,-0.002446678155359784,3.300262956326075
2012-01-10,0.005712161856483966,3.3191145925015677
2012-01-11,-0.0024798438269591667,3.3108837066683825
2012-01-12,-0.0030805733693833343,3.3006842864924946
2012-01-13,0.0026998534270301832,3.3095956502749257
2012-01-16,-0.006983077130197458,3.28648448857929
2012-01-17,0.0025478545116723503,3.2948579729110583
2012-01-18,0.0012583866165115044,3.2990041780874755
2012-01-19,0.00017594592264596218,3.299584624421402
2012-01-20,-0.0040052819853026245,3.2863688575662255
2012-01-23,0.001991104940872865,3.2929123628360566
2012-01-24,0.0022155977484279426,3.300208132052927
2012-01-25,0.009382781687462193,3.3311732644791667
2012-01-26,0.004607797762915402,3.3465226371951173
2012-01-27,0.020986586464237685,3.4167547238751417
2012-01-30,-0.009255537285015943,3.385130823134561
2012-01-31,0.004613429119594292,3.400747884247646
2012-02-01,-0.0061170670277195735,3.379945281495328
2012-02-02,-0.0006485964688106858,3.377753060920977
2012-02-03,-0.011997780289806324,3.3372275218228262
2012-02-06,-0.002268992861110846,3.3296553763999075
2012-02-07,-0.001362815032135102,3.32511767200112
2012-02-08,-0.005733409596677939,3.3060534104303856
2012-02-09,-0.004050893242703364,3.2926609410100567
2012-02-10,0.0031658433271926738,3.303084989678861
2012-02-13,-0.004150106560341459,3.2893768349938295
2012-02-14,0.005308503610652782,3.306838503799192
2012-02-15,-0.004649472473957122,3.291463449199956
2012-02-16,-0.00435193331371683,3.2771392197645013
2012-02-17,-0.005677276284888146,3.2585339949898557
2012-02-20,-0.009410965436764798,3.227868044188483
2012-02-21,0.0011878722269322455,3.231702338990377
2012-02-22,1.9817278463491242e-05,3.23176638253554
2012-02-23,-0.003432692410519258,3.220672722601639
2012-02-24,-0.0008547250399231011,3.217919932980234
2012-02-27,-0.00911931711605902,3.1885747006572998
2012-02-28,0.00839123933850759,3.215330794119225
2012-02-29,-0.009839602120110796,3.1836932184205518
2012-03-01,-0.004408342910203373,3.169658406992865
2012-03-02,0.0021346447614832786,3.1764245017070434
2012-03-05,0.003588756223636392,3.1878239149064553
2012-03-06,0.006039299008255596,3.2070761367142433
2012-03-07,0.009417870880196992,3.237279965672779
2012-03-08,-0.005969475373794579,3.217955102639617
2012-03-09,-0.004118139298122649,3.2047031152718426
2012-03-12,0.0027460616366486268,3.213503427553539
2012-03-13,-0.00984112609526773,3.1818789351154093
2012-03-14,-0.010520754141484512,3.148403169131092
2012-03-15,0.002743639781138063,3.157041253312981
2012-03-16,-0.002375868842441676,3.1495405373649317
2012-03-19,-0.004966326783519866,3.133898889838435
2012-03-20,0.004194117002398295,3.147042828456103
2012-03-21,0.0026821261630333385,3.155483594362492
2012-03-22,0.007609848505460631,3.1794963464770567
2012-03-23,0.00831631186576297,3.205938029670414
2012-03-25,-0.003918647718387926,3.193375087925153
2012-03-26,-0.0007598379628071348,3.190948640303865
2012-03-27,0.006025867430165708,3.2101768737868035
2012-03-28,0.003025194895443201,3.219888284478853
2012-03-29,0.010553370306334565,3.2538689578899866
2012-03-30,-0.0025996923418536363,3.245409899678765
2012-04-01,-0.004484192846832777,3.230856855821585
2012-04-02,0.008088131750477859,3.2569884517384047
2012-04-03,-0.009570202854166057,3.2258184115615918
2012-04-04,0.00838726744329855,3.252874213302875
2012-04-05,0.005734679088842241,3.271528403032537
2012-04-08,0.004519466580647332,3.2863139663176812
2012-04-09,0.005005520343136737,3.302763677730019
2012-04-10,0.015448150141451738,3.353785266905326
2012-04-11,-0.0009311392701995623,3.3506624257394937
2012-04-12,-0.007060723426023059,3.3270043250573798
2012-04-13,0.003697369984890586,3.339305490988448
2012-04-15,0.005782691805035153,3.3586156654856962
2012-04-16,0.004826119794307268,3.3748247470303676
2012-04-17,-0.001109300883040517,3.37108105095838
2012-04-18,0.002443130382818828,3.379317041496921
2012-04-19,-0.0025963367420593223,3.3705431964990153
2012-04-20,0.00038280329491312986,3.371833451540282
2012-04-22,-0.002747655269888438,3.3625688155879714
2012-04-23,0.006959835701385822,3.385971742079067
2012-04-24,-0.0042964490445144094,3.3714240870230587
2012-04-25,0.0041386297195032465,3.385377162946661
2012-04-26,0.008403937404729686,3.4138276607154667
2012-04-27,0.0030304717945414095,3.4241731691526898
2012-04-29,0.0024802715151370338,3.432666048327036
2012-04-30,0.0027406369101184063,3.4420737395991914
2012-05-01,0.00031124026795393027,3.4431450515522215
2012-05-02,0.008159882001226996,3.471240708885996
2012-05-03,-0.0028611253777347263,3.4613090540015765
2012-05-04,0.008171379856304641,3.4895927250818897
2012-05-06,0.009026893250802265,3.52109290609998
2012-05-07,-0.005672298528043853,3.501120215991603
2012-05-08,0.00719044545377427,3.526294829931797
2012-05-09,0.010337193954274562,3.5627468235287574
2012-05-10,-0.0026728633929849702,3.5532240879656736
2012-05-11,0.003002644947457206,3.5638931583205866
2012-05-13,0.005093150272085476,3.5820446017295704
2012-05-14,0.015613019193345668,3.6379711328477944
2012-05-15,0.007899302389261675,3.666708566909564
2012-05-16,0.0010071186865903067,3.6704013776255793
2012-05-17,0.009709230729339569,3.706038151470232
2012-05-18,-0.0022081978474321235,3.697854486001654
2012-05-20,-0.0004018999707383589,3.696368318391935
2012-05-21,-0.005904975883867205,3.67454135261394
2012-05-22,0.026886093593988473,3.7733354153352994
2012-05-23,-0.005520629039229988,3.7525042302666445
2012-05-24,0.003474239379449101,3.765541328234986
2012-05-25,0.00020302703358617198,3.766305834920704
2012-05-27,-0.011352278920646901,3.723549680582224
2012-05-28,-0.0018791503271805656,3.716552570981685
2012-05-29,0.009023390112059286,3.75008847470163
2012-05-30,0.01893512472857351,3.8210968677132917
2012-05-31,0.0024093273360520427,3.8303031408503765
2012-06-01,0.01722628620770667,3.896285039016943
2012-06-03,0.00247165402376755,3.905915307611374
2012-06-04,-0.00921962138785932,3.869904247302153
2012-06-05,-0.00048623127820688364,3.868022578813449
2012-06-06,-0.013913381994308053,3.8142053031118093
2012-06-07,-0.0029469083490622555,3.8029651896590315
2012-06-08,0.0017082591152966732,3.809461639609422
2012-06-10,-0.0031965220570901644,3.7972846114527714
2012-06-11,0.01935930195580371,3.8707973908580118
2012-06-12,-0.0046293392473697546,3.8528781565778965
2012-06-13,0.002313649154302996,3.8617923648664956
2012-06-14,-0.003969327680847513,3.846463645534945
2012-06-15,0.0047322891119047535,3.864666223564048
2012-06-17,-0.0023328606697839644,3.8556504957292526
2012-06-18,0.0061713730045237026,3.8794451531134744
2012-06-19,-0.013566445268090878,3.8268148727731996
2012-06-20,-0.001453161498616019,3.8212538927377544
2012-06-21,0.007137064864732731,3.848526429634836
2012-06-22,-0.0020837865199228854,3.8405069221391956
2012-06-24,-0.0016141480766106973,3.834307775277615
2012-06-25,0.008449973240899173,3.866707573376082
2012-06-26,-0.0002530312672632578,3.8657291754586542
2012-06-27,0.004243319363709274,3.882132698923734
2012-06-28,0.00663201047364869,3.90787904364309
2012-06-29,-0.006472572284548515,3.8825850140538374
2012-07-01,-0.01763539577869738,3.8141140906865587
2012-07-02,0.005204369937285107,3.833964151397503
2012-07-03,-0.005340518028963811,3.8134887967245636
2012-07-04,0.0037590288201920286,3.827823811016931
2012-07-05,0.0008794837555262411,3.8311903198777366
2012-07-06,0.004810922347939217,3.8496218790068446
2012-07-08,0.00700140890659642,3.8765746559175516
2012-07-09,-0.0027442005051514177,3.865936557788525
2012-07-10,0.006256585668466541,3.890124121051186
2012-07-11,-0.0018694690944539183,3.882851654233291
2012-07-12,0.003807530081735846,3.8976357287097025
2012-07-13,0.0006681864805028863,3.9002400762095517
2012-07-15,-0.0009108411636506701,3.8966875770000198
2012-07-16,0.0023133094724694533,3.905701821283148
2012-07-17,-0.006308510598419498,3.8810626599493165
2012-07-18,0.0006295579350617264,3.8835060137433595
2012-07-19,-0.004303768564459995,3.866792302641519
2012-07-20,0.0040691085238624206,3.8825267001602035
2012-07-22,0.007779691924540578,3.912731561776253
2012-07-23,0.007739015078019958,3.9430122503290836
2012-07-24,0.006713285237773348,3.9694828162615776
2012-07-25,-0.0017759322373863988,3.9624332837624276
2012-07-26,-0.00795256757364622,3.9309217653172417
2012-07-27,-0.0077957095438259665,3.900277440995325
2012-07-29,-0.00173066345966337,3.8935273733456452
2012-07-30,0.0053513630650744515,3.914363051924224
2012-07-31,0.004320413512385639,3.93127471894614
2012-08-01,0.0009295150820519268,3.9349288980890895
2012-08-02,0.0049328243756606,3.9543392112740747
2012-08-03,-0.007988495886199145,3.922749988752176
2012-08-05,-0.007171786393697629,3.8946168637569656
2012-08-06,-0.005128247104740486,3.8746443061013305
2012-08-07,0.0010308218837375993,3.878638374243759
2012-08-08,-0.0057369910406564785,3.856386660640776
2012-08-09,0.001551582715423144,3.8623701635274146
2012-08-10,0.002010698697317693,3.8701362261837775
2012-08-12,-0.0023623248770171185,3.8609937070992184
2012-08-13,0.0029608615942576097,3.8724255750822385
2012-08-14,0.004825076694713639,3.8911103254765806
2012-08-15,-0.003065798620950823,3.879180964806767
2012-08-16,-0.0058149973469749615,3.85662353778798
2012-08-17,0.0017141551971438717,3.863234389068706
2012-08-19,0.002478002628659505,3.872807494039946
2012-08-20,-0.0032670285554039463,3.8601549213673354
2012-08-21,-0.00754257077328245,3.8310394296770878
2012-08-22,-0.005214495343960917,3.811062492408506
2012-08-23,0.0010544213859576875,3.815080958203723
2012-08-24,0.0022247543281969204,3.823568576077909
2012-08-26,0.002603432122950436,3.833522977333174
2012-08-27,0.005491354455034636,3.85457421081323
2012-08-28,-0.003106398452025844,3.8426003674515408
2012-08-29,0.006576023743820789,3.8678693987059165
2012-08-30,-0.0008451641318695269,3.8646004142233745
2012-08-31,-0.0012240167607633877,3.8598700785427122
2012-09-02,-0.0073603136595987995,3.8314602240793376
2012-09-03,-3.8547681125450524e-05,3.831312530172375
2012-09-04,0.004433879566191471,3.8483001085115998
2012-09-05,-0.0030850332433435316,3.836427974746479
2012-09-06,-0.0027995861304705412,3.82568756419783
2012-09-07,-0.006409774802326105,3.8011657684472624
2012-09-09,-0.0099905549493496,3.763190012966003
2012-09-10,0.0004732978693425342,3.7649711227810707
2012-09-11,-0.011909209717560775,3.7201332920993107
2012-09-12,-0.003595734653755082,3.7067566799043212
2012-09-13,-0.010354739403105655,3.668374180453191
2012-09-14,-0.008767608327183127,3.636211312441426
2012-09-16,7.241547715341199e-05,3.636474630418647
2012-09-17,0.01612012197246526,3.6950950450107705
2012-09-18,0.0020769454665083434,3.7027695559128233
2012-09-19,0.0027024630146574493,3.7127761536894774
2012-09-20,0.00029110769234423384,3.7138569713877687
2012-09-21,0.00037495257202871553,3.7152494916113374
2012-09-23,-0.0006426134250272633,3.7128620224107025
2012-09-24,0.0037952753837501526,3.726953356247619
2012-09-25,0.004489627998578289,3.7436859903852233
2012-09-26,0.00606142591233489,3.766378065654989
2012-09-27,-0.0075468252659320004,3.737953868508052
2012-09-28,0.0009767249306963286,3.741604821241216
2012-09-30,0.005027531148715219,3.760415856026189
2012-10-01,0.0009100097972487106,3.7638378712969027
2012-10-02,-0.0012847450461168494,3.759002299237367
2012-10-03,-0.003254775515068313,3.746767590592724
2012-10-04,0.004029165464119926,3.761863937170824
2012-10-05,-0.005101809958662909,3.742671622273031
2012-10-07,-0.0027823386759866075,3.732258242266863
2012-10-08,0.006997651707529197,3.7583752855288015
2012-10-09,-0.0013033460095268393,3.753476822098103
2012-10-10,-0.0009627017055157349,3.7498633435598556
2012-10-11,0.006466608648548834,3.774112242288196
2012-10-12,-0.006386902168349997,3.750007356624329
2012-10-14,0.0008421797237915775,3.7531655367841474
2012-10-15,2.3351022116490728e-05,3.753253177035604
2012-10-16,-0.001592757782196692,3.747275153829326
2012-10-17,-0.0005419269367056274,3.745244404484218
2012-10-18,-0.0015192253473958707,3.739554534252733
2012-10-19,-0.010740376158406555,3.6993903118899842
2012-10-21,0.0009714321754449239,3.702984018668483
2012-10-22,0.0008034352826400849,3.7059591266801335
2012-10-23,-0.0078073747794760945,3.6770253148607215
2012-10-24,-0.00478709359934152,3.659423050511335
2012-10-25,0.006754190032828967,3.6841394892050032
2012-10-26,0.003042907584833231,3.695349985200289
2012-10-29,-0.0034370698211135444,3.6826488092877048
2012-10-30,0.004132117825660803,3.6978659480782112
2012-10-31,4.0332350565483346e-05,3.6980150917039736
2012-11-01,0.0063733911536171285,3.7215839883753827
2012-11-02,-0.008428506726725347,3.6902165926952875
2012-11-05,0.01034002203626104,3.728373513582333
2012-11-06,0.01300238197735375,3.776851250160179
2012-11-07,-0.009387352901498421,3.74139661461846
2012-11-08,-0.0008705016419963603,3.7381397227220754
2012-11-09,-0.00010383013422672106,3.737751591172907
2012-11-12,0.0005927187153626792,3.7399670264943716
2012-11-13,0.002789478992317931,3.7503995859467394
2012-11-14,-0.005834573929104725,3.7285176022988495
2012-11-15,0.002386926380650263,3.737417299324495
2012-11-16,0.0046963202080123586,3.7549694077130877
2012-11-19,0.02359413854177555,3.843564676138799
2012-11-20,-0.006586187824672089,3.818250237265474
2012-11-21,0.0024920749213360903,3.8277656029251492
2012-11-22,0.00820721809904544,3.8591809100603798
2012-11-23,0.0119466926934216,3.9052853584411897
2012-11-26,-0.009796172499961082,3.8670285094083274
2012-11-27,-0.007742130035647961,3.83708947183693
2012-11-28,0.003613899729099203,3.8509563284397315
2012-11-29,0.011150459740773276,3.8938962619434747
2012-11-30,-0.002352239733501438,3.8847368844379986
2012-12-03,0.008642963801637872,3.9183125247090835
2012-12-04,-0.001361623905138411,3.9129772567076366
2012-12-05,-0.003487656990820157,3.89933013422336
2012-12-06,0.00026139055333687243,3.9003493822847877
2012-12-07,0.0021950333557680616,3.9089107792780524
2012-12-10,0.004938564070149451,3.9282151856060143
2012-12-11,0.0006800755336080163,3.9308866686444928
2012-12-12,-0.0059661400555940875,3.907434448236692
2012-12-13,0.0018842983924682857,3.9147972206861796
2012-12-14,0.006084571354325038,3.9386170837131576
2012-12-17,-0.0009352615723211888,3.934933446506673
2012-12-18,0.007472170789866481,3.9643359412657286
2012-12-19,-0.0007572552617182345,3.9613339270149863
2012-12-20,0.0027692458789651876,3.972303834667578
2012-12-21,-0.0014263705808989981,3.966637857339416
2012-12-24,-0.0020362797692434023,3.9585606729186007
2012-12-25,0.0067780503574673655,3.9853919965027322
2012-12-26,-0.0005793225694996631,3.983083168970855
2012-12-27,-0.005585318416296313,3.960836381193562
2012-12-28,0.004444047815922553,3.9784385274626315
2012-12-31,-0.0038290553815017647,3.9632048660090766
2013-01-01,0.0014919566782534326,3.969117795976205
2013-01-02,0.009301760499282294,4.006037579107815
2013-01-03,-0.0041882912731978795,3.989259126875135
2013-01-04,-0.005854805141864949,3.9659027920268746
2013-01-07,-0.002331644689482374,3.956655715842842
2013-01-08,-0.001914809523927494,3.9490794737952437
2013-01-09,0.0010608119622872883,3.9532687045410686
2013-01-10,0.01040581255829046,3.9944056776730785
2013-01-11,0.009086031709800452,4.030698974322223
2013-01-14,0.009027518784478937,4.067086185027496
2013-01-15,0.0023426347928621446,4.07661388263011
2013-01-16,-0.004201450760926976,4.0594861901309285
2013-01-17,0.002623833854615325,4.070137607428937
2013-01-18,0.01116702421119678,4.115588932633998
2013-01-21,-0.001492375444992507,4.109446928769253
2013-01-22,0.001816389649079551,4.116911285634111
2013-01-23,-0.003208222721063461,4.103703317306937
2013-01-24,-0.007395616832743339,4.073353899976877
2013-01-25,0.006079549986726055,4.0981180586254125
2013-01-28,0.0011015039176094509,4.1026321517218145
2013-01-29,-0.00619692732406151,4.077208438440237
2013-01-30,0.003341272333508131,4.090831502193543
2013-01-31,0.003978575789666154,4.1071071853677745
2013-02-01,-0.001411952194130651,4.101308146365865
2013-02-04,0.008230968181661746,4.135065883221792
2013-02-05,-0.005719403934667129,4.111415771139185
2013-02-06,0.008917941285614158,4.148081135586953
2013-02-07,0.002808369971563793,4.159730482087745
2013-02-08,-0.006249112414179593,4.133735858692489
2013-02-11,0.0011103047521971447,4.138325565260724
2013-02-12,0.005040175313760173,4.159183451615053
2013-02-13,-0.0018666887656835236,4.151419550591506
2013-02-14,0.005730149802039119,4.175207806507509
2013-02-15,0.0013302376073639514,4.180761824950285
2013-02-18,0.004753892579719219,4.20063671756749
2013-02-19,0.003339512413563422,4.214664796030677
2013-02-20,0.015261357237009457,4.278986301117149
2013-02-21,-0.0012161336455959633,4.2737824819073165
2013-02-22,-0.0008505244057821767,4.27014752560145
2013-02-25,0.003180867475375474,4.283730298980691
2013-02-26,-0.011754074771772005,4.233379012744367
2013-02-27,0.007395048707381273,4.264685056740417
2013-02-28,0.0074588313403860275,4.296494623298508
2013-03-01,0.007583443850383646,4.329076849027768
2013-03-04,0.005676082066589664,4.353649044495423
2013-03-05,-0.0018653182442083913,4.345528103503845
2013-03-06,-0.010710122661553852,4.29898696448609
2013-03-07,-0.006139742803747064,4.272592290207484
2013-03-08,0.0025797129520189815,4.28361435187723
2013-03-11,-0.003600774468416585,4.268190022686447
2013-03-12,0.005470946888625152,4.291541063611125
2013-03-13,0.006050687985839508,4.317507839565454
2013-03-14,-0.0012641035633947518,4.312050062520474
2013-03-15,0.004069528272673734,4.329598072163086
2013-03-18,-0.004446752111776908,4.310345422792549
2013-03-19,0.009857899806803768,4.352836376103153
2013-03-20,-0.004207221330664462,4.33452303005272
2013-03-21,0.007107815543931722,4.365332020221259
2013-03-22,0.0049646576378187075,4.387004399177065
2013-03-25,0.005115915537033507,4.409447943143849
2013-03-26,-0.0106204335065985,4.362617694462883
2013-03-27,0.0020843746827597055,4.371711024335781
2013-03-28,-2.0403281122115984e-05,4.371621827086767
2013-03-29,0.002639686409719415,4.3831615378121604
2013-03-31,-0.00010062809649537659,4.382720468609978
2013-04-01,-0.0035726965596920126,4.367062338269683
2013-04-02,0.012825218872261276,4.423070868586801
2013-04-03,0.005762045164697573,4.448556802698256
2013-04-04,0.014738002477868132,4.51411964387936
2013-04-05,-0.005452077859481731,4.489508312113913
2013-04-07,-0.0022052445511639212,4.479607848371219
2013-04-08,0.0018826485482537232,4.488041375583701
2013-04-09,-0.010441580408831079,4.441179130682383
2013-04-10,0.007308991358676609,4.473639670570876
2013-04-11,0.004954134551745648,4.495802683434911
2013-04-12,0.024489505559224602,4.605902668244068
2013-04-14,-0.004297740234672287,4.586107695029771
2013-04-15,0.04463160273933988,4.790793031794169
2013-04-16,-0.012699059103861671,4.729954467929046
2013-04-17,0.014056282514127116,4.7964400442092145
2013-04-18,-0.013474809281244244,4.731808929384573
2013-04-19,-0.0019486638559943958,4.72258822435041
2013-04-21,0.008735185493686015,4.763840908500407
2013-04-22,-0.005412359019305049,4.738057291192751
2013-04-23,0.009316583199040145,4.7821997961479665
2013-04-24,-0.010465678919498258,4.732150828552592
2013-04-25,-0.013335913922741716,4.6690432724335835
2013-04-26,0.008920126256334303,4.710691727919979
2013-04-28,-0.005756219539548147,4.683575952150938
2013-04-29,-0.0072891189810594245,4.649436809778881
2013-04-30,-0.005301924976512397,4.624785844630399
2013-05-01,0.005022106052083113,4.648012009610306
2013-05-02,0.006761158613221937,4.679437956043442
2013-05-03,-0.007066060286943497,4.646372765337027
2013-05-05,0.0005083335598835519,4.648734672545376
2013-05-06,0.001979339866279313,4.6579360984105
2013-05-07,-0.000963995543973714,4.653445868767517
2013-05-08,-0.0024188573788410626,4.642189846890811
2013-05-09,0.011448195874818571,4.69533454554611
2013-05-10,0.00015941840072217082,4.696083068270217
2013-05-12,0.0053327707950160085,4.721126202907657
2013-05-13,0.0008012226776962369,4.724908876285693
2013-05-14,0.005787845504414102,4.752255918884069
2013-05-15,0.008514606936136338,4.792719510093295
2013-05-16,0.004219807608332944,4.812943864346591
2013-05-17,-0.0008432707454653003,4.808885249586221
2013-05-19,0.004228868332814819,4.829221392134337
2013-05-20,-0.009571545722320456,4.782998278776315
2013-05-21,0.0037668496032763512,4.801015113945195
2013-05-22,-6.769473849601578e-05,4.800690110482542
2013-05-23,-0.008184274806301526,4.761399943358458
2013-05-24,0.0019695222843467146,4.77077762665159
2013-05-26,-0.002080973395362535,4.760849765335338
2013-05-27,0.001754942531787491,4.769204783075975
2013-05-28,0.0010440503530678362,4.774184073013598
2013-05-29,0.0063568160838214085,4.804532683116054
2013-05-30,-0.003071900650403591,4.789773636041905
2013-05-31,0.0034763618216338515,4.806424622244509
2013-06-02,-0.0022419543045385315,4.795648837873228
2013-06-03,0.0002481460219190017,4.7968388590548665
2013-06-04,0.0002320057592468284,4.7979517532963465
2013-06-05,-0.008912034935957935,4.755192239649928
2013-06-06,0.005177708753246817,4.779813240132535
2013-06-07,-0.0018784006646846362,4.770834835765202
2013-06-09,0.001358035016186123,4.777313796528611
2013-06-10,-0.002627943883041288,4.7647592839596555
2013-06-11,-0.01466383802533276,4.694889625589971
2013-06-12,-0.009268943080857241,4.6513729608794705
2013-06-13,0.023152355721594187,4.759063202263557
2013-06-14,-0.004361411384831495,4.738306969832072
2013-06-16,0.0002873875468674637,4.739668700248437
2013-06-17,-0.010567105271726437,4.689584122139805
2013-06-18,0.006793699862948216,4.721443749147671
2013-06-19,-0.026028275927656067,4.598552708467948
2013-06-20,-0.016776513893680005,4.521405025063516
2013-06-21,-0.013148642640022362,4.461954686158155
2013-06-23,0.0016593934871559721,4.469358824704351
2013-06-24,-0.008335783483603918,4.432103217231081
2013-06-25,0.009307771767358069,4.473356222426441
2013-06-26,0.012715017385513458,4.5302350245661875
2013-06-27,0.010219491965608223,4.5765317250020585
2013-06-28,-0.006989472545775175,4.544544182155287
2013-06-30,0.002497806150259901,4.555895572563602
2013-07-01,0.007271794287964172,4.589025107964731
2013-07-02,0.013434466733941348,4.6506762131189054
2013-07-03,0.005691445220745175,4.677145282025295
2013-07-04,-0.008616349786642242,4.636845362272421
2013-07-05,0.018574819289814117,4.722973926951444
2013-07-07,0.0002280560517549053,4.724051029737766
2013-07-08,0.0010793696301258247,4.72915002695043
2013-07-09,-0.0017850796125453664,4.720708117652652
2013-07-10,0.013113003151867999,4.782610778078481
2013-07-11,-0.01364357052715335,4.717358890623843
2013-07-12,0.0068090506821365795,4.749479626395928
2013-07-14,0.0002692500127087203,4.750758423845695
2013-07-15,-0.010530800646020855,4.700729133966772
2013-07-16,0.003834155863689231,4.718752462139385
2013-07-17,-0.005427638776198615,4.693140778300594
2013-07-18,0.006168572664971779,4.722090758218484
2013-07-19,-0.0024642981318085894,4.710454118784775
2013-07-21,0.004804255301266597,4.73308434295632
2013-07-22,-0.012575978307520577,4.673561176931636
2013-07-23,-0.002221274830634709,4.663179913119886
2013-07-24,0.011132312708044977,4.71509189012661
2013-07-25,-0.004751370221326815,4.692688742929043
2013-07-26,-0.0033659307309056924,4.676893477678643
2013-07-28,-0.00128365081606101,4.670889979549391
2013-07-29,0.0025986523982678023,4.683027998996791
2013-07-30,0.004084435904757985,4.702155526698881
2013-07-31,0.004031071101668188,4.721110249958107
2013-08-01,0.008892391953066948,4.763092212754377
2013-08-02,0.0005183084833969645,4.76556096385545
2013-08-04,-0.0010706424122323775,4.760458752169468
2013-08-05,0.003549785986889668,4.777357361939085
2013-08-06,0.004824275126251111,4.800404648229501
2013-08-07,-0.00035503367580822973,4.798700342921872
2013-08-08,-0.009988145033398805,4.750770227924948
2013-08-09,-0.006133872477488782,4.721629609177007
2013-08-11,-0.003806608955084695,4.7036562116241205
2013-08-12,-0.003969375634570707,4.6849856332643025
2013-08-13,0.010434357281617332,4.733870447221026
2013-08-14,-0.006414546826845888,4.703504813565105
2013-08-15,-0.005604857322834137,4.6771423401678085
2013-08-16,-0.001841112709833456,4.668531193959625
2013-08-18,0.005732294676055846,4.69529259046776
2013-08-19,0.003376875718986142,4.711148010010046
2013-08-20,0.0026580191549784096,4.72367033166259
2013-08-21,0.006830528215397907,4.75593549514325
2013-08-22,0.0008174705402380997,4.759823332301803
2013-08-23,-0.008656441355530675,4.718620200763046
2013-08-25,-0.007810924860838387,4.681763412928052
2013-08-26,-0.0003527372042596551,4.6801119807907705
2013-08-27,-0.011730275150657677,4.625212979520205
2013-08-28,0.001440137203440684,4.631873920805849
2013-08-29,0.004734898454810066,4.653805373476348
2013-08-30,0.0024123783168005846,4.665032112649932
2013-09-01,0.0014319417576053924,4.671712166932606
2013-09-02,-0.002984923198613479,4.657767464908284
2013-09-03,-0.001409373996228213,4.651202928562765
2013-09-04,0.01198329086459336,4.706939646125981
2013-09-05,0.0021051476560965694,4.716848449089411
2013-09-06,-0.01135627706497714,4.663282611228044
2013-09-08,-0.0006234366752342997,4.660375349821222
2013-09-09,0.0037644208268915952,4.677918963849222
2013-09-10,0.015219191706717808,4.749113109348533
2013-09-11,-0.001219959405976539,4.7433193841407375
2013-09-12,0.0020192019445894713,4.752897103865004
2013-09-13,0.0002825703270784472,4.754240131554212
2013-09-15,0.0005353855693973537,4.756785483114095
2013-09-16,0.008636961282274837,4.797869655159838
2013-09-17,0.002063125890438287,4.807768264264346
2013-09-18,-0.02644137701300221,4.680644250997785
2013-09-19,0.009857671966389292,4.726784506615487
2013-09-20,0.00884285954523424,4.768582798108078
2013-09-22,0.0006889070749721414,4.771867908535285
2013-09-23,-0.004282613367963516,4.751431843240035
2013-09-24,-0.0026004221859784646,4.739076114459709
2013-09-25,-0.0006155805572640249,4.7361588313442535
2013-09-26,0.003942943445062835,4.754833237763079
2013-09-27,-0.0012718517206128314,4.748785794928403
2013-09-29,-0.004161088640019955,4.729025676303238
2013-09-30,0.006178764940622418,4.758245214355284
2013-10-01,0.006339725981003146,4.788411185164716
2013-10-02,-0.008032723622818514,4.749947201521875
2013-10-03,0.0008351689378673862,4.7539142098810965
2013-10-04,0.00334331170976815,4.769808026926225
2013-10-06,-0.0018686858441126389,4.760894754187174
2013-10-07,-0.005687152991734768,4.733818817342564
2013-10-08,-0.00449075306403025,4.712560405984019
2013-10-09,0.0030996743513492116,4.727167808603631
2013-10-10,0.006852134555289699,4.759558998493617
2013-10-11,0.005481781239924981,4.785649859721875
2013-10-13,0.0010686664108448146,4.790764122981024
2013-10-14,0.002154489957629633,4.801085776173358
2013-10-15,-0.0068109304281611565,4.768385914972207
2013-10-16,-0.00030031603580631827,4.766953892217028
2013-10-17,-0.00046958056313991815,4.7647154233238584
2013-10-18,0.0017420606478019693,4.773015846560806
2013-10-20,-0.0007420282555578937,4.769474133938433
2013-10-21,0.002147005886554002,4.779714222979766
2013-10-22,-0.0007173107615021479,4.776285682530717
2013-10-23,0.0054168478610261235,4.802158095413783
2013-10-24,0.004497432645211074,4.823755477999561
2013-10-25,0.001534972714254369,4.831159811038526
2013-10-28,-0.003259107726036156,4.815414540772655
2013-10-29,0.0038980495382663245,4.834185265199874
2013-10-30,0.00032576558178927105,4.835760076375269
2013-10-31,0.00471768395243599,4.858573664085415
2013-11-01,0.008158337290687677,4.898211546788676
2013-11-04,0.00036174455143670635,4.899983448127512
2013-11-05,0.004648043625761899,4.922758784959919
2013-11-06,0.0016716356609995564,4.930987844095357
2013-11-07,0.003434408372150742,4.947922870030092
2013-11-08,0.009119371474232469,4.993044816707746
2013-11-11,0.0007894702648229303,4.996986677121465
2013-11-12,0.01099649794401944,5.0519360308427235
2013-11-13,0.0006799599426067344,5.055371144976308
2013-11-14,-0.007510520325512209,5.017402677238955
2013-11-15,0.0027534022449391604,5.031217605034229
2013-11-18,0.0007977406287267136,5.035231211729729
2013-11-19,-0.00047276995549228414,5.032850705693867
2013-11-20,0.010961763311740149,5.0880196239130075
2013-11-21,-0.005881690714588071,5.0580934661353965
2013-11-22,0.008363818219235833,5.100398440422057
2013-11-25,0.001372256114099635,5.10739749336627
2013-11-26,0.0025308717294520544,5.120323661293305
2013-11-27,0.004288754478890655,5.142283472329048
2013-11-28,0.00781613207484867,5.182476239115083
2013-11-29,-0.00261603029567166,5.168918724266959
2013-12-02,0.012699082047770227,5.234559247244681
2013-12-03,0.0011504091103546573,5.240581131891402
2013-12-04,0.0013260680127554537,5.247530498898653
2013-12-05,0.0027101561575725627,5.2617521259922935
2013-12-06,-0.00125688437567624,5.2551387119564525
2013-12-09,0.002817661266100665,5.269945912753118
2013-12-10,-0.0054495271266377255,5.241227199545657
2013-12-11,0.001489901807677173,5.249036113424707
2013-12-12,0.010407367887715591,5.303664763313024
2013-12-13,0.0016127999112510373,5.3122185133726
2013-12-16,-0.0017829608024978157,5.302747035988953
2013-12-17,0.000765085259231135,5.30680408957962
2013-12-18,0.005458658458736707,5.335772120612061
2013-12-19,0.009655981932740898,5.387294239805914
2013-12-20,-0.0033155540874358173,5.369432374368906
2013-12-23,0.006643325564659108,5.40510326172926
2013-12-24,0.00022076621813753262,5.406296525934994
2013-12-25,-4.232873415790113e-05,5.40606768424657
2013-12-26,0.0019143653526884025,5.41641687291558
2013-12-27,0.0013772299244960567,5.423876524316505
2013-12-30,0.004182643635821458,5.446562666942419
2013-12-31,0.007256526395430173,5.48608579269945
2014-01-01,-0.0013399966888006133,5.478734455902757
2014-01-02,0.0023708006367728933,5.49172344303952
2014-01-03,-0.004224989316765176,5.468520970162049
2014-01-06,-0.0070885300136404135,5.429757195134833
2014-01-07,0.004025792198991168,5.451616269293424
2014-01-08,0.008963938775947334,5.500484223761328
2014-01-09,0.00778555277556631,5.5433085339765915
2014-01-10,-0.010071493850272253,5.487479136166485
2014-01-13,-0.010868209531717734,5.427840063113698
2014-01-14,0.004440213224125851,5.451940830340376
2014-01-15,0.004251741293911354,5.475121072300695
2014-01-16,-0.000531353438185322,5.472211847894447
2014-01-17,-0.002850493150969615,5.456613345501369
2014-01-20,-0.002890806364808218,5.440839332911896
2014-01-21,0.003857928205165496,5.46182970043411
2014-01-22,0.0003456496273507448,5.463717579834719
2014-01-23,-0.004730206453414478,5.43787306767895
2014-01-24,-0.005922743099212749,5.40566594249296
2014-01-27,0.000634552814578624,5.409096123031441
2014-01-28,0.003655559107007873,5.428869393624669
2014-01-29,-0.00504270976679932,5.40149318091076
2014-01-30,0.009473386388093526,5.45266361288618
2014-01-31,-0.010301731380393727,5.39649173703858
2014-02-03,-0.0100217869878982,5.342409246368026
2014-02-04,-0.0022549734028006574,5.3303622556105905
2014-02-05,0.0006062829488951546,5.333593963357601
2014-02-06,-0.0016376443410145312,5.32485943338624
2014-02-07,-0.0027957837215158814,5.309972278063018
2014-02-10,0.005776087129940561,5.340643140598679
2014-02-11,0.0023094799218214396,5.352977248701506
2014-02-12,0.002622506404299637,5.367015465818296
2014-02-13,-0.003970164953782278,5.345707529109497
2014-02-14,-0.0032866301887390847,5.328138165364155
2014-02-17,0.0008987697882466914,5.332926934974789
2014-02-18,-0.002044035220884163,5.322026244489298
2014-02-19,0.001379153158509942,5.329366133794058
2014-02-20,-0.0014776700517917698,5.321491089063117
2014-02-21,-0.002446160443523413,5.308473868060489
2014-02-24,-0.0030872449748282882,5.292085308787311
2014-02-25,0.0019161679042649803,5.302225832802642
2014-02-26,0.0014058577097184892,5.309680007868356
2014-02-27,-0.002673212620199078,5.295486104262103
2014-02-28,0.00046819630474890215,5.297965431287968
2014-03-03,-0.01370201298256053,5.225372640167302
2014-03-04,0.012816848864088681,5.292345451554871
2014-03-05,0.007554424615606632,5.332326076308392
2014-03-06,-0.006171091420514676,5.299419804607498
2014-03-07,0.018668472121101575,5.398351875487827
2014-03-10,0.008909861597424271,5.44645044355262
2014-03-11,-0.002584761069312219,5.432372670480187
2014-03-12,-0.005143475018815358,5.404431397356676
2014-03-13,-0.0028388207669241025,5.389089185272444
2014-03-14,-0.006378532119723373,5.35471470680813
2014-03-17,0.009846458848205834,5.407439684812599
2014-03-18,-0.0006618228249603705,5.403860917804593
2014-03-19,0.004297943407501822,5.427086406211329
2014-03-20,0.002175813461934038,5.438894733873043
2014-03-21,-0.008091519375217834,5.394885811754139
2014-03-24,0.00014538572641120033,5.395670151146786
2014-03-25,-9.94613908041639e-05,5.395133490289232
2014-03-26,-0.003318382895108689,5.377230371598229
2014-03-27,-0.014535436767476642,5.299069979547708
2014-03-28,-0.001912618347287184,5.288934881081267
2014-03-30,0.0031151329156847026,5.305410616218236
2014-03-31,0.006020845259618086,5.33735367257722
2014-04-01,0.010023255667814512,5.390851333027011
2014-04-02,-0.0009038496794209832,5.385978813777848
2014-04-03,-0.002138956342713402,5.374458440232398
2014-04-04,-0.010520602009521565,5.317915901965999
2014-04-06,-0.009432212304762376,5.267756190159784
2014-04-07,-0.0071843424625925726,5.229910825680235
2014-04-08,-0.00855706671610341,5.185158129825617
2014-04-09,0.004403924757449831,5.207993176084849
2014-04-10,-0.007580918525745211,5.168511804134313
2014-04-11,-0.003907872462958036,5.148313919180464
2014-04-13,-6.556983364976936e-05,5.147976345093206
2014-04-14,-0.0004477931272998205,5.145671116666372
2014-04-15,0.012028077703772452,5.207563648695692
2014-04-16,0.0036353818081578263,5.226495130848985
2014-04-17,0.000706721017981209,5.230188804808332
2014-04-20,0.0005879648710066594,5.233263972094292
2014-04-21,0.0029298980755109727,5.248596902134772
2014-04-22,0.005098355265287657,5.2753561137861436
2014-04-23,-0.0030235224527559467,5.259405956129828
2014-04-24,-0.00488853304157649,5.233695176334224
2014-04-25,-0.0014167876561595447,5.226280141612292
2014-04-27,0.0038809227270259405,5.246562930991679
2014-04-28,0.004112716593999231,5.2681405574194295
2014-04-29,-0.0009526691888932539,5.263121762227617
2014-04-30,0.0039475649963050035,5.283898277467478
2014-05-01,0.0020032102353860584,5.294483036579639
2014-05-02,-0.008221640436599785,5.250953700755205
2014-05-04,-0.0021506771258896383,5.239660594741885
2014-05-05,0.0018773078405691019,5.249497050658315
2014-05-06,-0.004977748373214694,5.223366375254205
2014-05-07,0.001553414930252092,5.231480430567702
2014-05-08,-0.0022056572872122164,5.219941577633112
2014-05-09,0.004059045101002479,5.241129555921323
2014-05-11,-0.003192831142292612,5.224395514254387
2014-05-12,0.001115808959712706,5.2302249415782756
2014-05-13,-0.004009234460322242,5.2092557435072635
2014-05-14,-0.011836071443045907,5.1475986203620145
2014-05-15,0.0015972607035713913,5.155820677356077
2014-05-16,0.0024729724921177362,5.168570880065471
2014-05-18,-0.001082282693121727,5.162977025253803
2014-05-19,0.003537740770114323,5.181242299571207
2014-05-20,-0.0014552826722276978,5.173702127432028
2014-05-21,0.0029022949330298605,5.188717736901481
2014-05-22,0.00017464197732143814,5.189623904826816
2014-05-23,0.0003881980898670263,5.191638506913798
2014-05-25,0.0006938027548475423,5.1952404800120675
2014-05-26,0.0005193185214147427,5.197938464616541
2014-05-27,0.013092348689691845,5.265991687462863
2014-05-28,-0.00728092213322737,5.227650412032223
2014-05-29,0.004210530438443768,5.249661593213627
2014-05-30,0.007869764506787549,5.290975193692546
2014-06-01,0.0024462677101778473,5.303918335464227
2014-06-02,0.0090340310293181,5.3518340982837795
2014-06-03,0.0036239762016036315,5.371229017690891
2014-06-04,0.0012037106382932151,5.377694423200195
2014-06-05,-5.079345843281047e-05,5.377421271502046
2014-06-06,-0.00032379395840920064,5.3756800949825125
2014-06-08,-0.002109963978237635,5.364337603623571
2014-06-09,-0.0040064865449430526,5.34284545719212
2014-06-10,-0.005524548417922066,5.313328648774387
2014-06-11,-0.003953939470212562,5.292320068911787
2014-06-12,-0.0022795274837782986,5.280256079861751
2014-06-13,0.00260399694586422,5.294005850567092
2014-06-15,-0.00036312684774666125,5.292083454910623
2014-06-16,0.00564579595690179,5.321961478283944
2014-06-17,0.008615769429196701,5.367814271291905
2014-06-18,-0.006328863355208622,5.333842108252759
2014-06-19,-0.0013476992153277079,5.326653693428785
2014-06-20,0.002923400121746595,5.342225633484657
2014-06-22,0.0005744660063763327,5.345294560509485
2014-06-23,-0.0021119557848793998,5.334005534740532
2014-06-24,-0.0024285057569611804,5.321051871591752
2014-06-25,0.002206465319331449,5.332792588008783
2014-06-26,-0.005430975528430343,5.303830321965113
2014-06-27,0.0012362129802121413,5.3103869858539685
2014-06-29,0.00034801865519055975,5.312235099591327
2014-06-30,-0.0009811796322186125,5.30702284271005
2014-07-01,-0.00331614503124124,5.289423985279513
2014-07-02,0.00033956044751173766,5.291220064455034
2014-07-03,0.0002956154362415739,5.2927842307826385
2014-07-04,0.0008438244913829951,5.297250411744179
2014-07-06,-0.0011175146929373225,5.2913306565768865
2014-07-07,-0.0026294147011521963,5.277417553959826
2014-07-08,-0.003140860333462301,5.260841922501476
2014-07-09,0.002263024575341244,5.272747337059083
2014-07-10,0.0019897579086634075,5.2832388277733795
2014-07-11,-0.00028977842290849124,5.281707859158018
2014-07-13,0.00038071195482125835,5.283718668481874
2014-07-14,0.0007749520752579051,5.287813297229092
2014-07-15,-0.005454775069731678,5.258969465081971
2014-07-16,0.0013882580384404475,5.266270271715783
2014-07-17,0.004041947280102257,5.287556258516828
2014-07-18,0.0022698502747809718,5.299558219543142
2014-07-20,-0.0018384447802752392,5.289815274396658
2014-07-21,0.002975161764562249,5.30555333054264
2014-07-22,-0.002110219345695697,5.294357449264909
2014-07-23,0.0013433124445251497,5.301469425512271
2014-07-24,-0.0013271021419380973,5.294433834082254
2014-07-25,0.0041325211099651395,5.316313193666913
2014-07-27,-0.0010410084924465661,5.310778866483799
2014-07-28,-0.0007759734147318456,5.306657843271888
2014-07-29,-0.0019666160472414885,5.29622168480009
2014-07-30,-0.0004259311786791483,5.293965858855336
2014-07-31,-0.0114753536835186,5.233215728236499
2014-08-01,0.0009959088127017236,5.238427533899019
2014-08-03,0.0014965250270042908,5.246266971805647
2014-08-04,0.005778937266212161,5.276584819517513
2014-08-05,-0.009289099505976199,5.227570098077291
2014-08-06,0.004228460746959697,5.2496746730389905
2014-08-07,-0.0016465905323803224,5.241030608424287
2014-08-08,0.00034790812498937396,5.242854005556276
2014-08-10,0.004053574321944746,5.264106303926904
2014-08-11,0.0036503732227109466,5.283322256620262
2014-08-12,-0.0038635925091793804,5.2629096523260035
2014-08-13,0.0025701807192167387,5.276436281241391
2014-08-14,0.0014431660925115085,5.284051055171777
2014-08-15,0.005526512392885957,5.313253428812827
2014-08-17,0.0026022124282027393,5.3270796429194744
2014-08-18,-0.0019204631192257888,5.316849182932069
2014-08-19,0.00471280881278556,5.341906476617642
2014-08-20,0.0012884801124608473,5.348789416875389
2014-08-21,0.0025638763436763657,5.3625030515286225
2014-08-22,-0.0014402309348952422,5.354779808745341
2014-08-24,-0.0026612367354032413,5.3405294720083125
2014-08-25,0.0030262726384156064,5.3566913702241035
2014-08-26,0.0030997305719152254,5.373295670228702
2014-08-27,0.0060372985306762095,5.405735860283462
2014-08-28,-0.00017660344545973968,5.40478118870529
2014-08-29,0.004005502776450258,5.426430054762756
2014-08-31,0.00043192400395047827,5.428773860159167
2014-09-01,-0.0011417548871240444,5.422575531073238
2014-09-02,0.012412889392145342,5.489885361361004
2014-09-03,-0.001773370799582254,5.480149758968112
2014-09-04,-0.00927706902241076,5.429310031401017
2014-09-05,0.0009886498905402688,5.4346777181692705
2014-09-07,-0.0010503279724855465,5.428969524140434
2014-09-08,-0.0007566999533750144,5.424861423154642
2014-09-09,-0.0008219625186196302,5.420402390396103
2014-09-10,0.004740318487890139,5.446096824059103
2014-09-11,0.004263975154302373,5.469318845604815
2014-09-12,-0.001962061559490375,5.458587705341257
2014-09-14,0.005503524579401301,5.488629176946421
2014-09-15,-0.006372819073801253,5.4536511362385545
2014-09-16,0.003257514437126588,5.471416483549903
2014-09-17,0.0028562767797518764,5.487044363404219
2014-09-18,0.006836122700923637,5.524554471937861
2014-09-19,0.0031697649685167254,5.5420660111696725
2014-09-21,-0.003461292549221157,5.522883299377919
2014-09-22,-0.0031142845356752495,5.5056834693263275
2014-09-23,-0.004367403758532794,5.4816379266491
2014-09-24,0.004522996421426181,5.506431355374888
2014-09-25,-0.012656872066123334,5.436737158169018
2014-09-26,0.005516504678629854,5.466728944138539
2014-09-28,0.0005480990008909016,5.469725252810962
2014-09-29,-0.0078026437613698575,5.42704693519071
2014-09-30,0.00407509635145019,5.449162674355454
2014-10-01,-0.0017336805005034235,5.439715567282853
2014-10-02,-0.0015578239094714568,5.4312414483114155
2014-10-03,0.01501930846655966,5.512814938979969
2014-10-05,0.008295316731730536,5.558545484982224
2014-10-06,-0.013014814693714322,5.486202045528597
2014-10-07,-0.007029070891984753,5.447639142422825
2014-10-08,0.0011844648326608453,5.454091679408052
2014-10-09,-0.0001618527760391736,5.453208919528967
2014-10-10,-0.003817040290032574,5.432393801373159
2014-10-12,-0.0011461524710988016,5.426167449793733
2014-10-13,-0.0015285783613052432,5.4178731276451595
2014-10-14,0.012277458820220272,5.484390841863001
2014-10-15,-0.006623890019597957,5.44806284010201
2014-10-16,-0.006005696328537201,5.41534342910557
2014-10-17,0.005083337000603513,5.442871444729717
2014-10-19,0.0020242720687251455,5.453889297368946
2014-10-20,0.0016966070111271302,5.463142404188773
2014-10-21,0.002306833098816771,5.475744961910305
2014-10-22,0.007462360046704207,5.516606942340006
2014-10-23,0.00037281541307527345,5.518663618435989
2014-10-24,0.009181563541097748,5.5693335791106025
2014-10-27,-0.004686984062890914,5.543230201384388
2014-10-28,0.006819693691679362,5.5810333334202955
2014-10-29,-0.011287011170836357,5.5180401478411705
2014-10-30,0.019953196015073463,5.62814268453009
2014-10-31,0.012767277968378812,5.699998746629183
2014-11-03,0.02489760102199727,5.841915041248641
2014-11-04,0.013302727348006825,5.919628444232592
2014-11-05,0.007346612707750395,5.9631176617861525
2014-11-06,0.008320542328475629,6.012734034700724
2014-11-07,0.004823545414273952,6.041736730381054
2014-11-10,0.002630309754084904,6.057628369434588
2014-11-11,-0.003058721904856437,6.0390997688495185
2014-11-12,0.003992764574935643,6.063212472471083
2014-11-13,0.01132450921460456,6.131875377985687
2014-11-14,-0.008136937159012328,6.081980693368123
2014-11-17,0.00677659850967803,6.123195834670691
2014-11-18,0.002154272355180238,6.136386866182677
2014-11-19,-0.0033438490265538575,6.115867714933634
2014-11-20,-4.2860649197391245e-05,6.1156055848729665
2014-11-21,-0.006424231049662929,6.076317521587133
2014-11-24,0.006214741785532021,6.114080265990701
2014-11-25,0.005767865493719526,6.14934545858274
2014-11-26,-0.000700312587577673,6.145038994552731
2014-11-27,-0.0028280254568228917,6.127660667842966
2014-11-28,0.031118529169994295,6.318344455079064
2014-12-01,-0.01917450995590955,6.197193296420284
2014-12-02,0.004568856696227191,6.225507384510449
2014-12-03,0.008314667610423314,6.277270409118889
2014-12-04,0.0061054921136181675,6.315596234096812
2014-12-05,0.0013642633707775813,6.324212370703611
2014-12-08,0.007260546236872455,6.370129607032905
2014-12-09,-0.006034233931307349,6.331690754811322
2014-12-10,-0.004702355099540755,6.30191689650172
2014-12-11,-0.001742145917498612,6.290938037708064
2014-12-12,0.010114050673298212,6.354564903804023
2014-12-15,-0.0014219692686633903,6.345528907795087
2014-12-16,0.005062800446916884,6.377655054385396
2014-12-17,0.0017111679859827926,6.388568293540101
2014-12-18,0.012300049678352864,6.467148000924195
2014-12-19,0.002826886370463801,6.48542989346378
2014-12-22,0.015483933140286515,6.585849856320189
2014-12-23,-0.004903723819709524,6.553554667506721
2014-12-24,0.009553134432003264,6.616161656252895
2014-12-25,-0.0014962531656891704,6.606262203430015
2014-12-26,-0.003489703937424524,6.583208304207046
2014-12-29,0.010756516255043239,6.654020691341584
2014-12-30,-0.002721099752908051,6.63591443728253
2014-12-31,-0.003279032955098728,6.614155055155465
2015-01-01,0.0022734701257091845,6.62919213908017
2015-01-02,0.002988049326772073,6.6490004921883905
2015-01-05,0.006476859267712495,6.692065132647246
2015-01-06,0.001916994591336191,6.7048937853114
2015-01-07,0.009149408074433171,6.766239594648945
2015-01-08,0.005372612878838136,6.80259198063646
2015-01-09,-0.0014113950643635759,6.79299083589011
2015-01-12,-0.007136410988699359,6.744513261442729
2015-01-13,0.00631461339437588,6.787102255221981
2015-01-14,-0.0026903832405471392,6.768842349062652
2015-01-15,-0.0005518810992724876,6.765106752906249
2015-01-16,-0.0007864266032424025,6.759786492981989
2015-01-19,0.002222296044539975,6.774808739767277
2015-01-20,0.004760755149143743,6.807061945359588
2015-01-21,0.0015781270073099,6.817804353655991
2015-01-22,-0.0030394851173738344,6.797081738789887
2015-01-23,0.01415214120653623,6.89327499934961
2015-01-26,0.006773215417396518,6.939964635851559
2015-01-27,-0.0069164657539675985,6.891964608113945
2015-01-28,-0.0025520133396276954,6.874376222497796
2015-01-29,0.008510617670144298,6.932881410248206
2015-01-30,-0.006247596821888229,6.889567562383012
2015-02-02,0.009480923042672507,6.954887022239258
2015-02-03,0.00398937457604608,6.982632671705051
2015-02-04,-0.001476353601728339,6.9723238368106335
2015-02-05,0.0056863110763872154,7.011970639072048
2015-02-06,-0.0078113839193068545,6.957197444379349
2015-02-09,0.01021720309637459,7.028280543650151
2015-02-10,0.0005268508291664698,7.031983399082188
2015-02-11,0.011958283041921314,7.116073846914505
2015-02-12,0.009204002965308211,7.181570211702859
2015-02-13,-0.011463911485161769,7.0992413264714225
2015-02-16,0.0004387270919456015,7.102355955973606
2015-02-17,0.0005984880213377427,7.1066066309365326
2015-02-18,0.006799269895179885,7.1549263674591455
2015-02-19,-0.0004284125934636495,7.151861106898021
2015-02-20,0.00811539430537582,7.20990127979778
2015-02-23,0.004277579409616412,7.24074220505761
2015-02-24,0.008942563671593918,7.305493003255934
2015-02-25,-0.005084972791989979,7.268344770102305
2015-02-26,-0.002318494448111266,7.251493153105865
2015-02-27,0.008486602772140108,7.3130336950011685
2015-03-02,0.00041911503250961725,7.316098697355994
2015-03-03,0.0015509899729193666,7.327445893076481
2015-03-04,0.0056209796782960685,7.368633317535277
2015-03-05,0.008413251219103152,7.430627480777154
2015-03-06,0.005767547139933872,7.473483975051825
2015-03-09,0.017749698340317217,7.606136061160189
2015-03-10,0.011550563778737009,7.693991220844371
2015-03-11,0.00029915658115398146,7.6962929289534285
2015-03-12,0.012656481020971829,7.793700914340566
2015-03-13,0.0027841355925207526,7.815399634453643
2015-03-16,0.015190877730807677,7.9341224147180265
2015-03-17,-0.003765010129559005,7.904250363457452
2015-03-18,-0.00475457618237027,7.866669002939865
2015-03-19,-0.010403193233683154,7.784830525196856
2015-03-20,0.00875103623340097,7.852955859193739
2015-03-23,-0.013842762105203273,7.744249259412258
2015-03-24,-0.007956769189067663,7.682630055512506
2015-03-25,-0.005305748941820688,7.641867949225071
2015-03-26,-0.001277687533890012,7.632104029810713
2015-03-27,0.009123799256134603,7.701737814880642
2015-03-29,0.004478293674791027,7.736228458621921
2015-03-30,0.004110250350324305,7.768026294354161
2015-03-31,0.0024301195848435535,7.7869035271876506
2015-04-01,-0.005680805788557269,7.742667640555466
2015-04-02,6.5963089774353145e-06,7.742718713583534
2015-04-05,-0.005670164574394354,7.698816224224272
2015-04-06,0.003172244996881306,7.723238755473477
2015-04-07,0.005483093461518086,7.765585995395356
2015-04-08,0.0015024382898325243,7.7772533091378255
2015-04-09,0.006228243701242907,7.825691938073433
2015-04-10,-0.001408272142285606,7.814671234122936
2015-04-12,0.0011395786135185242,7.82357666633302
2015-04-13,0.005586468726428711,7.867282832708306
2015-04-14,-0.004380663245177081,7.8328189159636485
2015-04-15,-0.004658520320558378,7.796329569876378
2015-04-16,-0.003598948549785005,7.768270980877225
2015-04-17,-0.004352607675271541,7.73445874498227
2015-04-19,-0.000945517072761433,7.7271456821903195
2015-04-20,0.006132901228017933,7.7745355034336985
2015-04-21,0.00011191693789354179,7.775405605640787
2015-04-22,0.004166266624733466,7.807800018509335
2015-04-23,-0.003457830376441277,7.7808019704321545
2015-04-24,0.008404046455069737,7.846192191649363
2015-04-26,-0.004355886273902843,7.8120150707793545
2015-04-27,-0.010203828712284663,7.732302607099336
2015-04-28,-0.003961403922126246,7.7016718332245055
2015-04-29,-0.004982662185977841,7.6632970042122865
2015-04-30,0.00542432310779295,7.7048652032341165
2015-05-01,0.0009390126711659313,7.712100169289578
2015-05-03,0.0032805524993151382,7.73740011877491
2015-05-04,-0.00045872523182097875,7.733850778111733
2015-05-05,-0.010550810053405746,7.652252387570492
2015-05-06,-0.0069132981827405345,7.599350085045629
2015-05-07,0.011664244274345481,7.687990760763869
2015-05-08,0.003534906801457665,7.715167091593637
2015-05-10,-0.001125084080369796,7.706486879921492
2015-05-11,0.002466042991376741,7.7254914078798596
2015-05-12,-0.007352269631932955,7.6686915120099455
2015-05-13,-0.007448846574087933,7.611568605512973
2015-05-14,-0.0011152133666050713,7.603080082463274
2015-05-15,0.0021692310734768615,7.619572920032287
2015-05-17,-0.00017655806527587607,7.618227622979298
2015-05-18,0.006719337867136429,7.6694170683268466
2015-05-19,0.014891032794598252,7.783622609406754
2015-05-20,0.004692932583629429,7.820150625569113
2015-05-21,0.003027119666695037,7.843823157324291
2015-05-22,0.0028944001478702986,7.86652632023072
2015-05-24,0.007078999150304662,7.9222134533674815
2015-05-25,0.0006063171807406724,7.927016827493753
2015-05-26,0.01962330166440384,8.082571069998469
2015-05-27,0.00594380571413606,8.130612302109236
2015-05-28,0.0001781680068274245,8.13206091709739
2015-05-29,-4.927847025724421e-05,8.131660181575356
2015-05-31,0.0022913841737266924,8.15029293902154
2015-06-01,0.0027525473729932883,8.172727006439969
2015-06-02,-0.012551622496378824,8.070146022289174
2015-06-03,-0.0021112273048764603,8.053108109652577
2015-06-04,0.004780912050894344,8.09160931126117
2015-06-05,-0.00479959468169257,8.052772866244506
2015-06-07,0.00661809860115497,8.106066911086018
2015-06-08,-0.010543083755464509,8.020603968715038
2015-06-09,-0.006364061146772976,7.969560354624085
2015-06-10,-0.0023500134461608606,7.950831780630728
2015-06-11,0.010377762374351198,8.033343623528554
2015-06-12,-0.001008855758439073,8.025239138554436
2015-06-14,0.0007006181639137982,8.030861766864659
2015-06-15,-0.0006329222812935234,8.025778855514421
2015-06-16,0.004946201324917936,8.065475973523064
2015-06-17,-0.00547484277655038,8.021318760649981
2015-06-18,0.0014841549802065467,8.033223640836423
2015-06-19,0.002580568916792388,8.053953928065608
2015-06-21,0.0006427510805870286,8.05913061565587
2015-06-22,0.0026469651362546675,8.080462853424034
2015-06-23,0.003082836881163388,8.10537360232544
2015-06-24,0.00209265751315792,8.122335373291298
2015-06-25,-0.0028670654896332136,8.099048105847308
2015-06-26,-0.0006542503636764502,8.093749300678624
2015-06-28,0.001168812528183171,8.103209376261232
2015-06-29,-0.008151309667783452,8.037157607332441
2015-06-30,-0.002238687319683597,8.019164924510607
2015-07-01,0.011804933891492713,8.113830636309432
2015-07-02,-0.003441311772169776,8.085908415423308
2015-07-03,0.0022319728967557313,8.103955943852181
2015-07-05,0.0016530948446036957,8.117352551643858
2015-07-06,0.009812651582805375,8.197005304007936
2015-07-07,0.009660578491923848,8.276193117146022
2015-07-08,-0.004414275797363217,8.2396597181747
2015-07-09,-0.0023827321255698274,8.220026816260441
2015-07-10,-0.0023135992322393627,8.201008968529354
2015-07-12,-0.0022813011698344056,8.182299997175626
2015-07-13,0.0068556689287159935,8.238395137031697
2015-07-14,0.003063979565283719,8.263637411382295
2015-07-15,0.00963781452564099,8.343280816060346
2015-07-16,0.0069445284482871775,8.401220967039526
2015-07-17,0.006452973803756412,8.455433825859402
2015-07-19,0.0030701685145702153,8.481393432568588
2015-07-20,0.012837129492464187,8.590270178339008
2015-07-21,-0.0040760992527801845,8.5552553844839
2015-07-22,0.010188865315181518,8.642423729333387
2015-07-23,0.008575407454535555,8.716536034207166
2015-07-24,-0.000996418695168839,8.70785071474557
2015-07-26,0.003936286907553372,8.742127313506952
2015-07-27,0.0031911791791407857,8.770025008171213
2015-07-28,-0.0007425280020330962,8.763513019024115
2015-07-29,2.908057090728728e-05,8.763767866985862
2015-07-30,0.00882845440528864,8.84113839201808
2015-07-31,0.0007826780430632144,8.848058156913195
2015-08-02,0.0018975280252689145,8.864847595235148
2015-08-03,0.010295202529206389,8.956112996618643
2015-08-04,-0.00021594024045413422,8.95417901142462
2015-08-05,0.002831751055742586,8.979535017293529
2015-08-06,0.0017523191966366063,8.995270028881203
2015-08-07,0.00645214927501594,9.053308853876622
2015-08-09,-0.0020976300550090057,9.034318361127452
2015-08-10,-0.01284626629073111,8.918261101705166
2015-08-11,0.005734784824645871,8.969405410133454
2015-08-12,-0.005078515939033128,8.923854141794441
2015-08-13,0.006370387284957684,8.980702548752145
2015-08-14,0.004040212835915876,9.016986498465155
2015-08-16,-0.0009321458234053041,9.008581352160908
2015-08-17,0.004295341519104927,9.04727628567108
2015-08-18,-0.0005982476050676025,9.041863774300793
2015-08-19,0.000344994372297641,9.04498316641801
2015-08-20,-0.015236496839383823,8.907169308990603
2015-08-21,-0.0012632370376079957,8.895917442819242
2015-08-23,-0.005703591685194282,8.845178762060202
2015-08-24,-0.008995794401733644,8.765609352470129
2015-08-25,3.479772751331829e-05,8.765914375755864
2015-08-26,0.01581692811209627,8.904564213273986
2015-08-27,-0.0035749247324120634,8.872731066436602
2015-08-28,-0.004908782243133139,8.829176761729581
2015-08-30,0.0031393998036058327,8.856895077521356
2015-08-31,-0.004023328553356333,8.821260878661883
2015-09-01,0.004448092742381445,8.860498665154912
2015-09-02,0.007411284685289413,8.926166343216002
2015-09-03,-0.0007797059452970751,8.919206558249485
2015-09-04,0.005773180146312364,8.970698744472429
2015-09-06,0.0025264131405352457,8.993362435660247
2015-09-07,0.0002294699196956354,8.995426141816152
2015-09-08,0.0005045925429840897,8.999965166768277
2015-09-09,0.003037819227747451,9.027305434000942
2015-09-10,0.001917135579037707,9.044612002431306
2015-09-11,0.0041708511272544055,9.082335732597226
2015-09-13,0.00040465483992822783,9.086010943709274
2015-09-14,-0.004537177744268548,9.044786097071295
2015-09-15,0.002299825494914641,9.06558752673339
2015-09-16,-0.011282009490492252,8.963309482219895
2015-09-17,0.0023213879568847826,8.984116800905753
2015-09-18,0.005124396067520634,9.030154973710461
2015-09-20,0.005226242846363286,9.077348756543367
2015-09-21,0.006969663899561423,9.140614826475575
2015-09-22,0.009314330387008752,9.225753532909758
2015-09-23,0.008735268238751337,9.306342964724333
2015-09-24,-0.01890601523143469,9.1303971028843
2015-09-25,0.0014544832750641539,9.143677112765142
2015-09-27,0.0017800753098284826,9.159953546634618
2015-09-28,0.013770320757421003,9.286089045094853
2015-09-29,-0.0012128832401480172,9.274826103325536
2015-09-30,-0.0013181929628577572,9.262600092824403
2015-10-01,0.0031240883794056338,9.291537274137479
2015-10-02,-0.007505499220113943,9.22179964837278
2015-10-04,-0.0032129083505744154,9.192170851275199
2015-10-05,-0.0017694270158503198,9.17590597583664
2015-10-06,-0.01183139090996637,9.06734224528342
2015-10-07,-0.0018303944123149764,9.050745432703106
2015-10-08,-0.005026117880892329,9.005255319248393
2015-10-09,-0.005581339665471835,8.954993930537372
2015-10-11,-0.002762849556979921,8.930252629523629
2015-10-12,0.00417498761985551,8.967536323694073
2015-10-13,0.009317958230100155,9.05109545258516
2015-10-14,-0.010113507588415897,8.959557130041963
2015-10-15,0.005117900200993047,9.005411249278614
2015-10-16,0.002604391734355249,9.028864867900705
2015-10-18,0.00637375620125373,9.08641265134277
2015-10-19,0.005082247825171916,9.132592052278671
2015-10-20,-0.002353259396310322,9.111100694218976
2015-10-21,0.008198587554584337,9.185798850979163
2015-10-22,0.012575056818461208,9.301310793453181
2015-10-23,0.0009080028463339639,9.309756410128273
2015-10-26,0.0065103721390960155,9.370366388882543
2015-10-27,0.000912291508045275,9.378914894566392
2015-10-28,-0.00232466818551271,9.357112029496363
2015-10-29,0.009893204068763874,9.449683848298456
2015-10-30,-0.004290354864104191,9.409141351235661
2015-11-02,-0.003865036820961355,9.372774673459505
2015-11-03,-0.004891870282735382,9.326924275567633
2015-11-04,0.00565788903888571,9.379694978192884
2015-11-05,0.006342810695943504,9.439188607825253
2015-11-06,0.0040451209063997575,9.477371267002217
2015-11-09,0.01216312361785619,9.592645705295084
2015-11-10,0.0021824734195016173,9.613581399569586
2015-11-11,-0.00016651964278933398,9.611980549429003
2015-11-12,0.004635121451128245,9.656533246661489
2015-11-13,0.005475218097573658,9.709404872253431
2015-11-16,0.0019300578555622025,9.728144585399956
2015-11-17,0.00804680859967345,9.80642510290862
2015-11-18,-0.0023226583899393217,9.783648127368037
2015-11-19,-0.004652673143371253,9.738128010481638
2015-11-20,-0.0030677370972863635,9.70825399392576
2015-11-23,0.0026007757280368266,9.733502985274779
2015-11-24,-0.0029707374616839226,9.70458730332301
2015-11-25,0.0036422084687282616,9.739933433384685
2015-11-26,0.002295540394436809,9.762291844020146
2015-11-27,0.01040984801536147,9.863915818397997
2015-11-30,0.007451885185996128,9.93742058656103
2015-12-01,0.00560902077218767,9.993159785053017
2015-12-02,0.0014779357433538725,10.007929033088393
2015-12-03,-0.019175022796188913,9.816026765736282
2015-12-04,-0.01132764597990518,9.704834289604747
2015-12-07,0.01611340942401682,9.861212257905384
2015-12-08,0.005037139513203002,9.910884559817761
2015-12-09,-0.007734837186692834,9.834225481371462
2015-12-10,-0.011544596023774169,9.720693320982322
2015-12-11,0.008046962770365816,9.79891537823841
2015-12-14,-0.002251921350367173,9.776848991487714
2015-12-15,0.005798547346636934,9.833540513265774
2015-12-16,0.005972120100461436,9.89226759822375
2015-12-17,0.013348304521963695,10.024312598537596
2015-12-18,-0.0021794771314449226,10.002464838470628
2015-12-21,-0.00034152782854370326,9.99904871837426
2015-12-22,0.001654733064754034,10.01559447490464
2015-12-23,-0.006467009875396703,9.950823526527463
2015-12-24,-0.0012646513753447651,9.938239203868827
2015-12-25,-0.007548482138378445,9.863220582751492
2015-12-28,0.006699514614438099,9.929299373191062
2015-12-29,-0.005319460637664402,9.876480856015787
2015-12-30,0.007387446445973239,9.949442829414284
2015-12-31,-2.2410240234647873e-05,9.949219860010276
2016-01-01,0.0007314793919389394,9.956497509303741
2016-01-04,0.002108893366848172,9.977494700858154
2016-01-05,0.0019331606786560716,9.996782801285352
2016-01-06,0.003441362497386252,10.031185354712212
2016-01-07,-0.005943973116695798,9.97156025863521
2016-01-08,-0.006244410021230664,9.909293747828883
2016-01-11,0.00466227957748069,9.955493645696643
2016-01-12,0.016690920728180635,10.121660000946873
2016-01-13,-0.0006695362036213099,10.114883183135493
2016-01-14,0.0011290986184248988,10.126303883763102
2016-01-15,0.007631912013417701,10.20358694402511
2016-01-18,-0.004480722288391676,10.157867504583475
2016-01-19,0.006085813402342068,10.219686390782083
2016-01-20,0.0009534676344601995,10.229430530990028
2016-01-21,-0.0023563905338362156,10.205325997720267
2016-01-22,0.0036040676263586757,10.242106682765087
2016-01-25,0.003407545551259995,10.277007127827474
2016-01-26,-0.00413162167917944,10.23454642238106
2016-01-27,-0.00885878508147318,10.143880775218825
2016-01-28,0.0025699820766486433,10.1699503669988
2016-01-29,-6.879856109265683e-05,10.169250689047166
2016-02-01,0.011317529502375235,10.284341483737508
2016-02-02,-0.0038482729345690296,10.244764530755775
2016-02-03,-0.012253359462052952,10.119231748356334
2016-02-04,-0.025274431970010065,9.863473913943736
2016-02-05,-0.014972780044732938,9.715790288553295
2016-02-08,-0.0073343065539564255,9.644531704163093
2016-02-09,-0.001924508014578345,9.625970725601576
2016-02-10,-0.008921619986139856,9.540091472790053
2016-02-11,-0.019361143390024087,9.355384393831418
2016-02-12,0.005166948074070165,9.403723179207311
2016-02-15,0.00664419493438761,9.466203349118985
2016-02-16,0.018169493380630543,9.638199468210503
2016-02-17,0.0005813940168273605,9.64380305971431
2016-02-18,-0.010148086953593293,9.545936907701
2016-02-19,0.001435310360276543,9.559638289843168
2016-02-22,-0.004544237976765416,9.516197018482321
2016-02-23,-0.0004051020714806418,9.512341987357518
2016-02-24,-0.004624934718347207,9.468348026647396
2016-02-25,0.0024201814188460832,9.491263146608656
2016-02-26,0.010430825909892782,9.590264860155912
2016-02-29,-0.0055228340892023815,9.537299418461764
2016-03-01,-0.006338785205792024,9.47684452600481
2016-03-02,-0.013584095886207181,9.348110161264882
2016-03-03,-0.009436076961686123,9.259900674336867
2016-03-04,-0.0174170221476296,9.098620779207092
2016-03-07,-0.008380485841791787,9.022369916587115
2016-03-08,0.010108820357214759,9.113575433270233
2016-03-09,-0.0014248098331095995,9.100590321378125
2016-03-10,-0.01150122043128222,8.995922426037161
2016-03-11,-0.010109435615706243,8.90497872746725
2016-03-14,0.0024413248715185283,8.92671867351496
2016-03-15,0.012431909674388075,9.037694833752772
2016-03-16,0.001433348367257707,9.050648998886505
2016-03-17,-0.012700889347360045,8.935697707429853
2016-03-18,-0.0033496798135959245,8.90576598119888
2016-03-21,-0.00041955241741096724,8.90202954555257
2016-03-22,-0.0030134936844971203,8.875203335737842
2016-03-23,0.01338711586292716,8.994016711100402
2016-03-24,0.0077531191652177,9.063748394435521
2016-03-25,-0.000914824298663157,9.055456657167323
2016-03-27,-0.001152618330616981,9.045019171832164
2016-03-28,-0.0038863302092974165,9.009867240580999
2016-03-29,-0.0038638506203798814,8.97505445945394
2016-03-30,-0.0006034885168159114,8.969638117149861
2016-03-31,0.002961816263435759,8.996204537202368
2016-04-01,-0.0013800384124617662,8.983789429374665
2016-04-03,0.0005064401885866061,8.9883391813875
2016-04-04,0.009062528842654342,9.069796264466383
2016-04-05,0.009702356308434827,9.157794659469147
2016-04-06,-0.002273969828802743,9.136970110715144
2016-04-07,0.010513254364430473,9.23302940160929
2016-04-08,-0.007101779081760252,9.167458466543664
2016-04-10,-0.0025117051800786737,9.14443251362509
2016-04-11,-0.0006455058259602501,9.138529729162444
2016-04-12,-0.011453939291483499,9.0338575644312
2016-04-13,-0.008972257557551483,8.952803467624888
2016-04-14,-0.0012856301472267454,8.941293473584713
2016-04-15,0.002412134424927296,8.962861075375724
2016-04-17,0.006061046575007284,9.017185393798895
2016-04-18,-0.0005047311208610796,9.012634139708071
2016-04-19,-0.004861946781642125,8.9688151921584
2016-04-20,-0.0082772379805201,8.894578174409602
2016-04-21,0.0016789608847466283,8.909511823250758
2016-04-22,-0.00018452096658367083,8.907867831517343
2016-04-24,-0.004643742013746832,8.866501991415223
2016-04-25,0.0035487979185385658,8.897967415227075
2016-04-26,-0.004384097785908339,8.858957855982894
2016-04-27,0.00023254199032226469,8.861017935674905
2016-04-28,0.012657002481073003,8.973171861671576
2016-04-29,0.0032816464234293203,9.002618639018246
2016-05-01,0.005748790016920564,9.054372803176378
2016-05-02,0.009626220412643478,9.141532191477998
2016-05-03,0.008862090383898668,9.222545276006196
2016-05-04,-0.003395534124962998,9.1912298088025
2016-05-05,0.001004726763751452,9.200464483383193
2016-05-06,0.0002216668344557709,9.202503921220746
2016-05-08,-0.002587581159524506,9.178691695453745
2016-05-09,0.0023486952398450744,9.200249644946862
2016-05-10,-0.009978608601835257,9.108443954700762
2016-05-11,-0.00039445931625883054,9.104851044126208
2016-05-12,-0.0068708198889497595,9.042293252486301
2016-05-13,0.004885928388969842,9.086473249790016
2016-05-15,0.0011304570078152088,9.096745117151567
2016-05-16,-0.004186688969591925,9.058659874710399
2016-05-17,-0.0022609891227719473,9.038178343266788
2016-05-18,-0.010547480029692932,8.942848337686378
2016-05-19,0.001433903302489436,8.95567151745145
2016-05-20,0.002727765185876139,8.980100486432896
2016-05-22,5.875445535685864e-05,8.980628107346027
2016-05-23,0.004079145695358026,9.017261397831717
2016-05-24,-0.00569679873140307,8.96589187453982
2016-05-25,0.00045985995375896803,8.970014929162653
2016-05-26,0.0046786214411265285,9.01198223333746
2016-05-27,-0.0011053911627003415,9.002020467818316
2016-05-29,-0.0052579871401352285,8.954687959963293
2016-05-30,0.00033428072533979425,8.95768133954974
2016-05-31,0.004640017622814599,8.999245138824808
2016-06-01,0.0035109694022295067,9.030841213150385
2016-06-02,0.0023016231403258317,9.051626806263181
2016-06-03,0.014143194839395178,9.179645727797652
2016-06-05,0.011647059166177634,9.286561604713862
2016-06-06,-0.008534062581423094,9.207309506812994
2016-06-07,-0.00298869458378514,9.179791670758748
2016-06-08,0.002640903406052413,9.204034613848906
2016-06-09,-0.0006493609636624583,9.198057873062474
2016-06-10,0.005017167272070392,9.244206067989813
2016-06-12,-0.0009430060893731519,9.235488725376278
2016-06-13,0.01243101382257836,9.350295213379697
2016-06-14,-0.0033519249873182402,9.318953725215167
2016-06-15,0.008762896935643995,9.400614756257262
2016-06-16,0.00436666722417804,9.441664112600535
2016-06-17,-0.0019089693375598112,9.423640265314042
2016-06-19,0.0022961511317269867,9.44527836757423
2016-06-20,-0.005551641812418871,9.39284156525887
2016-06-21,-0.007649497954419226,9.320991042919237
2016-06-22,0.0036662383779437428,9.355164018001258
2016-06-23,-0.008963160230044707,9.271312183929563
2016-06-24,0.031966763522336857,9.567686028055
2016-06-26,-0.004378722168731177,9.525791789140497
2016-06-27,0.012547524579120936,9.645316895750325
2016-06-28,-0.012487697279530443,9.524869098191054
2016-06-29,-0.008081977167244757,9.447889323618478
2016-06-30,-0.0023922919146173996,9.425287214379384
2016-07-01,-2.3261033496225223e-05,9.425067972457779
2016-07-03,0.0044320723057341485,9.46684055519817
2016-07-04,0.004219877455750582,9.506789462234234
2016-07-05,0.01472126136863691,9.646741394684389
2016-07-06,0.005779852670482294,9.702498138695907
2016-07-07,0.007246348937600483,9.772805825775317
2016-07-08,0.0015158292640278946,9.787619730837688
2016-07-10,-0.005018666547443413,9.738498931115435
2016-07-11,-0.00984107614386504,9.64266162160738
2016-07-12,-0.017659189846108994,9.472380029409624
2016-07-13,0.007013645024836687,9.538815940476255
2016-07-14,-0.009710262398761002,9.446191534720745
2016-07-15,-0.002975405928382629,9.418085280427698
2016-07-17,-0.0006346883147356416,9.412107731753027
2016-07-18,-0.003285396138190857,9.38118522935889
2016-07-19,0.0009337534454555202,9.38994494338926
2016-07-20,-0.00326224642173672,9.359312629097383
2016-07-21,0.01091350913798586,9.461455573000304
2016-07-22,-0.000922381639043149,9.452728500101147
2016-07-24,-0.005003919468371933,9.405427807930256
2016-07-25,0.005729367596167717,9.459314961241107
2016-07-26,0.004285358700714621,9.499851518913061
2016-07-27,0.010878944143374442,9.603199872957669
2016-07-28,0.004474453347604775,9.646168942776944
2016-07-29,0.002022068642528833,9.665674158516667
2016-07-31,0.00729042074832867,9.7361409899485
2016-08-01,-0.001493668973897252,9.721598418226325
2016-08-02,0.0027530173013737835,9.748362146868711
2016-08-03,-0.001522072935724787,9.733524428677319
2016-08-04,0.006889048220745653,9.800579147824283
2016-08-05,-0.005636195259624956,9.745341170089736
2016-08-07,-0.0021431563138088403,9.724455380630838
2016-08-08,-0.002678097744974637,9.698412338604864
2016-08-09,0.008756177237533266,9.783333355964368
2016-08-10,0.008562321634155164,9.867101402812295
2016-08-11,-0.006072199183493127,9.807186397730694
2016-08-12,0.0004891072292567055,9.811983163496492
2016-08-14,-0.0015732054125125417,9.796546898476198
2016-08-15,0.00045442695651337975,9.800998713467614
2016-08-16,0.0010152790709173501,9.810949462335484
2016-08-17,0.004125098381546262,9.851420594083995
2016-08-18,-0.0012559053408723966,9.839048142344705
2016-08-19,-0.0034477189328747226,9.805125869782877
2016-08-21,-0.0004863621268557223,9.800357027910762
2016-08-22,0.0014240173810273447,9.814312906658781
2016-08-23,-0.00265255242917274,9.788279927117562
2016-08-24,-0.0028925957115599355,9.759966390576833
2016-08-25,-0.0012297098541818228,9.747964463729858
2016-08-26,-0.0021099445876091786,9.727396798869405
2016-08-28,-0.009511174548005099,9.634877830017652
2016-08-29,0.011650104416483254,9.747125162777417
2016-08-30,-0.005034786223860645,9.698050471285619
2016-08-31,0.00045670020789449414,9.702479572952027
2016-09-01,0.0014136170414575603,9.716195163420746
2016-09-02,0.005417206479318881,9.768829798814357
2016-09-04,-0.00047979642580979335,9.764142749192542
2016-09-05,0.000981801881971977,9.773729202919544
2016-09-06,0.016864365723868714,9.938556946683635
2016-09-07,-0.0024613147884829465,9.914095029494582
2016-09-08,-0.013651451400816157,9.778753243016364
2016-09-09,-0.01685219486185341,9.613959787859072
2016-09-11,-0.004020591833603603,9.575305979647412
2016-09-12,0.011742537408540024,9.68774436831164
2016-09-13,-0.019010398679339957,9.503576485566505
2016-09-14,0.0016789435014233824,9.519532453547226
2016-09-15,0.009818517149252326,9.613000146195244
2016-09-16,-0.004125412142503638,9.57334255866624
2016-09-18,0.005925449700153926,9.63006891845996
2016-09-19,0.0009973110498615598,9.63967309260327
2016-09-20,0.005917552968162784,9.696716368724523
2016-09-21,0.014254763035065494,9.834940762778933
2016-09-22,0.0035458966783230854,9.869814446561175
2016-09-23,0.0008120832294958987,9.877829557351465
2016-09-25,-0.003757422701605239,9.840714376330085
2016-09-26,-0.0030174347679930214,9.811020662629058
2016-09-27,0.007089422845254738,9.880575136649966
2016-09-28,-0.0010705736062738185,9.869997253693864
2016-09-29,-0.011638638808920411,9.755123920613084
2016-09-30,-0.00038362312911459405,9.751381629449758
2016-10-02,-0.0020793253658518145,9.731105334275542
2016-10-03,0.002512402540370669,9.75555378803799
2016-10-04,-0.021226881243424596,9.548473806315465
2016-10-05,0.0021233109682533913,9.568748185478496
2016-10-06,-0.001459019205329331,9.554787198104922
2016-10-07,0.00250845752549961,9.578754975956556
2016-10-09,0.00023256496894008397,9.580982658810024
2016-10-10,0.0024004509895091107,9.603981338113833
2016-10-11,-0.0007530008290145898,9.596749532204392
2016-10-12,0.0016437132383483896,9.61252383645559
2016-10-13,0.0021882862404653328,9.633558790103052
2016-10-14,-0.0016722722899055946,9.617448856685186
2016-10-16,0.0011991762988628868,9.628981873409648
2016-10-17,0.0021947422100739816,9.650115006367256
2016-10-18,0.011828391197419484,9.764260341762657
2016-10-19,0.003963534143742695,9.802961321015626
2016-10-20,0.0030161329632027805,9.832528355792943
2016-10-21,0.0016214556695017873,9.84847136464098
2016-10-23,0.002116196198032603,9.869312662299265
2016-10-24,0.000900765149328214,9.878202595193288
2016-10-25,0.0029067463384684616,9.906916024417516
2016-10-26,-0.006650874626949964,9.841026367999394
2016-10-27,-0.0056798422688052,9.785130890466004
2016-10-28,0.0025888217168068208,9.81046284981704
2016-10-31,0.0014162007770936302,9.8243564349286
2016-11-01,-0.006135551969529992,9.764078585454909
2016-11-02,0.007476635317943134,9.837081040254095
2016-11-03,-0.0001579358959128476,9.835527412046835
2016-11-04,0.004171694798793341,9.876558230595059
2016-11-07,0.00217407633877304,9.898030622152708
2016-11-08,-0.002067848193890443,9.877562997407617
2016-11-09,-0.011328666186618165,9.765663383472694
2016-11-10,-0.018792315223280648,9.582143958806025
2016-11-11,-0.0200063801042843,9.39043994455218
2016-11-14,-0.00601342056937622,9.333971279834117
2016-11-15,-0.009198715560464452,9.248110732981377
2016-11-16,0.0016554606215458735,9.263420616123526
2016-11-17,-0.005608195047535854,9.21146954650094
2016-11-18,-0.012174540915367037,9.099324133616406
2016-11-21,0.00047538092522169046,9.103649778741936
2016-11-22,0.006503870920478413,9.162858741808114
2016-11-23,-0.006618118146371124,9.102217860096317
2016-11-24,-0.011779239132829506,8.99500065928313
2016-11-25,0.0023746935790695083,9.016361029592456
2016-11-28,0.00901098493861527,9.097607323031232
2016-11-29,0.0037564341813570204,9.13178188614803
2016-11-30,-0.014405785855602959,9.000231391816108
2016-12-01,-0.010202256013185805,8.90840872697889
2016-12-02,0.003890645918337323,8.943068191031392
2016-12-05,0.0028315110743015247,8.96839058765253
2016-12-06,0.010962522786046978,9.06670677382384
2016-12-07,0.004630233670165197,9.108687744805513
2016-12-08,0.0011922217847202647,9.119547320765085
2016-12-09,-0.007464951981998094,9.051470337918014
2016-12-12,-0.006407947945948365,8.993468987158339
2016-12-13,0.008755018015737824,9.07220697016489
2016-12-14,-0.013016780709501654,8.954116041483042
2016-12-15,-0.01248299370255653,8.84234186732525
2016-12-16,-0.0032115773212783236,8.813944002717157
2016-12-19,0.0021004569039546365,8.832457312248735
2016-12-20,0.0019566902920548474,8.849739695726601
2016-12-21,-0.0021512289317873012,8.830701879654367
2016-12-22,0.0016384412822873454,8.845170466165566
2016-12-23,0.0058029707182831,8.896498731378948
2016-12-26,0.0037323533269031702,8.9297036080168
2016-12-27,0.00451708107480747,8.970039803188211
2016-12-28,0.0022736649891636164,8.990434668640125
2016-12-29,0.004078379666444351,9.027101074585204
2016-12-30,0.009246122200552402,9.110566754237556
2017-01-02,-0.0018000486788863723,9.094167290587684
2017-01-03,0.006547735998737912,9.15371349713481
2017-01-04,0.007370227643752491,9.221178449394381
2017-01-05,0.011038746016045674,9.32296869626588
2017-01-06,-0.0017062119612960632,9.307061735561522
2017-01-09,-0.0032175335389728623,9.277115952278061
2017-01-10,0.003702743174584706,9.311466730050189
2017-01-11,0.007538832703213178,9.381664319949572
2017-01-12,0.007455240855037165,9.451606887075904
2017-01-13,0.0007630110977025877,9.458818568021865
2017-01-16,0.001602702937674446,9.473978244327762
2017-01-17,0.0051261982213956095,9.522543734753377
2017-01-18,-0.005438684092850613,9.470753627619699
2017-01-19,-0.008101194084667035,9.394029214354287
2017-01-20,0.0064168885201040604,9.4543096525774
2017-01-23,0.010435977481785935,9.55297461521753
2017-01-24,0.0005713288657109366,9.558432505368607
2017-01-25,-0.004598686454865119,9.514476271276425
2017-01-26,0.000735216721423884,9.521471473326658
2017-01-27,-0.0021319635945612238,9.501172042778872
2017-01-30,-0.0039468160076810655,9.463672664868701
2017-01-31,0.010032790857412028,9.558619713458336
2017-02-01,0.00013639637437775764,9.559923474531306
2017-02-02,0.00247547718952722,9.583588847026135
2017-02-03,0.006583076873976733,9.646678349134694
2017-02-06,-0.003204507113274001,9.615765499745425
2017-02-07,0.001993841172967008,9.634937808908413
2017-02-08,0.0034491627980704734,9.668170277960622
2017-02-09,0.006777714830437005,9.733698379036747
2017-02-10,0.005365950544980192,9.785928923158412
2017-02-13,0.002832158960074695,9.813644229440788
2017-02-14,0.005574960738590583,9.868354910722417
2017-02-15,0.009129926698831997,9.958452267695371
2017-02-16,-0.0017238004763886088,9.941285882932224
2017-02-17,-0.0036302999048230997,9.905196033737596
2017-02-20,0.004210060004808242,9.94689750339902
2017-02-21,0.004897983216240704,9.995617240424336
2017-02-22,-0.0017261577350277247,9.978363228408401
2017-02-23,0.0018233740691787033,9.996557517171928
2017-02-24,-0.001107455755495913,9.98548677201439
2017-02-27,0.0013584922957354654,9.99905197886334
2017-02-28,-0.0029466500944632075,9.96958827140528
2017-03-01,0.01330158292277032,10.102199576503256
2017-03-02,-0.005003469970822289,10.051653524282969
2017-03-03,-0.001072679179063632,10.04087132483231
2017-03-06,-0.00019093179031333792,10.038954203293953
2017-03-07,-0.001021698014839412,10.028697423713384
2017-03-08,-0.004370578925575984,9.984866210102323
2017-03-09,-0.003022346348857616,9.95468848616839
2017-03-10,-0.008372521626261125,9.871342641535252
2017-03-13,0.005101621049855344,9.921702490945643
2017-03-14,-0.0036540078676089763,9.885448511983652
2017-03-15,0.001748259381406389,9.902730840084137
2017-03-16,0.002595569092239031,9.928434062181422
2017-03-17,-0.00899438086331917,9.839133944849811
2017-03-20,0.004465654463272343,9.883072117265364
2017-03-21,-0.01611028042551107,9.72385305399067
2017-03-22,-0.00039146970352696935,9.720046460118484
2017-03-23,0.001752590936545067,9.737081725447284
2017-03-24,-0.0024445355114590846,9.71327908339145
2017-03-26,0.0013978965583901003,9.726857242792805
2017-03-27,-0.004891974545965245,9.679273704748825
2017-03-28,0.009640853990551921,9.772590169270897
2017-03-29,0.0075903442497080205,9.846767492866976
2017-03-30,0.005316236662349683,9.899115239218187
2017-03-31,-0.00279468210313552,9.871450359022267
2017-04-02,-0.00026424283335953246,9.86884189901003
2017-04-03,-0.003519866260359351,9.834104895380884
2017-04-04,0.008424419190641741,9.916951517384314
2017-04-05,-0.007364470174063457,9.843918423716904
2017-04-06,0.001392605495522949,9.857627118611251
2017-04-07,0.004563442410169465,9.902611832267958
2017-04-09,0.003403953089065843,9.936319858404227
2017-04-10,0.0009062978848190829,9.945325124074785
2017-04-11,-0.0029859427243173306,9.915628952879583
2017-04-12,-0.00639947737784886,9.852174109708487
2017-04-13,-0.0037362072473766912,9.815364345397377
2017-04-16,-0.002286502971329152,9.792921485656947
2017-04-17,0.009495909574683365,9.88591418255672
2017-04-18,-0.008430298283636764,9.802572977191332
2017-04-19,-0.01099185379142429,9.694824528246277
2017-04-20,0.008110220140825304,9.773451689397028
2017-04-21,-0.003991663616990422,9.734439357876049
2017-04-23,-0.004746687127628753,9.688233019881336
2017-04-24,0.006506540894440815,9.751269904220067
2017-04-25,0.007091438922702115,9.820420439164627
2017-04-26,-0.003000893204620019,9.790950406202226
2017-04-27,-0.0018306253256319075,9.773026844426626
2017-04-28,0.0009310623867509118,9.78212614212618
2017-04-30,-0.0011758593184681807,9.77062373794753
2017-05-01,0.006401530439948686,9.833170683223287
2017-05-02,0.0008657590577236568,9.84168383980843
2017-05-03,0.0061960506934803025,9.90266341178909
2017-05-04,-0.010013017073984068,9.803507873968929
2017-05-05,0.007364230831640136,9.875703168912638
2017-05-07,0.0015292735198531014,9.890805820258786
2017-05-08,0.0025906261960110507,9.916429200916408
2017-05-09,0.006601555447824395,9.981893058130684
2017-05-10,0.012552059585252604,10.10718637456996
2017-05-11,-7.214803784584046e-06,10.107113453203452
2017-05-12,-0.002555058479799568,10.081289187268549
2017-05-14,-0.006581177593505933,10.014942432755644
2017-05-15,0.008478447435599615,10.099853595742319
2017-05-16,-0.0072946567568948715,10.026178630466488
2017-05-17,-0.027398466783077495,9.751476708298451
2017-05-18,-0.024505444843491347,9.512512433680653
2017-05-19,0.009916412249673389,9.606842428503175
2017-05-21,0.004156249698734541,9.646770864452431
2017-05-22,-0.0020114058453564363,9.627367293146857
2017-05-23,0.01167405525221367,9.739757710860408
2017-05-24,-0.003656022168418092,9.70414894075448
2017-05-25,-0.0026061206520933576,9.67885875778899
2017-05-26,0.0014932109756807185,9.693311335918184
2017-05-28,0.00613019997632974,9.752733272840185
2017-05-29,-0.0044987504606554905,9.708858159536344
2017-05-30,-0.004771376479567461,9.662533542070475
2017-05-31,-0.007853210689362572,9.586651630371563
2017-06-01,0.003253036269996403,9.617837355832982
2017-06-02,0.00023426627470886341,9.620090490761088
2017-06-04,-0.005643374839957383,9.565800714127414
2017-06-05,-0.001172728152256416,9.554582630331083
2017-06-06,0.00024056216754026589,9.556881101438579
2017-06-07,0.00025914429430203847,9.55935771264734
2017-06-08,0.0016209105239972145,9.574852576166425
2017-06-09,-0.0022781022117677463,9.55304008333531
2017-06-11,0.0042338508169193,9.593486229896202
2017-06-12,-0.010204979913617147,9.49558489561855
2017-06-13,0.003981234021221789,9.533389041256385
2017-06-14,-0.010575646697761867,9.432567286923742
2017-06-15,0.007739493879612145,9.505570583709916
2017-06-16,0.0005593713653619118,9.510887727705871
2017-06-18,-0.002877130927393709,9.48352365847752
2017-06-19,0.00803370808398564,9.559711519157299
2017-06-20,-0.012780939620504757,9.437529423441505
2017-06-21,-0.0028438569841182926,9.410690439477829
2017-06-22,0.002271699586021901,9.432068701053371
2017-06-23,0.002795326801308425,9.458434415485208
2017-06-25,-0.0020572770807146686,9.438975795142786
2017-06-26,0.004356665483857298,9.48009825519245
2017-06-27,-0.001823270784628014,9.462813469008355
2017-06-28,0.007892987350025459,9.537503336014888
2017-06-29,-0.005114875829865606,9.488720190724242
2017-06-30,0.008388660398883339,9.568317842024257
2017-07-02,-0.007082561525429552,9.500549642213254
2017-07-03,0.015501204945204189,9.647819609309288
2017-07-04,-0.0013120283848511262,9.63516139612995
2017-07-05,0.0022218236095869906,9.656569025202053
2017-07-06,-0.00036048672161437104,9.653087960292115
2017-07-07,0.010113064846279964,9.750710264801393
2017-07-09,-0.0025054051895356194,9.726280784702302
2017-07-10,-0.0003076220321293103,9.723288766442252
2017-07-11,0.0027916645945972795,9.750432927434575
2017-07-12,-0.0021413059737248876,9.729554267160657
2017-07-13,0.003366020225699283,9.762304143610958
2017-07-14,-0.0035836891440194007,9.727319080230885
2017-07-16,-0.0022840250881069036,9.705101639411616
2017-07-17,-0.0011463617739106776,9.693976081880276
2017-07-18,-0.006076518996572561,9.63507045206641
2017-07-19,-0.0008794766707864987,9.626596632382434
2017-07-20,0.002231551173991667,9.648078875398971
2017-07-21,-0.0019032799560747503,9.629715880260797
2017-07-23,0.0010117524774155926,9.639458769159459
2017-07-24,-0.0008219472028284964,9.631535642987368
2017-07-25,0.01012539782740257,9.729058773061421
2017-07-26,-0.010104947159400423,9.630747148248934
2017-07-27,-0.00023086066103300914,9.628523787596047
2017-07-28,-0.005002064615720712,9.580361289456487
2017-07-30,0.00103458357153583,9.590272973855935
2017-07-31,-0.0007322737376343901,9.583250268820436
2017-08-01,-0.0017037970837549086,9.566922354959527
2017-08-02,0.0066717624783519695,9.630750588560652
2017-08-03,-0.008560789595783904,9.548303759122513
2017-08-04,0.00692897483284467,9.61446371556583
2017-08-06,6.499342594362884e-05,9.615088592501314
2017-08-07,0.005581143234272747,9.668751779146286
2017-08-08,-0.004881511555248679,9.621553655611553
2017-08-09,-0.0029627417337880573,9.593047477052192
2017-08-10,-0.019735590548416317,9.40372301993357
2017-08-11,0.0005047623597648672,9.408469665355689
2017-08-13,0.002518073782905272,9.432160886157282
2017-08-14,0.011813593822358729,9.543588603733483
2017-08-15,0.004883684312218591,9.590196477679804
2017-08-16,-0.004135904478136559,9.550532341121558
2017-08-17,-0.016796786564392777,9.390114087811408
2017-08-18,0.006217225447625387,9.448494544074254
2017-08-20,0.0015724731949928546,9.463352048477848
2017-08-21,-0.0038515038239678836,9.42690391187558
2017-08-22,0.01453773033738551,9.563949698862872
2017-08-23,-0.0038647552444255103,9.52698737410677
2017-08-24,0.0053961695365507475,9.57839661315003
2017-08-25,-0.0017634759736336262,9.561505340856806
2017-08-27,0.005106645854763171,9.61033256247099
2017-08-28,-0.007185130488654066,9.541281068970275
2017-08-29,0.004527618790979127,9.584480352428157
2017-08-30,-4.521370076664681e-05,9.5840470026015
2017-08-31,0.002783456240850984,9.6107237780435
2017-09-01,0.006298673016044626,9.671258584568921
2017-09-03,-0.0035853796438138777,9.636583450909747
2017-09-04,0.003327442283180112,9.668648626149698
2017-09-05,-0.012874141213222532,9.544173078395618
2017-09-06,0.014384547605510202,9.681461690397029
2017-09-07,-0.006565793251437897,9.617895214566165
2017-09-08,-0.002613474894273257,9.592759086887146
2017-09-10,-0.004536324755602341,9.549243216366769
2017-09-11,0.023765923913168285,9.77618980407528
2017-09-12,0.0060993297221120365,9.835818009116286
2017-09-13,0.004038911925808954,9.87554401177339
2017-09-14,-0.0018876346714142133,9.85690259249769
2017-09-15,0.005944251482506111,9.915494500346062
2017-09-17,0.005181678867090205,9.966873408655255
2017-09-18,0.00813274494343905,10.047931447971392
2017-09-19,0.0019538536579702405,10.067563635586044
2017-09-20,0.005822064351702767,10.126177638937289
2017-09-21,0.0025421226314999426,10.151919624283819
2017-09-22,-0.002360220512854346,10.127958855341735
2017-09-24,-7.889533786374896e-05,10.127159806605972
2017-09-25,-0.011901343840603535,10.006632995618816
2017-09-26,0.0017681177203222316,10.024325900739129
2017-09-27,0.00536242844486748,10.078080631089874
2017-09-28,-0.00010445823686764847,10.07702789255614
2017-09-29,0.00554457981833237,10.13290077803798
2017-10-01,0.0018229740120806913,10.151372792823336
2017-10-02,-0.002271079956906605,10.128318213538469
2017-10-03,0.010362775709650407,10.233275703501336
2017-10-04,0.0024887851088168955,10.258744127686628
2017-10-05,0.0017589109628488608,10.276788345197877
2017-10-06,-0.0036616015863209068,10.239158840690816
2017-10-08,0.00019418633741191837,10.24114714544427
2017-10-09,-0.0018674401909615085,10.222022415663316
2017-10-10,0.011264636157352645,10.337169778968068
2017-10-11,0.0035110599475347217,10.37346420174987
2017-10-12,-0.003203829631012025,10.340229389764062
2017-10-13,0.004074429404859594,10.38235992444271
2017-10-15,-6.842048392911165e-06,10.382288887833674
2017-10-16,-0.0011155806105587031,10.370706607657187
2017-10-17,-0.0034087094483518723,10.33535588205758
2017-10-18,0.004892196212654934,10.385918470960224
2017-10-19,0.0005462047348563922,10.391591308804895
2017-10-20,0.00547345134605358,10.44846917824171
2017-10-22,-0.0012457567970893392,10.435452926743737
2017-10-23,-0.010068283012853656,10.33038583330997
2017-10-24,0.009169917263920089,10.425114616705795
2017-10-25,0.0027132252231918848,10.453400300638506
2017-10-26,-0.011118341555189976,10.337175825682882
2017-10-27,0.004383682038374022,10.382490717677442
2017-10-30,-0.0053854928748831585,10.32657588789385
2017-10-31,-0.005015394720458913,10.274784033705288
2017-11-01,0.0006679492043077506,10.281647067525036
2017-11-02,0.0016270025415159768,10.298375333434869
2017-11-03,0.004728451940275181,10.347070706261933
2017-11-06,0.0009260862937846368,10.356652986623821
2017-11-07,-0.004280904835402294,10.3123171407748
2017-11-08,0.004067993971705776,10.35426758473779
2017-11-09,-0.004183682784051986,10.310948613702056
2017-11-10,0.0036917308671768627,10.349013860969135
2017-11-13,0.0003064673860211908,10.352185496195004
2017-11-14,-0.010592563413164465,10.242529314861716
2017-11-15,-0.004033138987689023,10.2012197705494
2017-11-16,0.010471010224798237,10.308036847072238
2017-11-17,0.002241759107749834,10.331144982557184
2017-11-20,0.0004382478639068632,10.335672584777502
2017-11-21,0.009805672661332516,10.437020806878538
2017-11-22,-0.0048118937852383034,10.386798971321516
2017-11-23,0.0018540533826339888,10.406056651089033
2017-11-24,0.003930917358882614,10.446961999816315
2017-11-27,0.0003648677328615167,10.45077375915648
2017-11-28,0.0028307696248788335,10.48035749207038
2017-11-29,-0.0007385222942377114,10.472617514410905
2017-11-30,0.004967278425476167,10.524637921448502
2017-12-01,0.005315351785391023,10.580580074414867
2017-12-04,-0.0021291108125260703,10.558052846975631
2017-12-05,-0.004016902375034125,10.515642179418878
2017-12-06,-0.002193699469429866,10.492574020749172
2017-12-07,-0.005283101388522164,10.437140688370981
2017-12-08,0.002221383206111998,10.460325577415956
2017-12-11,0.002006523940314654,10.481314471110526
2017-12-12,-7.212485000933995e-05,10.480558507876397
2017-12-13,0.001916182840738539,10.500641174250546
2017-12-14,-0.0028672021489656433,10.470533713310218
2017-12-15,-0.00018940684536582761,10.468550522550283
2017-12-18,0.008661371737871295,10.559222530182778
2017-12-19,-0.0032741852799827976,10.52464967920639
2017-12-20,0.004601736241481045,10.573081341064086
2017-12-21,0.0076152880794301,10.653598401363535
2017-12-22,0.0019869864143675906,10.674766956651172
2017-12-25,-0.0023306168353693954,10.649888165068356
2017-12-26,0.0072907244893466346,10.727533565522222
2017-12-27,0.007473984812845668,10.807710988470227
2017-12-28,0.00479706387154748,10.859556268387145
2017-12-29,0.002581874173924102,10.887594276256769
2018-01-01,0.002219660772014307,10.911761042173385
2018-01-02,0.008701421131072562,11.006708870282967
2018-01-03,0.012244598214779844,11.141481598066635
2018-01-04,0.0028977485302891085,11.173766809992674
2018-01-05,0.0035582312618460117,11.213525656368569
2018-01-08,-0.0007846406125252683,11.204727068728989
2018-01-09,-0.006217517378168022,11.135061483461538
2018-01-10,-0.000899266484789611,11.125048095863388
2018-01-11,0.014449085350448273,11.28579486532836
2018-01-12,0.012515974260959356,11.427047583377275
2018-01-15,0.007823455941213777,11.516446586683982
2018-01-16,0.0020736414936043486,11.540327568185008
2018-01-17,0.003611357534635353,11.582003817100532
2018-01-18,-0.010590992068847295,11.459338906532262
2018-01-19,0.0060577624674380175,11.528756859661906
2018-01-22,0.00842464867678461,11.625882585884629
2018-01-23,0.0034802784013014836,11.666343893944351
2018-01-24,0.013373729764164809,11.822366424517776
2018-01-25,0.010526183793033205,11.946810826370836
2018-01-26,0.007519406420866965,12.036643752407532
2018-01-29,-0.003933682042434452,11.989295423027505
2018-01-30,-0.012626751218932373,11.837909572430652
2018-01-31,0.003693085519603259,11.881627984854969
2018-02-01,-0.0011972450358104089,11.867402764732756
2018-02-02,-0.02144759999218877,11.612875457288572
2018-02-05,-0.015459329507391035,11.433348189066054
2018-02-06,0.007519139425513521,11.519317128200086
2018-02-07,-0.01444843715493161,11.35288099860556
2018-02-08,-0.017557514663138842,11.153552624003673
2018-02-09,0.0020816809722762884,11.176770762274344
2018-02-12,0.007707840800969003,11.26291953197888
2018-02-13,0.006928070585936629,11.340949833500156
2018-02-14,0.020282166951567458,11.570968871412557
2018-02-15,0.01023883355590285,11.689442095767484
2018-02-16,0.006040513639356941,11.76005233018344
2018-02-19,-0.0027835111758975745,11.727318093093233
2018-02-20,-0.00620017151705619,11.654606709480978
2018-02-21,-0.008449797347336696,11.556127644622952
2018-02-22,0.005577488480443003,11.620581813439365
2018-02-23,0.014927964846044525,11.794053450240973
2018-02-26,0.005304376263192253,11.856613547409253
2018-02-27,-0.014380686335063324,11.686107306987898
2018-02-28,-0.009946878047683832,11.569867022753144
2018-03-01,-0.005694331442465418,11.503984365180337
2018-03-02,0.009479660147739079,11.61303822730715
2018-03-05,0.00743634508899502,11.699396787097097
2018-03-06,0.0015503420329313696,11.717534853696076
2018-03-07,-0.0017503634684341478,11.697024908748062
2018-03-08,-0.0031432466076781974,11.660258274883713
2018-03-09,0.006707189438953665,11.738465836040485
2018-03-12,-0.0031381018151933815,11.70162933509282
2018-03-13,0.0003795481618321336,11.706070666997395
2018-03-14,-0.0018503473620778638,11.68441037001842
2018-03-15,-0.0025521831915781513,11.654589614268557
2018-03-16,0.0004167586553148212,11.659446765364445
2018-03-19,-0.0035758463079901335,11.61775437569531
2018-03-20,0.004311774456579795,11.66784751225525
2018-03-21,0.0072295218490724695,11.752200470776746
2018-03-22,-0.007014649508616974,11.669762903519244
2018-03-23,0.006051996422949262,11.740388266868008
2018-03-25,0.0012108743262368295,11.754604401600412
2018-03-26,0.009259796661137748,11.863449648191349
2018-03-27,-0.011074033482777083,11.732073409566038
2018-03-28,-0.01180426597058361,11.593584894653109
2018-03-29,0.005487619880205327,11.657206081603857
2018-04-01,0.0004285577098138279,11.662201867145015
2018-04-02,-0.0029884139398668875,11.627350380515697
2018-04-03,0.0027743411399278658,11.659608617024718
2018-04-04,-0.0005820707635406138,11.652821899734422
2018-04-05,0.003074580679296511,11.688649440806627
2018-04-06,-0.00610476122359967,11.61729302694414
2018-04-08,0.0023330020848424207,11.644396195796226
2018-04-09,0.007063713371636941,11.72664887290911
2018-04-10,0.008605952282918132,11.8275678535479
2018-04-11,0.0025635106566041692,11.857887949782178
2018-04-12,0.0002576831463976978,11.860943527658709
2018-04-13,-0.000696685047994092,11.852680185647886
2018-04-15,0.00012483284685789714,11.854159789458357
2018-04-16,0.0008506701468467043,11.8642437693072
2018-04-17,0.002698558088691643,11.896260120297072
2018-04-18,0.006976359529521546,11.979252707952973
2018-04-19,-0.0008385244165859721,11.969207812064901
2018-04-20,-0.0014459033127499955,11.951901494838443
2018-04-22,-0.0011023640733421663,11.93872614802241
2018-04-23,-0.0030179229266698708,11.902695992665059
2018-04-24,0.0011291375686652162,11.916135773878779
2018-04-25,-0.0027058433552918522,11.883892577074272
2018-04-26,0.0004475339531735814,11.88921102249838
2018-04-27,0.000353532068601326,11.8934142398652
2018-04-29,-7.976958309751584e-05,11.89246550716968
2018-04-30,-0.0013401830463885083,11.876527426517212
2018-05-01,-0.007282885521709201,11.790032036874448
2018-05-02,-0.0024374085288885244,11.761294912231902
2018-05-03,0.00036412868852789374,11.765577537123683
2018-05-04,0.00418138418685768,11.81477393698666
2018-05-06,-0.0014155316230753524,11.798049750859368
2018-05-07,0.0019044138138927867,11.8205181197819
2018-05-08,0.0011580284516662012,11.834206616078042
2018-05-09,0.0065743042773076165,11.912008291252667
2018-05-10,0.0076183213654957395,12.002757798523879
2018-05-11,-0.002594498681567431,11.971616659240436
2018-05-13,0.005387766201954392,12.036116930859844
2018-05-14,0.001972435881922889,12.059857399773291
2018-05-15,-0.004783198770739103,12.002172704683407
2018-05-16,0.007898547230982081,12.096972432665751
2018-05-17,-0.005977035021625505,12.02466840478007
2018-05-18,-0.003950519266811923,11.977164720569961
2018-05-20,0.001852125074359926,11.999347927668667
2018-05-21,-0.0034572996777333417,11.957862585945328
2018-05-22,0.0008784882278177898,11.968367427456945
2018-05-23,-0.0063699300824447734,11.892129763743034
2018-05-24,0.0009208604039280673,11.90308075516084
2018-05-25,-0.010332210878423417,11.780095614695615
2018-05-27,-0.003777142603764526,11.735600513672928
2018-05-28,-0.0015480233101688003,11.717433530518933
2018-05-29,-0.010678570594249813,11.592308089379857
2018-05-30,0.014097019339733226,11.755725080707991
2018-05-31,-0.0011407727528394004,11.742314469846049
2018-06-01,0.0016699910196153126,11.761924029560191
2018-06-03,-0.0020995353908568946,11.737229453795559
2018-06-04,0.001257815291947729,11.751992720487642
2018-06-05,0.0019613342730933456,11.775042306587478
2018-06-06,0.008733099055316657,11.877874917431452
2018-06-07,-0.000601316126341151,11.870732559696936
2018-06-08,0.00014379921408754198,11.872439561709664
2018-06-10,-0.01167708312636635,11.733804098034819
2018-06-11,-0.003908681996201986,11.687940389209869
2018-06-12,-0.00038978280545940125,11.68338463101492
2018-06-13,0.004929806827509238,11.740981460337315
2018-06-14,-0.011795550888622436,11.602490116039533
2018-06-15,-0.015211255521944132,11.426001674193625
2018-06-17,-0.003507719289567988,11.38592246771842
2018-06-18,0.003950687295583269,11.43090468696013
2018-06-19,-0.004389397384556448,11.380729903824072
2018-06-20,0.002536981744728363,11.409602607831756
2018-06-21,-0.007691647021447103,11.321843971917332
2018-06-22,0.008558498031958944,11.418741951269132
2018-06-24,0.003753111651695734,11.461597764734147
2018-06-25,-0.005263482235318264,11.401269848511106
2018-06-26,-0.00036084055986790954,11.397155807915764
2018-06-27,-0.00631504025913649,11.325182310149124
2018-06-28,0.0021810579597446597,11.349883189172235
2018-06-29,0.008002822904963914,11.44071429432721
2018-07-01,0.0032907684903580874,11.478363036434171
2018-07-02,-0.008616492409483405,11.379459808457442
2018-07-03,0.004925165064236503,11.435505526355941
2018-07-04,0.002600264596600404,11.465240866520352
2018-07-05,0.007249580514999165,11.54835905330605
2018-07-06,0.0038365671571238963,11.592665108368639
2018-07-08,-0.00014664469475484136,11.590965105532426
2018-07-09,0.005416621905092136,11.653748981024211
2018-07-10,-0.0026147555182688222,11.623277276567558
2018-07-11,-0.0227221999219327,11.359170846541332
2018-07-12,0.006038584643762467,11.42776416118113
2018-07-13,-0.0007647780330421034,11.419024458183873
2018-07-15,0.00030830325046953813,11.422544980541524
2018-07-16,-0.003054458478870345,11.387655291175431
2018-07-17,-0.005440896020154793,11.325696242822781
2018-07-18,0.003976713405900053,11.370735290902767
2018-07-19,-0.003560789627138296,11.330246494625984
2018-07-20,0.009030934007712694,11.432569203010068
2018-07-22,0.006542896917824437,11.507371324811258
2018-07-23,-0.0008813942915788656,11.497228793414491
2018-07-24,0.004220976492189595,11.54575832587682
2018-07-25,0.012348502827923656,11.688331155214431
2018-07-26,-0.0065568422731853435,11.611692611392932
2018-07-27,-0.0032069842673529995,11.574454095870855
2018-07-29,8.63904804814684e-05,11.575454018521508
2018-07-30,0.003146849018403744,11.61188022463727
2018-07-31,-0.004485082767863517,11.559799980739253
2018-08-01,-0.001351778496777848,11.544173691698237
2018-08-02,0.008478425013418634,11.64205010268518
2018-08-03,0.0024037740663245353,11.670034960800866
2018-08-05,-0.003132471009799724,11.633478914602808
2018-08-06,0.0050558170570244605,11.692295655731792
2018-08-07,0.0014827513649935413,11.709632423075236
2018-08-08,-0.007605129519270336,11.620579151874702
2018-08-09,0.0019436725900871356,11.64316575305314
2018-08-10,-0.009308299964873916,11.534787673682974
2018-08-12,0.005399352036988237,11.597068053005101
2018-08-13,0.006683892499004815,11.674581609175032
2018-08-14,0.009032976628192715,11.780037831994639
2018-08-15,-0.0057985530048664255,11.711730658226486
2018-08-16,0.005848418614560616,11.780225761816778
2018-08-17,-0.003225325047247593,11.742230704604959
2018-08-19,-0.0043352896664067804,11.69132473317072
2018-08-20,-0.004183383876794842,11.6424154337836
2018-08-21,0.0003537717636332281,11.646534191624562
2018-08-22,0.0050675956793829755,11.705554117973826
2018-08-23,0.008868320301026656,11.80936272119302
2018-08-24,-0.0022852528465174293,11.782375341418856
2018-08-26,-0.004409594800875005,11.730419840371377
2018-08-27,0.004226646989774561,11.780000184078474
2018-08-28,0.005840467075863528,11.848800887307252
2018-08-29,0.005006401316979707,11.908120739674098
2018-08-30,-0.004273273969261057,11.857234077294432
2018-08-31,0.0013321400187039608,11.873029573319934
2018-09-02,-0.0021125316673148635,11.847947422359331
2018-09-03,0.003466628354247014,11.88901985283331
2018-09-04,0.0018633531683902788,11.911173295645142
2018-09-05,-0.003889829561042845,11.864840861653036
2018-09-06,-0.009268594511086069,11.754870462767808
2018-09-07,0.004923118721086364,11.812741085607005
2018-09-09,0.003131880318528554,11.849737176920891
2018-09-10,0.0028627304931051253,11.883659780872543
2018-09-11,0.00831632861241268,11.98248820072839
2018-09-12,-0.003324431151225812,11.942653243684694
2018-09-13,0.0036567899602225357,11.986325018164617
2018-09-14,0.004224904185974706,12.036966092908315
2018-09-16,0.000413251161171195,12.041940383123189
2018-09-17,-0.005236473310708224,11.978883083697825
2018-09-18,0.01451234869004929,12.152724811925783
2018-09-19,0.0011129498916700917,12.16625018568871
2018-09-20,-0.0034580699303566344,12.124178441756383
2018-09-21,0.004413341731510221,12.177686584433664
2018-09-23,-0.0002715478177250612,12.17437976021672
2018-09-24,0.0033244696710641552,12.214853116493577
2018-09-25,0.001591728289588445,12.23429584375227
2018-09-26,-0.005888563287202617,12.162253418401974
2018-09-27,0.012650191595786436,12.316108254381268
2018-09-28,-0.0012806617122357426,12.300335486096131
2018-09-30,0.0048308059013474226,12.359756019350916
2018-10-01,0.005494783268390578,12.427670199927434
2018-10-02,-0.000633144972669136,12.41980168301836
2018-10-03,0.010275229568524788,12.547417996506924
2018-10-04,-0.004094146435498034,12.496047029841822
2018-10-05,-0.0023091947900979624,12.467191223143693
2018-10-07,-0.0010263658326279137,12.45439532404342
2018-10-08,0.009433281143589017,12.571881136608523
2018-10-09,-0.003230167100044805,12.531271859775376
2018-10-10,-0.017958289455399064,12.306231652473233
2018-10-11,-0.025633204560074833,11.99078349916172
2018-10-12,0.01018068903601289,12.112857937264842
2018-10-14,0.0008601528556361573,12.123276846609496
2018-10-15,-0.005044161966542944,12.062125074629959
2018-10-16,0.012508491054151024,12.213004058220019
2018-10-17,0.0005272595750720175,12.219443481550108
2018-10-18,-0.0085945113631356,12.114423335696733
2018-10-19,0.0028017668090350688,12.148365124909287
2018-10-21,-0.003353568800552811,12.107624746648666
2018-10-22,0.0003298335970158509,12.111618248070172
2018-10-23,-0.010065471768439915,11.9897090965241
2018-10-24,-0.01696799442965461,11.7862677793611
2018-10-25,0.011294308132022198,11.919385519387731
2018-10-26,-0.0077022759442778,11.827579123031178
2018-10-29,-0.007931142901498099,11.733772902827642
2018-10-30,0.015606164627172877,11.916892094447029
2018-10-31,0.0031941434986400936,11.9549563578545
2018-11-01,-0.00216079382610486,11.929124161965095
2018-11-02,-0.002436945960083396,11.900053531031261
2018-11-05,0.004512773775174162,11.953755780529269
2018-11-06,0.0018051334321983223,11.975333904729036
2018-11-07,0.003240411977953761,12.014138920153915
2018-11-08,-0.002267792798087433,11.986893342435568
2018-11-09,0.0018265879842313535,12.008788457783124
2018-11-12,-0.0036457459766431497,11.965007465578802
2018-11-13,-0.0021877432207182013,11.93883110161014
2018-11-14,-0.0028385912500602855,11.904941640109161
2018-11-15,-0.0009547233323357598,11.893575714555254
2018-11-16,0.00015829129592538085,11.895458364068299
2018-11-19,-0.012325109690850254,11.748845534908215
2018-11-20,-0.01056133070227027,11.624762091844158
2018-11-21,0.005510779030650038,11.68882358701619
2018-11-22,0.0026348830518811844,11.719622270182048
2018-11-23,-0.008376691770087976,11.621450606762876
2018-11-26,0.0010937159099655071,11.63416117218837
2018-11-27,0.016529229427028842,11.826464891394505
2018-11-28,0.0038821865721478197,11.872377434591854
2018-11-29,-0.005296846434074123,11.809491274513455
2018-11-30,-0.0020991849080107547,11.784700968658711
2018-12-03,0.005652293602407822,11.851311558550151
2018-12-04,-0.01160784777035182,11.713743338099489
2018-12-05,-0.002208120689873992,11.687877979078758
2018-12-06,-0.001405155923230944,11.671454688106454
2018-12-07,-0.007914734984212855,11.579078217369844
2018-12-10,-0.004574636729824904,11.526108140859147
2018-12-11,0.008203944173301515,11.620667688582191
2018-12-12,0.003809766711233833,11.664939721504462
2018-12-13,-0.0001837524059174209,11.662796260765754
2018-12-14,-0.00240627748646935,11.634732336694194
2018-12-17,-0.0069869938148953235,11.55344053381975
2018-12-18,-0.009256267952767723,11.446498792462346
2018-12-19,-0.004578381507896516,11.394092354060778
2018-12-20,-0.00827400968257425,11.299817523599133
2018-12-21,-0.011648749346435842,11.168188781606263
2018-12-24,-0.006950595721135668,11.090563216447995
2018-12-25,-0.0024340280950112597,11.063568473989662
2018-12-26,0.013494773518720115,11.212868824855004
2018-12-27,0.0022435814768843034,11.23802580965318
2018-12-28,-0.008177316264073082,11.14612891842383
2018-12-31,-0.003413821785399309,11.108078020699246
2019-01-01,-0.005397639177807278,11.04812062358458
2019-01-02,0.004047218930567785,11.092834786519548
2019-01-03,-0.018898056995677173,10.88320176248027
2019-01-04,0.008333110616784852,10.973892686631805
2019-01-07,1.292336007882068e-06,10.973906868588472
2019-01-08,0.0031916273645362717,11.00893149004613
2019-01-09,-0.0016074354145254295,10.991235343692946
2019-01-10,-0.004067627276157694,10.946527095010271
2019-01-11,0.0010705842106035319,10.958246274079134
2019-01-14,0.0026115431130981446,10.986864206667839
2019-01-15,0.0009029479263216761,10.996784772920027
2019-01-16,0.004165682066637785,11.042593882039256
2019-01-17,0.007079711818810064,11.12077226445625
2019-01-18,0.0072377394562536945,11.201261516658716
2019-01-21,0.003425230828571638,11.239628422924469
2019-01-22,-0.005014142949651125,11.183271319310965
2019-01-23,0.004316620339811835,11.231545255753536
2019-01-24,-0.0025200602488186733,11.203241085021704
2019-01-25,0.0014360495596265914,11.21932949444824
2019-01-28,-0.007266805840579409,11.137800805350599
2019-01-29,-0.006535534160304021,11.065009327716568
2019-01-30,-0.0014882709860851407,11.048541595373367
2019-01-31,-0.0060751016464153165,10.981420582136826
2019-02-01,-0.006895994416659195,10.905692767115424
2019-02-04,0.0033843286600991826,10.942601215705409
2019-02-05,0.0037756022918853747,10.983916125934613
2019-02-06,-0.0024508906454261317,10.956995748651414
2019-02-07,0.007753189838434231,11.041947416749625
2019-02-08,0.0022589509890904086,11.066890634788177
2019-02-11,0.001545967905414224,11.083999692522287
2019-02-12,0.0042988350661581675,11.131647979073788
2019-02-13,-0.006145701069938954,11.063236198178611
2019-02-14,0.012427828261012781,11.200728197660595
2019-02-15,-0.013166321139153558,11.053255813217824
2019-02-18,-0.00480015505778667,11.000198471420997
2019-02-19,0.00019394551130066224,11.002331910537947
2019-02-20,-0.0040088470468336804,10.958225244750103
2019-02-21,0.00381111298895373,10.999988279316252
2019-02-22,0.00330917877785964,11.03638920708687
2019-02-25,0.00028726039073030305,11.03955952456275
2019-02-26,0.002265301995648895,11.064567460784826
2019-02-27,-0.004543850331613706,11.014291722258976
2019-02-28,-0.00114026911594059,11.001732465574124
2019-03-01,0.009387770997261147,11.105014210534067
2019-03-04,0.0028727484248326635,11.136916122615125
2019-03-05,0.002735134264567532,11.167377083503705
2019-03-06,0.0041028217120258345,11.213194840668283
2019-03-07,0.004731999468754059,11.26625567269736
2019-03-08,0.006362110078501734,11.337932831459604
2019-03-11,0.001525806326329956,11.355232321101349
2019-03-12,8.043227117365457e-05,11.356145648226638
2019-03-13,-0.00407280225718489,11.30989431259762
2019-03-14,0.0015026421549934187,11.326889036560251
2019-03-15,0.00790446524943668,11.416422037333968
2019-03-18,-0.0029765204366998003,11.382440823825853
2019-03-19,-0.005583789604017007,11.318883669085436
2019-03-20,-0.003042640822912515,11.284444371564078
2019-03-21,-0.005406029958936982,11.223440327221445
2019-03-22,0.0021444919765416202,11.247508904952365
2019-03-25,0.005280557849091762,11.30690202638314
2019-03-26,0.0015666617857978315,11.324616117703636
2019-03-27,0.0037792801766183054,11.367415014905086
2019-03-28,0.019405143745802166,11.58800133728751
2019-03-29,-0.0017110697386799165,11.568173458867495
2019-03-31,0.0033349999717600057,11.606753317026133
2019-04-01,-0.0021324186912124897,11.582002859308613
2019-04-02,-0.0017442606170142451,11.561800827854974
2019-04-03,-0.0034556134342588786,11.521847713590011
2019-04-04,0.005358141081849288,11.58358339916301
2019-04-05,0.002535113474874449,11.612949097525558
2019-04-07,0.0013798401538559122,11.628973110995007
2019-04-08,-0.006851551720866293,11.549296600264462
2019-04-09,-0.004959148793667717,11.49202191996155
2019-04-10,-0.003088122663401924,11.456533146622204
2019-04-11,0.007729080358521824,11.545081611942518
2019-04-12,-0.004466317412955124,11.49351761290511
2019-04-14,0.0013888459632947659,11.50948033844585
2019-04-15,0.00147869816334536,11.52649938588337
2019-04-16,0.006210949480888331,11.598089891260583
2019-04-17,0.0008737300471963092,11.608223490888662
2019-04-18,0.005370244488460771,11.670562489111427
2019-04-21,-0.0004938792972605875,11.664798639910668
2019-04-22,-0.002416429678597871,11.636611474282319
2019-04-23,0.006833669577307999,11.716132232097074
2019-04-24,0.008883865044195888,11.820216769686978
2019-04-25,-0.002468049698313847,11.791043887254547
2019-04-26,0.004170233460894466,11.84021529301205
2019-04-28,-0.0013135450399176993,11.824662636942358
2019-04-29,-0.00015253053191016143,11.822859014860688
2019-04-30,-0.003905837004402244,11.776680854622613
2019-05-01,0.0011536484350456219,11.790267004060581
2019-05-02,0.00473439724953678,11.84608681173591
2019-05-03,0.0029279699961244693,11.880771798492159
2019-05-05,-0.006559604679663849,11.80283863220475
2019-05-06,-0.00067508813497452,11.79487067588513
2019-05-07,-0.0031468700415109843,11.757753750711691
2019-05-08,-0.0026875494559399048,11.726154206015892
2019-05-09,-0.0008149238757370193,11.716598282982835
2019-05-10,-0.0005375244324382167,11.710300325140667
2019-05-12,-0.0009594619758862192,11.699064737252485
2019-05-13,-0.010712896593208865,11.573733866485043
2019-05-14,0.0028886345080234204,11.60716615351845
2019-05-15,0.0005823356665445709,11.613925420357154
2019-05-16,0.00552785083056438,11.678125467638187
2019-05-17,0.003452929502484537,11.718449211599111
2019-05-19,0.004047666990965151,11.765881591658204
2019-05-20,-0.002068931335986215,11.741538790537719
2019-05-21,0.006551725952754734,11.818466134956962
2019-05-22,0.005014766131743411,11.8777329786597
2019-05-23,-0.000976783465324923,11.866131005480602
2019-05-24,-0.004222245347666967,11.816029289047904
2019-05-26,-0.0027938837912712448,11.783016676340047
2019-05-27,0.004242147499025096,11.833001971064554
2019-05-28,0.0002828609254851755,11.836349064953358
2019-05-29,-3.880835581403946e-05,11.835889715707307
2019-05-30,0.005449163666559007,11.900385415907538
2019-05-31,0.004106247420197248,11.94925134282096
2019-06-02,-0.011687220686968128,11.809597805333361
2019-06-03,-0.008680852118014233,11.707080433212036
2019-06-04,0.0013842830972882606,11.723286346774326
2019-06-05,0.007337898389402583,11.809310630776826
2019-06-06,-0.004066438501056254,11.761288795356903
2019-06-07,0.0031955454449620266,11.798872528193787
2019-06-09,-0.0027371234848606934,11.766577557101991
2019-06-10,0.001723556146717821,11.786857914176368
2019-06-11,-0.00032057400562608457,11.783079353921075
2019-06-12,0.004618094824279407,11.83749473169949
2019-06-13,-0.0024413161070452934,11.808595665143928
2019-06-14,-0.0013307834648213814,11.792880981289992
2019-06-16,0.007337678296162003,11.879413348115625
2019-06-17,-6.825097170349637e-05,11.878602566611349
2019-06-18,0.002349538498063775,11.906511800644802
2019-06-19,-0.003971676988913072,11.859222981707958
2019-06-20,-0.017828095973152575,11.647795616223052
2019-06-21,-0.003231833090208097,11.61015188492256
2019-06-23,-0.005948696804991555,11.541086611499255
2019-06-24,-0.0044615539215146095,11.48959543126918
2019-06-25,-0.0031411327609236154,11.453505086650262
2019-06-26,0.002927511016384033,11.487035348967641
2019-06-27,0.002231182358251764,11.512665019586871
2019-06-28,0.0035865585453133935,11.5539558666922
2019-06-30,0.005519667412642403,11.61772986037669
2019-07-01,-0.0014143048087712769,11.601298849168154
2019-07-02,0.014065890152271205,11.764481444404224
2019-07-03,0.0036005821042963274,11.806840425759273
2019-07-04,0.0012847583735779414,11.822009362861765
2019-07-05,-0.007052230005085515,11.73863783371259
2019-07-07,0.001053294228422103,11.751002073192376
2019-07-08,-0.004473078530275024,11.698438918109563
2019-07-09,-0.0001198995572690745,11.697036280462543
2019-07-10,0.001128395206952741,11.71023516013697
2019-07-11,-0.0067622010656174245,11.63104819545846
2019-07-12,0.0013206173033717533,11.646408358961732
2019-07-14,0.0014643203148937754,11.66346243131731
2019-07-15,0.005133044306929247,11.723331500749467
2019-07-16,-0.00027981415483741175,11.720051146653706
2019-07-17,0.008334438767222637,11.817731195284209
2019-07-18,0.007517196045289103,11.906567397489688
2019-07-19,-0.009548400073459582,11.792878728476847
2019-07-21,0.002229389951856395,11.819169653817575
2019-07-22,0.0022939194725639725,11.846281877236004
2019-07-23,0.0011664621123317039,11.860100116217803
2019-07-24,0.005925845090407639,11.930381232263235
2019-07-25,-0.008104523449297194,11.833691177807301
2019-07-26,0.002141656212056758,11.859034876029815
2019-07-28,0.0008774951101655405,11.869441121144813
2019-07-29,0.0012718215507409223,11.884536932157937
2019-07-30,0.0002683597854249557,11.887726263938927
2019-07-31,0.00024993597216608327,11.890697434359549
2019-08-01,0.024512830263878994,12.182172082287147
2019-08-02,-0.0004603563321847817,12.176563942229302
2019-08-04,0.0066598774372234,12.257658365691062
2019-08-05,0.0017619237464029274,12.279255425040867
2019-08-06,0.009225808334809692,12.392541482086468
2019-08-07,0.009165765711560497,12.506128613882067
2019-08-08,0.006872841873077818,12.592081258289653
2019-08-09,-0.005305206741365507,12.525277663910353
2019-08-11,0.0032620574118781154,12.566135838749743
2019-08-12,0.003215492838612306,12.606542158548272
2019-08-13,-0.006491696173466429,12.524704317056981
2019-08-14,0.006464840522336696,12.605674533056176
2019-08-15,0.00156899239416258,12.62545274052183
2019-08-16,0.0030995525689844405,12.664585994998307
2019-08-18,0.0003741894745421812,12.669324949777069
2019-08-19,0.0017013165063380785,12.690879481438284
2019-08-20,0.0006674258230647107,12.699349702121598
2019-08-21,0.0002726395984037203,12.702812047724372
2019-08-22,0.001011687064535388,12.71566331835628
2019-08-23,-0.0021619384553054535,12.688172836843608
2019-08-25,0.009751992695919743,12.811907805673075
2019-08-26,-0.001695843029477509,12.790180821126516
2019-08-27,0.004300547342712799,12.845185599269628
2019-08-28,0.004144116983145721,12.898417551063222
2019-08-29,0.004996997557507925,12.962870912061602
2019-08-30,0.00403478455546156,13.01517330341203
2019-09-01,0.006212597106541344,13.096031331417944
2019-09-02,-0.002247433504334177,13.066598871829905
2019-09-03,0.005374045783203859,13.136819372397879
2019-09-04,0.001223240622554248,13.152888863505353
2019-09-05,-0.009362840938670585,13.029740457192341
2019-09-06,-0.0005412840176784604,13.022687666928364
2019-09-08,0.00446978321137693,13.080896257629005
2019-09-09,-0.011835501822799447,12.926077286127986
2019-09-10,-0.007346688616032922,12.831113421280028
2019-09-11,0.006718604117663829,12.917320592746453
2019-09-12,-0.0002872245444787199,12.913610421223316
2019-09-13,-0.009289730883726097,12.79364645567287
2019-09-15,-0.0016444141545466596,12.772608402352898
2019-09-16,-0.0030084236774140715,12.734182984812922
2019-09-17,0.005709652439088804,12.80689074375196
2019-09-18,-0.00023814578007484862,12.803840836765456
2019-09-19,-0.0036621166522896207,12.75695167802387
2019-09-20,0.006125418178502771,12.835093341734721
2019-09-22,0.004614973143229002,12.894326952797664
2019-09-23,0.0022376645656710225,12.923180131318116
2019-09-24,0.004803615657705742,12.985258121744268
2019-09-25,-0.0016639956946464122,12.963650708135814
2019-09-26,0.002744335668225539,12.999227317164568
2019-09-27,-0.0007266393482148537,12.989781567099527
2019-09-29,-0.0012250368610977767,12.973868605862222
2019-09-30,0.002333098156705611,13.0041379147919
2019-10-01,-0.002389862384370984,12.973059814748165
2019-10-02,-0.004654687973766822,12.9126742692455
2019-10-03,0.005702465642134055,12.98630835061394
2019-10-04,0.005028574944134525,13.051610975402644
2019-10-06,-0.002408514241944099,13.020175984488073
2019-10-07,-0.006693487089806727,12.93302560462889
2019-10-08,-2.8631744255728435e-05,12.932655309547325
2019-10-09,0.0018690672175838505,12.956827311622712
2019-10-10,-0.00906424630977778,12.839383437476908
2019-10-11,-0.0011036197407622364,12.825213640456093
2019-10-13,-0.0038195630231644276,12.776226928670823
2019-10-14,0.0060683820062972646,12.853757954273139
2019-10-15,0.00041575047349882044,12.859101910228866
2019-10-16,0.00019086311500980267,12.86155623847568
2019-10-17,-0.0026143405500124698,12.827931750465169
2019-10-18,-0.0010412299302019756,12.814574923983997
2019-10-20,-0.004436310187304979,12.757725494702745
2019-10-21,0.0017452104320951588,12.779990410325906
2019-10-22,0.0027824084409346474,12.815549563518662
2019-10-23,-0.004802138151386555,12.754007524028705
2019-10-24,0.002431416802810379,12.785017832225797
2019-10-25,1.34688833790266e-05,12.78519003213998
2019-10-28,-0.0023040214737398757,12.755732679760085
2019-10-29,-0.003877052469232622,12.70627803487715
2019-10-30,0.008395721000347156,12.812956400210817
2019-10-31,0.0019638411169423755,12.838119010819142
2019-11-01,0.005433183287150353,12.907870864467172
2019-11-04,-0.006413466261928125,12.825086670164586
2019-11-05,-0.0063923726773785754,12.743103936549213
2019-11-06,0.00492470540017516,12.80585996932053
2019-11-07,0.003169774689234726,12.846451660125165
2019-11-08,-0.0030756477670850746,12.806940499761735
2019-11-11,0.004583052962340558,12.865635386357686
2019-11-12,0.00014105803833313474,12.867450187647195
2019-11-13,0.0035004913257779737,12.912492585413933
2019-11-14,0.007274258493976973,13.006421394281794
2019-11-15,0.002522900694851917,13.039235303854966
2019-11-18,0.0007531526914770865,13.049055839018866
2019-11-19,0.0024028643269304543,13.080410949794569
2019-11-20,-0.002667565388460303,13.045518098278059
2019-11-21,-0.0011945013771700419,13.029935208943769
2019-11-22,0.0027057530417717614,13.065190995769457
2019-11-25,0.003045719414551831,13.1049839016401
2019-11-26,0.0004947455631772752,13.111467534280946
2019-11-27,0.0004144502574314003,13.116901585375834
2019-11-28,0.0031838971282704244,13.158664450665318
2019-11-29,-0.0015397587241039483,13.13840328227985
2019-12-02,-0.0014750077037607111,13.11902403622337
2019-12-03,0.0037658021967586198,13.16842768575831
2019-12-04,0.005709738174912786,13.243615960019262
2019-12-05,-0.00019592862798640512,13.241021156514636
2019-12-06,-0.0012134185206118704,13.224954256211507
2019-12-09,-0.001361118278067844,13.206953529246768
2019-12-10,0.0015212814798998124,13.227045023056707
2019-12-11,0.0021235605843346462,13.25513345451489
2019-12-12,-0.0010198761659153755,13.241614859828603
2019-12-13,-0.004080122610500137,13.187587447639482
2019-12-16,0.0035681047975035882,13.234642141678902
2019-12-17,-0.000921191221965604,13.22245050551213
2019-12-18,0.0018252303846688239,13.24658452393457
2019-12-19,0.005929461502949069,13.3251296369148
2019-12-20,0.0024167603476294695,13.35733328184832
2019-12-23,0.004999987014824708,13.424119774810247
2019-12-24,0.0043026251093433235,13.48187872962418
2019-12-25,0.00026357480568983715,13.485432213190675
2019-12-26,0.007961843485163118,13.592801113801876
2019-12-27,-0.0030507958166008423,13.551332253028002
2019-12-30,-0.008726951905364985,13.433070428202205
2019-12-31,-4.587212699724616e-05,13.43245422468956
2020-01-01,-0.0001549009275695397,13.43037352507062
2020-01-02,0.012493062445561833,13.598160020186548
2020-01-03,0.009537948233140246,13.727858566525043
2020-01-06,0.00884777107815412,13.849319516514933
2020-01-07,-0.005225056716695814,13.7769560365535
2020-01-08,-0.00035558465354456985,13.772057162414344
2020-01-09,-0.003958422589420783,13.717541540239848
2020-01-10,4.198524519715869e-05,13.718117474584917
2020-01-13,-0.00033700512062325653,13.713494398750669
2020-01-14,0.002471685283977383,13.747389841047967
2020-01-15,0.0008357303888093095,13.75887895250494
2020-01-16,0.0029881727120943547,13.799992859139826
2020-01-17,0.0049254099526725645,13.867963481315043
2020-01-20,0.0020577075816235278,13.896499694912222
2020-01-21,-0.0015419734555584524,13.875071661257492
2020-01-22,0.0029278007290385794,13.915695106182783
2020-01-23,0.0012245099233358936,13.93273501293042
2020-01-24,-0.002690603913005192,13.895247541585764
2020-01-27,-0.006334852619253775,13.80722319630177
2020-01-28,0.006721629416437906,13.900030233897354
2020-01-29,-0.0014315869386267086,13.88013113216799
2020-01-30,0.0030717585861967604,13.922767544150766
2020-01-31,-0.006975756984568271,13.825645701210135
2020-02-03,-0.0018517421342630408,13.80004417053181
2020-02-04,-0.002949952668086073,13.759334693411244
2020-02-05,0.002597974562328289,13.795081094939288
2020-02-06,0.002464403717628063,13.829077744074636
2020-02-07,0.0018511888152065148,13.854677978119087
2020-02-10,0.006483441711092756,13.944503975216183
2020-02-11,0.004682168814918553,14.009794496868448
2020-02-12,0.004987871188334344,14.079673547193865
2020-02-13,0.005041357528314782,14.150654215427226
2020-02-14,0.0030833494644212367,14.194285627523572
2020-02-17,-0.0013255053709652284,14.175471025687274
2020-02-18,0.0073228826986709615,14.27927633720679
2020-02-19,0.011551871791821424,14.444228706734194
2020-02-20,-0.008989831547910825,14.314377523821156
2020-02-21,0.0011388535403134216,14.330679503341543
2020-02-24,-0.007877697032292547,14.217786751947333
2020-02-25,-0.014535760091168266,14.011120414693636
2020-02-26,-0.012434092526742409,13.836904847054006
2020-02-27,-0.01533812358754382,13.624672690440807
2020-02-28,-0.01021689967005291,13.485470776525263
2020-03-02,0.010577755091805875,13.62811678369705
2020-03-03,0.00023277010790955204,13.631289001911394
2020-03-04,0.018078355500618554,13.87772029041962
2020-03-05,0.0045542395491953835,13.94092275301892
2020-03-06,0.00897167275117037,14.065996149808353
2020-03-09,-0.006735932011274215,13.971248556072398
2020-03-10,0.009472680949749646,14.103593736113721
2020-03-11,-0.034175458628096574,13.621596951877684
2020-03-12,-0.023250911472176852,13.304882407039903
2020-03-13,0.025295606918574326,13.64143748250624
2020-03-16,-0.01959853580517156,13.37408528157133
2020-03-17,0.022282382849041098,13.672091770071027
2020-03-18,-0.027235677945824734,13.299723081775612
2020-03-19,-0.0005037467798846249,13.29302338909981
2020-03-20,0.013428252112200736,13.471525458502022
2020-03-23,0.0022638115110008017,13.502022452905718
2020-03-24,0.03560986864012833,13.982827698829754
2020-03-25,-1.3343722757935719e-05,13.982641115853568
2020-03-26,0.0146782215877924,14.187881420534643
2020-03-27,-0.011672178520176497,14.022277935771067
2020-03-29,0.008437778868031463,14.14059481621918
2020-03-30,0.020954891152073225,14.436909441418623
2020-03-31,-0.0067198081419921315,14.339896179808974
2020-04-01,0.00912835575371628,14.470795853609628
2020-04-02,0.006399033477218915,14.563394960718876
2020-04-03,-0.007032619246729257,14.460976149020404
2020-04-05,0.005004556934013969,14.533346927479595
2020-04-06,0.008889097891148416,14.662535271003982
2020-04-07,-0.008448355576338483,14.538660959383936
2020-04-08,-0.0018988364350340024,14.511054420237652
2020-04-09,0.003800712542070031,14.56620676677131
2020-04-12,0.0005311098794711039,14.573943023091562
2020-04-13,0.008550687815587455,14.698560260124177
2020-04-14,0.004293752061907169,14.76167223354815
2020-04-15,0.010168937018309798,14.911782748776034
2020-04-16,0.0011253124134429902,14.928563163009796
2020-04-17,-0.0022713947591476522,14.894654502879732
2020-04-19,0.000682148117928917,14.904814863416073
2020-04-20,0.009136418485322283,15.040991489454493
2020-04-21,0.005669838275731035,15.126271478706347
2020-04-22,0.014265681057275426,15.342058043207333
2020-04-23,0.00860985020369708,15.474150864775774
2020-04-24,-0.0007315325372674993,15.462831019931604
2020-04-26,0.000567959492174034,15.47161328158526
2020-04-27,0.009116789873841749,15.612664728882812
2020-04-28,-0.004056135604986209,15.549337643587279
2020-04-29,-0.008885033525481187,15.41118125732498
2020-04-30,-0.00806850598093524,15.286836049176976
2020-05-01,0.0021164465663994375,15.319189820844368
2020-05-03,0.0005120967543585792,15.327034728231025
2020-05-04,0.0030531536137667443,15.373830519699853
2020-05-05,0.00043646187186778,15.380540610546259
2020-05-06,0.0049908219930403334,15.457302150890223
2020-05-07,0.0037527844245550516,15.515310073647726
2020-05-08,-0.004884465001361874,15.439526084607715
2020-05-10,-0.009212990436466803,15.297281878446643
2020-05-11,0.008269960085497668,15.423789788998004
2020-05-12,0.004940118579981225,15.49998513950836
2020-05-13,0.004381316762780473,15.567895484222934
2020-05-14,-0.0034684875999684965,15.5138984317783
2020-05-15,0.00011425491189312744,15.51567097087674
2020-05-17,0.0010018470355809327,15.531215299843964
2020-05-18,-0.01351240300011755,15.32135125963088
2020-05-19,0.002370484712838192,15.35767028857186
2020-05-20,-0.004616467320453629,15.286772105566367
2020-05-21,-0.0038862180674281216,15.227364375617059
2020-05-22,0.0021298553179257937,15.259796458610461
2020-05-24,0.00033483603410057786,15.264905988337846
2020-05-25,-0.0032444146068867277,15.215380304376529
2020-05-26,-0.0073983976223537,15.102810870909423
2020-05-27,-0.0033491253156032485,15.05222966468489
2020-05-28,0.002380571517064849,15.088062573892959
2020-05-29,-0.00031498078944916063,15.083310124032176
2020-05-31,-0.0027815555325571163,15.0413550593074
2020-06-01,-0.0008651892521846975,15.028341440571792
2020-06-02,-0.016831357351055995,14.775394055391844
2020-06-03,-0.012819743723086537,14.585977290194103
2020-06-04,-0.005279154912980955,14.508975656521947
2020-06-05,-0.007616112385823593,14.398473667318697
2020-06-07,-0.005445884424452509,14.320061243837957
2020-06-08,0.0037750948083217052,14.374120832694418
2020-06-09,0.00683391414813026,14.472352340419901
2020-06-10,0.010864200226718313,14.629582873997839
2020-06-11,0.0036803625058981363,14.68342504228423
2020-06-12,0.0014170178639105596,14.704231717872538
2020-06-14,0.0012477150225772104,14.722578408682383
2020-06-15,-0.001704273060850946,14.6974871149142
2020-06-16,0.003640074312299752,14.750987060216556
2020-06-17,0.002331279648711498,14.785375736148447
2020-06-18,0.004043775620900338,14.845164478096137
2020-06-19,-0.00011391005360599382,14.843473464614648
2020-06-21,0.00020838944888878315,14.846566687869533
2020-06-22,-0.004748165596606784,14.776072730694464
2020-06-23,0.00024255664126484168,14.779656765267108
2020-06-24,0.008383568290938682,14.903563027075359
2020-06-25,-0.0009000692539430375,14.890148788220486
2020-06-26,0.003856808440536298,14.947577239747737
2020-06-28,0.002697319213584074,14.987895627033042
2020-06-29,-0.00653823678985531,14.889901216441864
2020-06-30,0.0013408927999663273,14.9098669777752
2020-07-01,-0.004339719402079102,14.845162338769331
2020-07-02,0.00226114807010827,14.878729448942083
2020-07-03,-0.0004707872080721992,14.871724733445154
2020-07-05,-0.0016622159297624269,14.84700471569018
2020-07-06,-0.0020820792348266123,14.816092075472268
2020-07-07,0.004555427912097168,14.883585714861075
2020-07-08,-0.00461741396865644,14.81486203827758
2020-07-09,0.005873879154484507,14.901882747580784
2020-07-10,-0.002469604501986564,14.865080990859283
2020-07-12,0.0004589866102245599,14.87190386399399
2020-07-13,0.0009061004838033378,14.885379303280233
2020-07-14,-0.0029884330021837735,14.840895344520288
2020-07-15,-0.0006001106474927743,14.831989165205716
2020-07-16,-0.000923351042974517,14.818294032540637
2020-07-17,-0.0003694859978123858,14.812818880384146
2020-07-19,-0.00030148781635426524,14.808352995965848
2020-07-20,-0.0008394273652210672,14.795922459227182
2020-07-21,-0.002437561106858714,14.759856494100474
2020-07-22,-0.000479888098206653,14.752773414637717
2020-07-23,0.005784255823833505,14.83810723017903
2020-07-24,0.0005395925677885258,14.846113762560483
2020-07-26,0.002144875917759455,14.877956834442115
2020-07-27,-0.0018481720235636063,14.850459810852913
2020-07-28,0.007218019729103995,14.957650722753916
2020-07-29,0.00011104714667888126,14.959311727187698
2020-07-30,-0.0009897975778658244,14.944505036673588
2020-07-31,0.0045999044218021125,15.013248331473427
2020-08-02,-0.010043455028198181,14.862463447029103
2020-08-03,-0.00016522829511750846,14.860007747532503
2020-08-04,0.014794360516527766,15.079852059427894
2020-08-05,-0.000767496726253836,15.068278322339891
2020-08-06,0.0035474282568369524,15.121731958642442
2020-08-07,-0.0014534219793188802,15.099753701048384
2020-08-09,-0.0027962457924064666,15.057531078295453
2020-08-10,-0.00514401322477213,14.980074939296284
2020-08-11,-0.01967730024011968,14.685307507096258
2020-08-12,-0.0017392443481124601,14.659766169014247
2020-08-13,0.0038670223487286986,14.716455812416962
2020-08-14,-0.0018959296995132865,14.688554446770626
2020-08-16,0.005223661693300718,14.765282485964185
2020-08-17,0.0132494767488037,14.960914752951485
2020-08-18,0.006754533713461858,15.061968756034524
2020-08-19,-0.015147260792390307,14.833821187240035
2020-08-20,0.008290389130549318,14.95679933717524
2020-08-21,0.0012296401739829235,14.975190818514431
2020-08-23,-0.002875100020478735,14.932135647085447
2020-08-24,-0.004352653043903744,14.867141241409177
2020-08-25,-0.0058230741180915185,14.780568776036317
2020-08-26,0.011960736266555763,14.957355261036176
2020-08-27,-0.011508468926415617,14.78521900279318
2020-08-28,0.003969217963569267,14.843904759654373
2020-08-30,0.005780229128807619,14.929705930331373
2020-08-31,0.006117958385491396,15.021045249920764
2020-09-01,0.006638981793987232,15.120769695861645
2020-09-02,-0.00028775301838138503,15.116418648741412
2020-09-03,-0.008440360520467175,14.988830625567722
2020-09-04,-0.004869858026167095,14.915837148442941
2020-09-06,-0.0009187215931537125,14.902133646774702
2020-09-07,-0.0005547569214390519,14.893866584989945
2020-09-08,0.000866921771186939,14.906778402189627
2020-09-09,0.004217139203354639,14.969642361785219
2020-09-10,-0.0028818568271493862,14.926501995744925
2020-09-11,-0.0003722732515677498,14.920945258312436
2020-09-13,0.0006109425500404669,14.930061098657564
2020-09-14,0.007783247101310276,15.046265453426074
2020-09-15,-0.000277643733557879,15.042087952109481
2020-09-16,-0.007496465547799401,14.929325458009524
2020-09-17,-0.001007890422880959,14.914278333860324
2020-09-18,-0.007129075873363747,14.807953312021768
2020-09-20,0.004740516172730105,14.87815065418244
2020-09-21,-0.0030887156349822236,14.832196277637244
2020-09-22,0.0007499700708590459,14.84331998093058
2020-09-23,-0.008515077293866056,14.71692796399537
2020-09-24,0.0006055402062603557,14.725839655590207
2020-09-25,0.004306656417470878,14.789258787445602
2020-09-27,-0.0008023982646789014,14.77739191185867
2020-09-28,0.004787132987192845,14.848133252144606
2020-09-29,0.002751890839251912,14.888993694021174
2020-09-30,-0.0035313709314016917,14.836415134492285
2020-10-01,0.005448153616732382,14.917246203266611
2020-10-02,0.0021508989482084215,14.949331692435383
2020-10-04,0.00031825929672979925,14.954089456226399
2020-10-05,-0.013171218681593653,14.757125873814326
2020-10-06,-0.0032597326944470246,14.709021588127383
2020-10-07,-0.00043419914341661736,14.702634943553322
2020-10-08,-0.0023851811260684357,14.667566496182484
2020-10-09,0.004086200852295609,14.727501118900289
2020-10-11,0.0018455492380531468,14.754681447368702
2020-10-12,0.007562394051364716,14.866262162576064
2020-10-13,-0.005745954366107957,14.780841298595305
2020-10-14,-0.0007616215680127471,14.769583891068923
2020-10-15,-0.0029874975834818353,14.725459794885323
2020-10-16,0.0014370794034279616,14.746621449862559
2020-10-18,0.001006726443514909,14.76146726362864
2020-10-19,-0.004487419482075057,14.69522636784582
2020-10-20,-0.0038728022877776535,14.638314661549016
2020-10-21,0.006171858193102409,14.728660263826109
2020-10-22,-0.010342879691635332,14.576323502698385
2020-10-23,0.004801281596788509,14.646308536480728
2020-10-26,0.0062346373100716,14.737622958137091
2020-10-27,0.0008664889606202658,14.7503929457361
2020-10-28,0.006251408765903987,14.842603681497604
2020-10-29,-0.0017355696467837038,14.816843309068757
2020-10-30,-0.003665012846828386,14.762539387991577
2020-11-02,-0.0013123727322663277,14.743165433839769
2020-11-03,-0.002434792088719499,14.707268891278773
2020-11-04,0.013174920252781205,14.901035986057579
2020-11-05,-0.0002840621473686741,14.896803165777362
2020-11-06,0.0025522822505027183,14.934824012086606
2020-11-09,-0.021190060910980496,14.618354181575716
2020-11-10,-0.021431018996527832,14.305067955412394
2020-11-11,0.0026958725433371467,14.343632595343964
2020-11-12,0.00646502814456882,14.436364583768217
2020-11-13,0.005394707700435401,14.514244550954565
2020-11-16,0.001523889903121323,14.536362661677199
2020-11-17,-0.000602962809884321,14.527597775601215
2020-11-18,-0.0031619102881337655,14.481662814732672
2020-11-19,0.0033937823879588666,14.53081042694167
2020-11-20,-0.00014440947068655608,14.52871204029927
2020-11-23,-0.004637042486864601,14.461341785288981
2020-11-24,-0.01290677631562315,14.274692481642482
2020-11-25,-0.0014276828143668962,14.254312748506068
2020-11-26,-9.132408712815118e-05,14.253010986406672
2020-11-27,0.002117156548716088,14.283186841955466
2020-11-30,0.004112499450041738,14.34192643998785
2020-12-01,-0.004269001626271513,14.280700732691676
2020-12-02,0.0008540322753359135,14.292896912031807
2020-12-03,0.0037191376715130435,14.346054163372399
2020-12-04,-0.0015274596327968788,14.32414114474793
2020-12-07,0.0023273494858111737,14.357478427275845
2020-12-08,0.0005323146904645897,14.365121123960712
2020-12-09,-0.005464533998301841,14.286622431189105
2020-12-10,-0.004839091323452212,14.217488160540901
2020-12-11,7.673130268440396e-05,14.21857908692836
2020-12-14,-5.086486058390659e-05,14.217855860885402
2020-12-15,0.004035179789372717,14.27522746550346
2020-12-16,-0.0017038213767846997,14.250905027789273
2020-12-17,0.003247979392684405,14.297191673646637
2020-12-18,0.002096611795743065,14.327167334355604
2020-12-21,0.00113930641074812,14.343490367947496
2020-12-22,0.0037764738034951947,14.397658183572734
2020-12-23,-0.006630090927688944,14.30220040066986
2020-12-24,0.0046845265958928,14.369199438826588
2020-12-25,-0.0009022845541310617,14.356234332117705
2020-12-28,0.0024356697949584013,14.391201378449788
2020-12-29,0.00040257870984496873,14.396994969733843
2020-12-30,0.002143786441035037,14.427859052341606
2020-12-31,0.0055734770386944585,14.508272393487351
2021-01-01,-0.006224235012107291,14.417969496490617
2021-01-04,0.007436026544412022,14.525181900383044
2021-01-05,-0.00262696437118023,14.487024765045826
2021-01-06,-0.003585238093142548,14.435085332001883
2021-01-07,-0.002918197243405852,14.392960905777707
2021-01-08,-0.017782406191881827,14.137019428647292
2021-01-11,-0.004275034319903423,14.076583185408683
2021-01-12,-0.003370805706564352,14.02913375847838
2021-01-13,0.003763150354312262,14.081927498152293
2021-01-14,-0.010305923045413041,13.93680023702525
2021-01-15,0.0009433035017967472,13.949946869492678
2021-01-18,-0.0013979410034743118,13.930445666767525
2021-01-19,0.005644728039820245,14.00907924402992
2021-01-20,0.01209427062803147,14.178508839656754
2021-01-21,-0.0009752531027548995,14.164681204918441
2021-01-22,0.009738892162537503,14.302629507689863
2021-01-25,0.004992023040378256,14.374028563730244
2021-01-26,-0.0015654476823823182,14.351526774028654
2021-01-27,-0.006701692824105558,14.255347250032187
2021-01-28,-0.00699145084643059,14.155681690434788
2021-01-29,-0.0008831644224307099,14.143179895990542
2021-02-01,0.011481764121830098,14.305568551488916
2021-02-02,-0.0021475703579034297,14.274846336514782
2021-02-03,-0.0024796385895236414,14.23944987667924
2021-02-04,-0.0008295901134814885,14.227636969840132
2021-02-05,-0.0009880997488313967,14.21357864532377
2021-02-08,0.010407429042174102,14.361505456510338
2021-02-09,0.003078482824835796,14.405717104396992
2021-02-10,0.00789522914423833,14.519453541923278
2021-02-11,-0.0010647248326911393,14.503994319180087
2021-02-12,-1.0106537244080943e-06,14.50397966066421
2021-02-15,-0.0020676506130432835,14.473990498227272
2021-02-16,-0.007119838780860326,14.37093801936419
2021-02-17,-0.004567713959102867,14.305295685167739
2021-02-18,-0.003059071318093448,14.261534765440397
2021-02-19,-0.00012060663872906114,14.25981472966922
2021-02-22,-0.0022530785987463294,14.227686246279713
2021-02-23,0.012762108754486188,14.409261525479444
2021-02-24,0.002946771406287733,14.451722325328447
2021-02-25,-0.03168685323520947,13.993792721009765
2021-02-26,-0.005314934637457159,13.919416627367475
2021-03-01,0.000963531854180913,13.93282842867956
2021-03-02,0.0003424609309387862,13.937599878073856
2021-03-03,-0.004146740619274433,13.879804266524253
2021-03-04,-0.007141428442325353,13.78068263756139
2021-03-05,0.003120229811355611,13.823681534347937
2021-03-08,-0.016437874810855357,13.596449587861192
2021-03-09,0.009623212624097328,13.727291113178001
2021-03-10,0.008270419720095543,13.840821572303922
2021-03-11,0.005617075982206634,13.91856651873172
2021-03-12,-0.007750507034135107,13.81069057102321
2021-03-15,-0.0027520787465226794,13.772682463027895
2021-03-16,0.0005338756866489443,13.780035363334841
2021-03-17,0.0036830634699806858,13.830788108196582
2021-03-18,-0.015607645394038392,13.614922071883768
2021-03-19,0.0022111631543156765,13.645026885917996
2021-03-22,-0.0011972670466166924,13.628690144877288
2021-03-23,-0.004202196922640361,13.571419705090866
2021-03-24,0.0020780639232547645,13.599621982767363
2021-03-25,-0.0022403029704035874,13.569154709243005
2021-03-26,0.004909534163809586,13.635772937862052
2021-03-28,7.543902020861002e-05,13.636801607212272
2021-03-29,-0.0032746500391838125,13.592145854294872
2021-03-30,-0.010112990060435445,13.4546886183704
2021-03-31,-0.0025291627684383812,13.420659520855885
2021-04-01,0.007699121367247063,13.523986807335454
2021-04-04,-0.0008941318824300299,13.511894579553452
2021-04-05,0.009621424664821515,13.641898255329634
2021-04-06,0.002328812110413744,13.673667673195677
2021-04-07,0.0009626714566941512,13.686830922772984
2021-04-08,0.007034981669012947,13.783117527421572
2021-04-09,0.0004753223087046633,13.789668950665853
2021-04-11,0.00035036183688143133,13.794500324409395
2021-04-12,0.005036589822912487,13.863977564355478
2021-04-13,0.006321623873278965,13.951620415904912
2021-04-14,0.004016216869222396,14.007653149172256
2021-04-15,0.0029239039980766403,14.048610182218791
2021-04-16,0.004148044475357549,14.106884442071598
2021-04-18,-0.0011846104624796184,14.090173279168528
2021-04-19,0.0055121311707725645,14.167840162502221
2021-04-20,-0.004187196450652806,14.108516632460375
2021-04-21,0.004193276327994827,14.167677541278392
2021-04-22,-0.007898540156625382,14.055773571292486
2021-04-23,0.005275186539134696,14.129920398832894
2021-04-25,0.005381333443318716,14.205958212026566
2021-04-26,-0.0007783911306671578,14.194900420151697
2021-04-27,-0.0005899620469082505,14.186525967644167
2021-04-28,0.0024441608156700345,14.221200118524768
2021-04-29,-0.0014066929358042507,14.201195256779382
2021-04-30,-0.005445974746864673,14.123855906035667
2021-05-02,-0.0008693502818831066,14.111577327922479
2021-05-03,0.005818183149726369,14.193681069347859
2021-05-04,-0.004412936353916598,14.131045258161036
2021-05-05,-0.0005085099402256772,14.123859481181482
2021-05-06,0.006998403989573669,14.222703955722759
2021-05-07,0.008648695682496564,14.345711794018044
2021-05-09,0.001118813413349035,14.36176196879723
2021-05-10,-0.0021381971190141628,14.331053690731581
2021-05-11,0.0014135537951837928,14.351311406065097
2021-05-12,-0.003996165802242977,14.293961186206841
2021-05-13,-0.0019127954018596269,14.266619762975505
2021-05-14,0.008132196075140008,14.382638712217489
2021-05-16,0.0019153310514786448,14.410186226745196
2021-05-17,0.005933121455719113,14.495683611828005
2021-05-18,-0.0016038238188532798,14.472435089180793
2021-05-19,-0.0008677548086408636,14.459876564039414
2021-05-20,-0.0008652508377721335,14.447365143728298
2021-05-21,0.00128262272905707,14.46589566263663
2021-05-23,0.0010107454008146468,14.480517000146303
2021-05-24,0.00661674365000021,14.576330869055742
2021-05-25,-0.00031142131172282126,14.571791488976395
2021-05-26,0.0011250745903488082,14.588185841316504
2021-05-27,0.006146659153708001,14.677854447354026
2021-05-28,0.002633963513229857,14.716515380420853
2021-05-30,0.0004466809732912775,14.723088967834435
2021-05-31,-0.00013286060010787227,14.721132849398728
2021-06-01,0.0021986893264312867,14.753500047067677
2021-06-02,0.0015256540016385643,14.776008783452662
2021-06-03,-0.00513938178532946,14.700069233051117
2021-06-04,0.0038673426236511196,14.756919437366717
2021-06-06,-0.0032555783586170916,14.70887712980657
2021-06-07,0.0020457811931482,14.738968274011057
2021-06-08,-0.0029572067332575393,14.695382097789883
2021-06-09,-0.001555909731695848,14.672517409772944
2021-06-10,-0.0011497920877483895,14.655647065347837
2021-06-11,-0.002857108577748785,14.613774290404974
2021-06-13,0.00129728583467849,14.632732532783105
2021-06-14,0.0020757296334418494,14.663106129319633
2021-06-15,-0.0024636638313489953,14.626981165093596
2021-06-16,-0.004397843395952865,14.562653992573964
2021-06-17,-0.02494956132682154,14.199322163704956
2021-06-18,-0.006878051544759353,14.101658493962349
2021-06-20,0.0008582469614325464,14.11376119951595
2021-06-21,0.012706824484958282,14.293102285900813
2021-06-22,-0.0009585239052718413,14.279402005679282
2021-06-23,0.0038391509917661236,14.334222786051212
2021-06-24,0.0014412461606656064,14.354881929607735
2021-06-25,-0.0007829490870573594,14.343642787906132
2021-06-27,7.716572277051402e-05,14.344749625469023
2021-06-28,-0.0029738305818928206,14.302090770343208
2021-06-29,-0.002705325180336164,14.263398964050745
2021-06-30,0.002994480355398826,14.30611043204981
2021-07-01,0.00010271607164518413,14.307579899513911
2021-07-02,0.006254882638734545,14.397072132629688
2021-07-04,-0.002532097678447867,14.36061733970621
2021-07-05,-0.0030970943022118787,14.31614115356716
2021-07-06,-0.019181112835909116,14.041541634725787
2021-07-07,-0.0017033421737131169,14.01762408467541
2021-07-08,-0.00854203945514966,13.897884986676656
2021-07-09,0.009862030596194777,14.034946353637658
2021-07-11,0.003337657821584897,14.081790202110401
2021-07-12,0.008904425282647717,14.207180450811014
2021-07-13,0.0025636347638291397,14.243602472510707
2021-07-14,0.0010514152339272664,14.258578413136307
2021-07-15,-0.010125635204297977,14.11420124959301
2021-07-16,-0.006658469392543913,14.020222272572392
2021-07-18,0.0004078957187408725,14.025941061213167
2021-07-19,-0.028582082207553428,13.625050460763273
2021-07-20,0.012324580277320257,13.792973488949489
2021-07-21,0.014113412156254022,13.987639408659318
2021-07-22,-0.0005676783874743045,13.979698928075239
2021-07-23,0.0025470003701988366,14.015305226420315
2021-07-25,0.002323714261503749,14.047872791054276
2021-07-26,0.004879163263202926,14.116414655902538
2021-07-27,-0.009239254474557333,13.985989508628284
2021-07-28,0.007975587970893589,14.097535998314344
2021-07-29,0.009149034983468899,14.226514848343633
2021-07-30,-0.012868361314901856,14.04344291502333
2021-08-01,-0.003728339416179953,13.991084193264376
2021-08-02,-0.004233178109692663,13.931857441926581
2021-08-03,0.0014335656607463963,13.951829674345742
2021-08-04,-0.001083934328693116,13.936706807213639
2021-08-05,0.005160434138530364,14.008626264800272
2021-08-06,0.00945414855318166,14.141065898533695
2021-08-08,0.006481254265179352,14.232717742202748
2021-08-09,0.003785315557965786,14.286593070104443
2021-08-10,0.006375324674443926,14.37767473941802
2021-08-11,-0.004346807206425825,14.315177759249073
2021-08-12,-0.0016294738055573073,14.29185155206848
2021-08-13,-0.005475310213998492,14.21359923128849
2021-08-15,-0.005950479610075444,14.129021498876924
2021-08-16,-0.005830203472286519,14.046646428674162
2021-08-17,-0.0014172321329372147,14.026739069995438
2021-08-18,-0.007269003710394143,13.92477865165091
2021-08-19,-0.001474285168464015,13.904249557010637
2021-08-20,0.0006684557598392789,13.913543932713264
2021-08-22,0.0005217560314572556,13.920803408179102
2021-08-23,0.0015147723422130766,13.941890256163198
2021-08-24,0.013284255474763342,14.127097888127185
2021-08-25,0.007795886895686269,14.237231145427312
2021-08-26,-0.0059723434105328705,14.152201511811686
2021-08-27,0.0024120576188526766,14.18633743729179
2021-08-29,-0.0011031525675364862,14.170687742723903
2021-08-30,0.0017529374746256226,14.195528072309342
2021-08-31,-0.000649710287832723,14.186305091679545
2021-09-01,-0.002514039966585053,14.150640153700893
2021-09-02,-0.003521316802708461,14.100811266758585
2021-09-03,-0.000592590789436744,14.092455255878319
2021-09-05,-0.0016583747067385086,14.069084684526127
2021-09-06,0.0029510344691537,14.110603038379605
2021-09-07,0.008301150408796365,14.227737276560013
2021-09-08,-0.010054387063047815,14.084686098950124
2021-09-09,-0.0005011456873685441,14.077627619253695
2021-09-10,0.0010463986739740888,14.092358430127184
2021-09-12,-0.00024473213954941207,14.088909577097281
2021-09-13,0.004825411184605698,14.156894358949506
2021-09-14,-0.007172004846849126,14.05536104399079
2021-09-15,0.0036358071450325736,14.106463626100544
2021-09-16,0.0074020160131566684,14.210879895749953
2021-09-17,-0.00488824592452241,14.141413620015676
2021-09-19,0.0022765589906523585,14.173607382332857
2021-09-20,-0.017988344512368568,13.918647649756403
2021-09-21,0.0014820973849642878,13.939276441040347
2021-09-22,0.012333509425874214,14.111196638415786
2021-09-23,0.015175227250791623,14.325337254184353
2021-09-24,0.0022043250256017152,14.356914953593934
2021-09-26,0.0019651493334025966,14.385128435444706
2021-09-27,0.003200811223818059,14.431172515996941
2021-09-28,-0.004789817729178055,14.362049830026992
2021-09-29,0.00962797065886048,14.500327224391583
2021-09-30,-0.009322829759255889,14.365143142225076
2021-10-01,0.003283009486838014,14.412304043440786
2021-10-03,0.0017035973734746035,14.43685680675491
2021-10-04,-0.006008327122290342,14.350115448442262
2021-10-05,0.008529649870165398,14.472516908813926
2021-10-06,-0.005023619589153547,14.399812489366452
2021-10-07,0.008696472757688832,14.525040066396054
2021-10-08,0.00412621665930064,14.584973528695025
2021-10-10,0.0038456900836153158,14.64106281676412
2021-10-11,0.004519227165619739,14.707229105579186
2021-10-12,-0.004643876841139111,14.63893054493846
2021-10-13,0.002073627451194421,14.669286233172572
2021-10-14,0.006373741830175198,14.762784476455758
2021-10-15,0.01142834749151485,14.931498707395036
2021-10-17,0.004605334525410328,15.00026325390832
2021-10-18,0.00018136775683257368,15.002983818006578
2021-10-19,-0.00012168654578062501,15.001158156729362
2021-10-20,0.0017311645552217675,15.027127630017569
2021-10-21,-0.009585242477286746,14.883088967946716
2021-10-22,-0.00383348767807889,14.82603482977634
2021-10-24,0.00017204315274006304,14.82858554755109
2021-10-25,0.005264421118119285,14.906649466459454
2021-10-26,-0.0002590610427964571,14.902787734304072
2021-10-27,-0.008761807687051057,14.772212374175156
2021-10-28,0.004770784486589499,14.842687415802475
2021-10-29,-0.0012009766601885255,14.824861694641623
2021-11-01,0.01311611489071226,15.01930628386746
2021-11-02,-0.004444196424534771,14.952557536581704
2021-11-03,0.001840144733901234,14.980072406590999
2021-11-04,-0.0055745813436515685,14.896564774426668
2021-11-05,-0.0003131692657174998,14.89189962817455
2021-11-08,0.0028209290563918315,14.933908620540539
2021-11-09,-0.004859752717146019,14.861333517544256
2021-11-10,-0.0003498241106326707,14.856134664763665
2021-11-11,0.015827712086193404,15.091273286951262
2021-11-12,0.004685254302798025,15.161979740053651
2021-11-15,0.0011301475226748662,15.179115013895718
2021-11-16,0.006696784334249819,15.28076627352855
2021-11-17,-0.0028808317587357152,15.236744956749952
2021-11-18,-0.0029270120875937184,15.192146820085963
2021-11-19,-0.005810203033163686,15.10387736255163
2021-11-22,0.012697666104548979,15.295661354185368
2021-11-23,0.01651310693572564,15.548240245779677
2021-11-24,0.0016866613938167168,15.574464862344021
2021-11-25,0.004604253878183208,15.646173652587096
2021-11-26,-0.028363942422671085,15.202386483970004
2021-11-29,-0.007794499499025055,15.083891490136715
2021-11-30,-0.012031996821088915,14.90240215567774
2021-12-01,-0.007843885749820163,14.78550941577073
2021-12-02,0.004092130134645206,14.846013644407085
2021-12-03,-0.007473836995529014,14.735056958395386
2021-12-06,0.006447220360242078,14.83005711762688
2021-12-07,0.011056497179039042,14.99402560231291
2021-12-08,0.001263275737312592,15.012967191060955
2021-12-09,-0.006482432475556401,14.91564664498716
2021-12-10,0.003943471185052789,14.974466067738096
2021-12-13,-0.003743147594252194,14.91841443110143
2021-12-14,0.005405198517951601,14.999051422674606
2021-12-15,0.005281645853262087,15.07827110042404
2021-12-16,-0.005562358406066832,14.994400352419643
2021-12-17,-0.0065438429578117885,14.896279351266852
2021-12-20,0.0045019499119568615,14.963341654780773
2021-12-21,0.009480619182904406,15.10520339871344
2021-12-22,0.0029762385966452566,15.150160088078868
2021-12-23,-0.0014229381534751969,15.128602347258283
2021-12-24,0.0024903003356130963,15.166277110761019
2021-12-27,0.0034000737756093614,15.217843571838944
2021-12-28,0.0015099759905366804,15.240822150260163
2021-12-29,0.005324331242104628,15.321969335790152
2021-12-30,-0.0032871492151195164,15.271603736313924
2021-12-31,-0.004947535111092611,15.196046940625818
2022-01-03,0.009765495056841872,15.344443861908035
2022-01-04,0.00874456550097631,15.478624356334544
2022-01-05,0.006304000718792252,15.576201615402791
2022-01-06,0.004455032794222247,15.64559410440883
2022-01-07,-0.002670070641362837,15.603819262923968
2022-01-10,-0.005501032263670393,15.517982149722142
2022-01-11,-0.0011655060749665607,15.499895847255418
2022-01-12,-0.005791862731973716,15.410122578148226
2022-01-13,-0.012067221825111331,15.224165210645554
2022-01-14,0.0010158866855298316,15.239631237381355
2022-01-17,0.0037366883410337344,15.29657698974773
2022-01-18,0.00257567139119953,15.335975945483504
2022-01-19,-0.003058295014965729,15.2890740066998
2022-01-20,-0.01041228409039491,15.129879824662968
2022-01-21,-0.006602596279787171,15.02998333641902
2022-01-24,0.0006728831678208364,15.040096759218725
2022-01-25,-0.0008928720173453717,15.026667877684252
2022-01-26,0.004119382444029079,15.088568469531841
2022-01-27,0.006589229788203736,15.187990514352633
2022-01-28,0.012641628883373208,15.379991453919272
2022-01-31,-5.2439278866025585e-05,15.379184938258463
2022-02-01,-0.004847096497471595,15.304640544810262
2022-02-02,-0.002990039869251974,15.25887905939671
2022-02-03,-0.003346284878093925,15.207818503143587
2022-02-04,0.0024486648176379176,15.245057353265256
2022-02-07,0.0006095029067461886,15.254349260035582
2022-02-08,-0.0017890286645859536,15.227058791949773
2022-02-09,0.005571776699352792,15.311900563326434
2022-02-10,-0.00028002226917186616,15.307612890185357
2022-02-11,-0.007787154727355529,15.188410140103022
2022-02-14,0.002157602542161946,15.221180692432705
2022-02-15,0.004263966401642948,15.286083295498573
2022-02-16,-0.0073277256218556965,15.174071071276328
2022-02-17,-0.008589907805757213,15.043727199736058
2022-02-18,-0.0009975839996740016,15.02871981818614
2022-02-21,0.002973360601100723,15.073405621578516
2022-02-22,-0.004067237093811958,15.012098507104358
2022-02-23,0.000594875145614482,15.02102883138975
2022-02-24,0.002941076119328004,15.065206820573488
2022-02-25,0.013464258669610301,15.268048662116867
2022-02-28,-0.003657514882285891,15.212205546911708
2022-03-01,0.0012322607136135801,15.23095095017458
2022-03-02,0.022463511919060576,15.573091598382454
2022-03-03,0.00972777815246853,15.72458317859959
2022-03-04,0.012476679385585705,15.92077376139095
2022-03-07,0.005928684618909021,16.01516300791124
2022-03-08,0.014587325560210479,16.24878140460748
2022-03-09,-0.011736319881761522,16.05808050835419
2022-03-10,-0.0056172231874101215,15.967878686177366
2022-03-11,0.001146246633307602,15.986181813362462
2022-03-14,-0.0005999069783109783,15.976591591336078
2022-03-15,-0.007564022427198912,15.855744294229014
2022-03-16,0.006495563768379331,15.958736292387293
2022-03-17,0.025724650846295428,16.36926921145706
2022-03-18,-0.0005221607184644572,16.360721822084866
2022-03-21,0.02825207953605485,16.822946236269676
2022-03-22,0.011681903382231424,17.019470268806252
2022-03-23,0.01612734724450095,17.29394917574875
2022-03-24,0.012550612129595904,17.51099882404252
2022-03-25,0.013975676584451854,17.755726880278054
2022-03-27,0.005140024366866513,17.84699174909411
2022-03-28,-0.010005140905308555,17.668430081908543
2022-03-29,-0.003687056526099331,17.603285581469112
2022-03-30,-0.005643782460891479,17.50393646705035
2022-03-31,-0.003964640070127235,17.434539659148122
2022-04-01,-0.00729423710785801,17.30736799300794
2022-04-03,0.009165818811485652,17.466004192135557
2022-04-04,0.012961475560780183,17.692389378616404
2022-04-05,-0.0017523325268956442,17.66138642922975
2022-04-06,-0.005055865551285599,17.572092833994265
2022-04-07,0.0011686258018190792,17.592628035072032
2022-04-08,0.0018694058682249416,17.625515797158293
2022-04-10,0.003440555221954495,17.686157357573848
2022-04-11,0.003254767004085948,17.74372167897035
2022-04-12,0.011780924671973848,17.952759127470767
2022-04-13,0.0019276969868018236,17.98736660714557
2022-04-14,0.0015111680026264087,18.014548540013802
2022-04-17,0.0020445359733903597,18.051379932548244
2022-04-18,0.008446786523805212,18.20385608529858
2022-04-19,0.0028873433934443987,18.256416868901677
2022-04-20,0.0012812557590841957,18.2798080081552
2022-04-21,-0.0037444025744096726,18.21136104798975
2022-04-22,-0.002316609874127265,18.169172429164682
2022-04-24,-0.008371540401934616,18.017068468104213
2022-04-25,-0.00424212709086957,17.940637773857617
2022-04-26,-0.0005446065628932318,17.930867184783484
2022-04-27,0.005347752635461372,18.026757027027017
2022-04-28,0.01854740526728021,18.36110659526208
2022-04-29,-0.0049997246631935666,18.26930611777422
2022-05-01,-0.006142354147248771,18.157089569574353
2022-05-02,-0.003452015135635376,18.094411021561093
2022-05-03,0.0035813943629558896,18.159214243194718
2022-05-04,0.006272121240847883,18.273111036566565
2022-05-05,-0.005633578090602422,18.170168038583817
2022-05-06,0.0017044445876058729,18.20113808315307
2022-05-08,-0.000527489393426126,18.19153717586592
2022-05-09,-0.022371506590432202,17.784565082045944
2022-05-10,-0.000639705316997997,17.773188201202462
2022-05-11,0.0017008929411067655,17.80341849155485
2022-05-12,0.00042086300096541915,17.81091129168865
2022-05-13,0.007498360698251185,17.94446392891829
2022-05-15,0.004250330580140968,18.020733832699605
2022-05-16,0.0013496898722362082,18.045056234643866
2022-05-17,0.006439252955554381,18.16125291633594
2022-05-18,-0.016471827586750643,17.862103889538684
2022-05-19,0.001098677741503784,17.88172858549855
2022-05-20,0.0017647001257901107,17.913284474182724
2022-05-22,0.0024136179634991683,17.956520299374883
2022-05-23,0.008225061777746947,18.104213788150606
2022-05-24,-0.0068363979239704845,17.980446178594175
2022-05-25,0.003214392379267685,18.038242387766484
2022-05-26,0.00645399032095179,18.154661029544112
2022-05-27,0.0048162899805536865,18.242099141561056
2022-05-29,0.0022275015439135867,18.282733445563107
2022-05-30,-0.0020478773132750787,18.24529265051528
2022-05-31,0.006004923805870025,18.354854242697424
2022-06-01,0.005051310233871357,18.44757030577478
2022-06-02,-0.008446966556340973,18.29174429635615
2022-06-03,0.010094654736432434,18.476393139554972
2022-06-05,0.003849943498416385,18.547526209196786
2022-06-06,0.011103272289302126,18.753464442990463
2022-06-07,-0.00446587078658326,18.669713893987286
2022-06-08,0.01035551787724348,18.86304844997949
2022-06-09,0.011324233312659329,19.076658011615056
2022-06-10,0.006322214205828362,19.197264729895817
2022-06-12,0.00318687506769601,19.258444014231483
2022-06-13,0.021079603387946795,19.66440437592046
2022-06-14,0.007415509772827272,19.810225958746923
2022-06-15,-0.013546707691636503,19.54186261837851
2022-06-16,-0.008555544375308102,19.374671345570796
2022-06-17,0.0030466685648490493,19.43369954771363
2022-06-19,0.006032472218172175,19.550932800331516
2022-06-20,-0.0024661899144580684,19.50271648704109
2022-06-21,0.004878109449479761,19.597852872627055
2022-06-22,-0.012132043403642847,19.360090870958135
2022-06-23,-0.0045374516203106185,19.272245395266346
2022-06-24,-0.002075071909146449,19.23225410022045
2022-06-26,-0.0014085262991638773,19.205164964528088
2022-06-27,-0.0004595307621350663,19.196339600435007
2022-06-28,0.008178857871568678,19.35334373368133
2022-06-29,0.0044362867191322305,19.439200715457865
2022-06-30,-0.007836252955147515,19.286870221405653
2022-07-01,-0.006307357106905968,19.165221043444696
2022-07-03,-0.0031765875048041974,19.10434104175128
2022-07-04,0.0035368258721422316,19.171909769417972
2022-07-05,-0.014414076424027379,18.895564396807025
2022-07-06,-0.002075018021192598,18.856355760163044
2022-07-07,0.008185661882021324,19.010707512742844
2022-07-08,0.007239228533123209,19.148330369003954
2022-07-10,0.0044076913423413055,19.2327302989917
2022-07-11,0.004676243404345434,19.322667227199915
2022-07-12,-0.011916029045341408,19.092417763287134
2022-07-13,0.00690117875713493,19.224177951177477
2022-07-14,0.0036337844703500832,19.29403447047171
2022-07-15,-0.0027930206030180437,19.240145834680344
2022-07-17,-0.004465679380116241,19.154225512155982
2022-07-18,0.002256534309548777,19.197447679196998
2022-07-19,-0.0058661135507091944,19.08483327122703
2022-07-20,-0.002502741784824951,19.037068861542714
2022-07-21,-0.012046192808550373,18.80774465952692
2022-07-22,-0.004031376284701816,18.731923563737777
2022-07-24,-0.0011665751874506557,18.710071366495097
2022-07-25,0.005733105530829504,18.817338180128562
2022-07-26,0.008918943882960896,18.985168963383828
2022-07-27,-0.0020923017976341453,18.94544626023335
2022-07-28,-0.005422414436588698,18.842716198924244
2022-07-29,-0.0011586378813120584,18.820884314149357
2022-07-31,-0.00299771107838245,18.764464740735878
2022-08-01,-0.008092008636075157,18.612622530002515
2022-08-02,0.012284352674361254,18.841266549355826
2022-08-03,-0.002884398390446803,18.786920830446885
2022-08-04,-0.014603983579992605,18.51255694712042
2022-08-05,0.005239223407161382,18.60954836880418
2022-08-07,0.0051850974123324525,18.706040689895943
2022-08-08,-0.006614054566184158,18.58231791605571
2022-08-09,0.0021819228303103797,18.622863099756838
2022-08-10,-0.009737372610290488,18.441525342684077
2022-08-11,0.006724089031072196,18.56552780095706
2022-08-12,-0.008585325880053432,18.40613669465065
2022-08-14,-0.00011900305892895884,18.403946308080922
2022-08-15,0.0032070118119274208,18.462967981277014
2022-08-16,0.002351142190556464,18.506377044260688
2022-08-17,0.0058156774961835266,18.614004164772883
2022-08-18,0.00551074429921475,18.716581182109465
2022-08-19,0.008382591970719713,18.87347464524594
2022-08-21,0.003725272106839417,18.943783473901014
2022-08-22,0.010353359740686126,19.139915279055977
2022-08-23,-0.0052581498390712016,19.03927473661157
2022-08-24,0.0020425018932785782,19.07816249130775
2022-08-25,-0.006238056914240321,18.95915182786785
2022-08-26,0.008690350980331383,19.12391351154141
2022-08-28,0.0012885316805308525,19.148555279956764
2022-08-29,0.002538236501148568,19.19715884191261
2022-08-30,0.005907076304370824,19.310557924018916
2022-08-31,0.00534877601260144,19.413845773032858
2022-09-01,0.00633370334475716,19.536807312940116
2022-09-02,-0.0014936737993246686,19.507625695734323
2022-09-04,-0.0001418740341070663,19.50485807018102
2022-09-05,-0.002970789302273125,19.44691324648377
2022-09-06,0.01632459271314528,19.764376184760486
2022-09-07,-0.009377870315809802,19.579028428026923
2022-09-08,0.00024877907065787384,19.58389928052363
2022-09-09,-0.0031752009256567995,19.521716465400143
2022-09-11,-0.005560183434943067,19.41317214088757
2022-09-12,-0.004663598809324985,19.322636894406106
2022-09-13,0.02281679543479299,19.763517547686554
2022-09-14,-0.001781224388992334,19.72831428821834
2022-09-15,0.008017865829264644,19.88649326521884
2022-09-16,0.0006300385608594427,19.8990225228162
2022-09-18,-0.001760544324370632,19.863989411653133
2022-09-19,-0.00463557850959786,19.771908329221596
2022-09-20,0.005170148652133614,19.87413203442003
2022-09-21,0.0067210843642087036,20.007707752488788
2022-09-22,-0.001917465514385795,19.969343662851482
2022-09-23,0.005907555445695479,20.087313667753925
2022-09-25,0.010419222203307077,20.29660785232578
2022-09-26,0.01693710474930805,20.640373625576252
2022-09-27,0.004905198222921219,20.741618749604857
2022-09-28,-0.013722421964977105,20.4569935048861
2022-09-29,0.0021105924938043664,20.500169881823314
2022-09-30,-0.0010638000417682297,20.478361800246777
2022-10-02,0.0007226364957802132,20.493160211857425
2022-10-03,-0.011344300177796933,20.26067965082243
2022-10-04,-0.01036097084069563,20.050759339747582
2022-10-05,0.008456191780239168,20.22031240606391
2022-10-06,0.007815971204670025,20.378353785579137
2022-10-07,0.011169065450859932,20.605960952791047
2022-10-09,0.0030090402778517925,20.667965119261837
2022-10-10,0.00724883773191537,20.81778384466025
2022-10-11,-0.0020353657371189765,20.775412040700083
2022-10-12,-0.00043820445494573753,20.766308162590516
2022-10-13,0.002717692484755751,20.822744602220112
2022-10-14,0.008431754246395655,20.998316867441492
2022-10-16,0.00045017138563150207,21.00776970884164
2022-10-17,-0.007416498484484271,20.85196561663362
2022-10-18,-0.005435725940086171,20.738620046229503
2022-10-19,0.009669374790803048,20.939149536100555
2022-10-20,0.004971436223136784,21.043247182586004
2022-10-21,-0.010960692240947789,20.812598626467487
2022-10-23,-0.004523829395299473,20.718445981008504
2022-10-24,0.0015325781276946913,20.750198618158823
2022-10-25,-0.007235456144096009,20.600061466075854
2022-10-26,-0.005353631985508743,20.489776318107623
2022-10-27,0.0024843252237009383,20.54067958624269
2022-10-28,-0.00041980327946719944,20.5320565415899
2022-10-31,0.006324654979981043,20.66191471524492
2022-11-01,0.009231261934292509,20.852650262045355
2022-11-02,0.006474201983576664,20.98765453173472
2022-11-03,0.005886302496109689,21.11119421499236
2022-11-04,0.002491742691427066,21.163797878884864
2022-11-07,-0.011073604889955945,20.929438343203206
2022-11-08,-0.014269224342031771,20.630791492131316
2022-11-09,-0.007671965600039533,20.472512769502096
2022-11-10,-0.022107703786351424,20.019912521431646
2022-11-11,-0.016182644719328506,19.695937389785282
2022-11-14,-0.006296165322294116,19.57192851180164
2022-11-15,-0.002700984132140562,19.519065043455875
2022-11-16,-0.009412343226751019,19.33534490380159
2022-11-17,-0.0006589083351174329,19.322604683882105
2022-11-18,0.003407618413224856,19.388448747394364
2022-11-21,0.004887504562283268,19.48320987910285
2022-11-22,0.006020593588600784,19.60051036758634
2022-11-23,-0.011375971902678967,19.377535512366514
2022-11-24,-0.0029259663592314344,19.320837495332515
2022-11-25,-0.004623982941383387,19.231498272340858
2022-11-28,0.002796474627246906,19.285278669303402
2022-11-29,0.0066597117891216175,19.41371306701386
2022-11-30,-0.0006330078142915314,19.401424034938024
2022-12-01,-0.010707324212963604,19.193686697602757
2022-12-02,-0.006177004223206935,19.075127213812756
2022-12-05,-0.00035431802639981653,19.06836855238503
2022-12-06,0.0013780892320234255,19.09464646575933
2022-12-07,-0.0017508509440904742,19.06121458596768
2022-12-08,-0.0026432072956614427,19.01083184450988
2022-12-09,0.0021098469616224746,19.050941790314937
2022-12-12,0.00034260209882862715,19.057468682956962
2022-12-13,-0.006557040904446828,18.9325080812676
2022-12-14,-0.00270571048383032,18.881282195666913
2022-12-15,0.0029646423999280945,18.937258445429194
2022-12-16,0.002473173879104633,18.984093578358284
2022-12-19,0.005324027898085322,19.085165422189323
2022-12-20,0.0028661682192900957,19.139866716782297
2022-12-21,-0.006078170467649649,19.0235313441496
2022-12-22,0.003967360026995936,19.099004541976687
2022-12-23,0.006680020226211194,19.22658627861759
2022-12-26,-0.0011402216813234927,19.204663708084873
2022-12-27,0.0015201942458570883,19.233858527347525
2022-12-28,0.0031686772417472008,19.294804417134117
2022-12-29,-0.0023878861240114227,19.248730621400927
2022-12-30,-0.0009998708869669868,19.22948437604152
2023-01-02,-0.008436936816201043,19.067246431352732
2023-01-03,-0.011111219396779075,18.85538607296152
2023-01-04,-0.005684393935660628,18.748204630713836
2023-01-05,0.008053935031302693,18.899201452763172
2023-01-06,-0.0008950391343109181,18.882285927855726
2023-01-09,2.1021367786726395e-05,18.88268285933287
2023-01-10,-0.0005458087153201686,18.872376526459618
2023-01-11,0.0031328374503938124,18.931500614419644
2023-01-12,-0.0031398822219378835,18.872057932205824
2023-01-13,-0.005070953609024145,18.77635860192479
2023-01-16,-0.0012617247407507208,18.752668005735536
2023-01-17,0.004593433101453376,18.83880713169365
2023-01-18,0.0009518664886172223,18.85673916088783
2023-01-19,-0.001533905819675814,18.827814698948835
2023-01-20,0.00010010250827509142,18.82969941042554
2023-01-23,-0.0012221869921215467,18.806685996740562
2023-01-24,0.0004704249519837775,18.815533131097553
2023-01-25,0.0015680303531183594,18.845036458157217
2023-01-26,0.0024152618701112835,18.89055215615546
2023-01-27,-0.0006616778461412808,18.878052696292357
2023-01-30,-3.105398637453128e-05,18.87746645750115
2023-01-31,0.002172593131979185,18.918479511475883
2023-02-01,-0.004354989127290168,18.836089738898544
2023-02-02,-0.01718195547049772,18.51244888376649
2023-02-03,0.0016191764849856501,18.54242380567858
2023-02-06,0.015247022405470304,18.82514055689549
2023-02-07,0.009433757239112906,19.002732362901423
2023-02-08,-0.0080522893455884,18.849716863558562
2023-02-09,0.005822540556808985,18.959470104481
2023-02-10,-4.101242529296143e-05,18.958692530629744
2023-02-13,0.0004766633833091986,18.96772944515451
2023-02-14,0.008135132038075608,19.122034428653336
2023-02-15,-0.00879454527978008,18.95386483102903
2023-02-16,0.006199982700270857,19.07137846508468
2023-02-17,0.0017306769247010451,19.104384859716443
2023-02-20,0.0023369120545271506,19.14903012698944
2023-02-21,0.008830775745901482,19.318130917792395
2023-02-22,0.0017718474151942063,19.35235969812547
2023-02-23,0.001213983104142345,19.37585313582428
2023-02-24,0.006497751220738078,19.501752609190422
2023-02-27,0.0024461445693814755,19.549456715428814
2023-02-28,0.0017766493005219159,19.584189244027865
2023-03-01,0.008985668072669557,19.760166268047048
2023-03-02,-0.004381932198196414,19.673578559235377
2023-03-03,0.004159792116206826,19.75541655622366
2023-03-06,-0.002639199864870208,19.703278063518024
2023-03-07,-0.007187149888419241,19.561667650782315
2023-03-08,0.01044219243913912,19.765934348822267
2023-03-09,0.0014476792748233402,19.794549082326572
2023-03-10,-0.0022834689089514756,19.749348844930367
2023-03-13,-0.010311382978238316,19.54570574541946
2023-03-14,-0.011595328433558138,19.319066867835637
2023-03-15,-0.005823563744909202,19.206561050438633
2023-03-16,0.004872222912197707,19.300139697253105
2023-03-17,0.0053277475772288765,19.402965969765322
2023-03-20,-0.008589260864383833,19.236308833508247
2023-03-21,-0.005026272667349356,19.139621900197692
2023-03-22,0.002123111918241569,19.18025745956464
2023-03-23,-0.010715947773766162,18.974722822340556
2023-03-24,-0.0035167314377461136,18.907993818068714
2023-03-26,0.005011202672315548,19.002745607217946
2023-03-27,0.01070118096783157,19.20609742684645
2023-03-28,0.007451116795166867,19.34920430195324
2023-03-29,0.000501011366622553,19.35889847324362
2023-03-30,0.006987589981138414,19.494170518261136
2023-03-31,-0.00799387385035954,19.338336578320757
2023-04-02,0.00010613774153780606,19.340389105690278
2023-04-03,-0.010681628615784112,19.133802251978537
2023-04-04,-0.00682103375680416,19.003289940921775
2023-04-05,-0.00014125690976045813,19.000605594909437
2023-04-06,0.0037959019887270156,19.072730031474173
2023-04-09,0.000865586236717296,19.089239124086042
2023-04-10,0.007259377201170359,19.22781511137112
2023-04-11,-0.012557712880164803,18.98635772988963
2023-04-12,-0.01035279107107687,18.789795935111357
2023-04-13,-0.005299896316563172,18.690211964845886
2023-04-14,0.00563541511007346,18.795539067763055
2023-04-16,0.00419467887693851,18.874380318471275
2023-04-17,0.007772719258879296,19.021085577872068
2023-04-18,-0.001714421495555196,18.98847541988857
2023-04-19,0.013956916698041258,19.25349598954676
2023-04-20,-0.0030321252689784624,19.19511697784068
2023-04-21,0.0027348218162735333,19.2476122025176
2023-04-23,-0.0007390744863681252,19.233386783415213
2023-04-24,-0.00491006838371524,19.1389495390582
2023-04-25,0.006190300933086252,19.25742539624812
2023-04-26,0.004444727298938089,19.343019400614086
2023-04-27,-0.004349459987403246,19.25888771169555
2023-04-28,-0.007248661248956862,19.11928655864177
2023-04-30,0.00600680772347749,19.2341324368096
2023-05-01,0.005514922712628947,19.340207190643074
2023-05-02,0.013049403721185866,19.59258536232516
2023-05-03,-0.004299399951304553,19.508349001772448
2023-05-04,-0.006097713451692979,19.38939267964402
2023-05-05,-0.01081039855298264,19.17978561707678
2023-05-07,0.0008438181567243038,19.19596986842255
2023-05-08,0.002767829888185913,19.249101047557087
2023-05-09,-0.004243984828116351,19.167408154756377
2023-05-10,-0.007899077301340365,19.016003316075615
2023-05-11,-0.003675113935327512,18.94611733729447
2023-05-12,0.004316606391150125,19.027900268480117
2023-05-14,0.000777030303838951,19.04268552360715
2023-05-15,-0.0026123763798643735,18.992938861736096
2023-05-16,0.006513944901561326,19.11665781900017
2023-05-17,0.0002209268482398709,19.120881201961
2023-05-18,0.006055179599982726,19.23666157174881
2023-05-19,0.0036549795988679423,19.30697117734388
2023-05-21,0.0018484296266442512,19.34265875486885
2023-05-22,0.0019361700286581588,19.38010943102459
2023-05-23,-0.005886068974665155,19.26603677017702
2023-05-24,4.9267754951453e-05,19.266985964555502
2023-05-25,0.011953625732807473,19.49729630377505
2023-05-26,-0.0022994051972012705,19.452464119322777
2023-05-28,-0.0005432908110395572,19.441895774314673
2023-05-29,0.0016011667085114034,19.473025490578856
2023-05-30,0.010243528037159033,19.672497973159913
2023-05-31,0.00020204372558689922,19.676472677942012
2023-06-01,-0.004913197295204204,19.579798285601587
2023-06-02,-0.0030527954218506335,19.520025167034543
2023-06-04,-0.0031058266174059726,19.459399353298334
2023-06-05,-0.0016870049348965675,19.426571250559196
2023-06-06,-0.0042606494177400926,19.343801441071815
2023-06-07,-0.001440833820275413,19.315930237742826
2023-06-08,0.0036364617312937444,19.386171878856718
2023-06-09,0.0005757679559710037,19.39733381541351
2023-06-11,-0.0034755018438453033,19.32991834597236
2023-06-12,0.00523305759627384,19.431072922008102
2023-06-13,0.004980790509551802,19.52785502560845
2023-06-14,-0.005787365597549238,19.414840189239314
2023-06-15,0.003414739956653718,19.481136819785558
2023-06-16,-0.0015684737418372062,19.450581168222588
2023-06-18,0.004412715294297663,19.536411045226583
2023-06-19,-0.004758110169670187,19.443454649153434
2023-06-20,-0.004037613801145054,19.364949488320075
2023-06-21,-0.004655230710231948,19.274801180759955
2023-06-22,0.011805571302762136,19.502351220445977
2023-06-23,-0.00034597360834410585,19.495603921623044
2023-06-25,-0.0001190917402385729,19.493282156225014
2023-06-26,-0.001854558378120336,19.457130726485122
2023-06-27,0.01722027635778121,19.79218789472467
2023-06-28,0.0027962927249388114,19.84753264574531
2023-06-29,0.0018191396653250964,19.883638079640022
2023-06-30,0.0039340687460753246,19.96186167876741
2023-07-02,0.005574266776018383,20.073134421110836
2023-07-03,0.005550468574709436,20.18454972291113
2023-07-04,-0.005572216874739929,20.072077034336097
2023-07-05,-0.001318383435181072,20.04561434046435
2023-07-06,-0.008601553700304694,19.873190912259247
2023-07-07,0.004125739355873462,19.955182518132744
2023-07-09,0.0033345394731560353,20.02172386193349
2023-07-10,-0.006051134366523565,19.9005697205955
2023-07-11,-0.0004500839262722802,19.891612794040597
2023-07-12,0.007419582770828917,20.039200261611263
2023-07-13,0.005263928835883731,20.14468518571641
2023-07-14,-0.00028785797020735204,20.138886377528383
2023-07-16,0.002602477196974679,20.19129737009836
2023-07-17,0.0031334570691985146,20.254565933578984
2023-07-18,0.0026886381585203762,20.30902313243227
2023-07-19,-9.446729388603334e-05,20.307104593975478
2023-07-20,-0.0027873240844542295,20.25050211225516
2023-07-21,0.0023777842498807103,20.298653437229856
2023-07-23,0.006515310875465297,20.43090547472674
2023-07-24,0.00013820030217617406,20.43372903203708
2023-07-25,0.00022976982868949344,20.43842408645626
2023-07-26,0.0038564406428459536,20.517243655778987
2023-07-27,-0.0170773227710914,20.16686406349612
2023-07-28,0.003907642890257197,20.245668966472625
2023-07-30,0.009718182080786624,20.442420063836135
2023-07-31,0.007158845570791748,20.588764192166394
2023-08-01,-0.0048451130671631395,20.489009301742186
2023-08-02,-0.0063209224365576855,20.359499863143967
2023-08-03,-0.00973932652539895,20.16121204608299
2023-08-04,-0.007475763576338777,20.01049159141404
2023-08-06,0.002922992413257452,20.068982106521297
2023-08-07,0.0045719268325012195,20.16073602431509
2023-08-08,-0.006281355728350693,20.034099269600993
2023-08-09,-0.005124897053488049,19.931426573284927
2023-08-10,0.009052302704272423,20.11185187995428
2023-08-11,0.0026158953644395636,20.164462380057348
2023-08-13,-0.003439710713179317,20.095102462783164
2023-08-14,-0.00297883187735257,20.03524253098836
2023-08-15,-0.0038360236050489775,19.958386867706608
2023-08-16,-0.002552207827992118,19.907448916508752
2023-08-17,-0.004995465837367465,19.808001935537195
2023-08-18,-0.0015068892692677773,19.7781534699749
2023-08-20,-0.0004095840634632012,19.770052653508866
2023-08-21,0.00829737737647768,19.93409224112786
2023-08-22,0.0024810513789589677,19.983549748171008
2023-08-23,0.010887789652431009,20.201126434337986
2023-08-24,-0.0070146006423869225,20.05942359987474
2023-08-25,-0.0018724413847924183,20.021863504971254
2023-08-27,0.00189553164785238,20.059815580893908
2023-08-28,0.006690447215474083,20.194024718190022
2023-08-29,0.010370609096891636,20.403449054635338
2023-08-30,0.0016999804503735586,20.43813451914841
2023-08-31,-0.017223197172933195,20.086124498478185
2023-09-01,0.004430843407742545,20.17512297079936
2023-09-03,-0.0032717181271723766,20.109115655257863
2023-09-04,0.0049481714431917,20.20861900709105
2023-09-05,-0.007098545029430999,20.065167215086596
2023-09-06,-0.006207997255166698,19.940602712090875
2023-09-07,-0.003744133527180912,19.865942432924342
2023-09-08,-0.00098192110704163,19.84643564473818
2023-09-10,3.9925215735338185e-05,19.84722801796287
2023-09-11,0.009407128274896193,20.03393343782896
2023-09-12,-0.0027170180599123506,19.9795008788673
2023-09-13,0.0002617508311433662,19.98473052982817
2023-09-14,0.002799950101902006,20.040686778111645
2023-09-15,2.8712153611433217e-05,20.041262189388895
2023-09-17,0.0026868865893834694,20.095110787999882
2023-09-18,0.0033199784969271057,20.16182612370941
2023-09-19,-0.0011028498246932516,20.139590657303383
2023-09-20,0.0015833186288861714,20.171478046369234
2023-09-21,-0.013928530774859593,19.890518993625978
2023-09-22,-0.0011905639146071716,19.86683805946936
2023-09-24,0.0014653098685047537,19.895949133333882
2023-09-25,0.0002345016943900398,19.900614767117148
2023-09-26,-0.012589604288542292,19.65007390210042
2023-09-27,-0.00971701815524383,19.459133777241828
2023-09-28,0.005583556963716173,19.56778495915163
2023-09-29,0.0003610290656343546,19.574849498271966
2023-10-01,-0.0019260589668611881,19.53714718387086
2023-10-02,-0.012882779018357049,19.285454434051935
2023-10-03,-0.015769530731430257,18.981331867684556
2023-10-04,-0.0013267195494627395,18.95614896362086
2023-10-05,-0.0013750977203772785,18.93008240639385
2023-10-06,0.004741996830754978,19.0198487971709
2023-10-08,0.0030459748828840084,19.077782778883336
2023-10-09,0.017431176894563232,19.410330985258103
2023-10-10,0.007272237526814432,19.551487522656984
2023-10-11,0.00591642358266106,19.667162404512133
2023-10-12,-0.007267103989402045,19.524239090142085
2023-10-13,0.015657454314106246,19.82993897171367
2023-10-15,-0.001140062264852953,19.80733160657768
2023-10-16,0.0013749884354707675,19.83456645847426
2023-10-17,-0.0014413819761267437,19.805977271876728
2023-10-18,-0.002451911191395652,19.757414774547286
2023-10-19,0.004604616941800932,19.848390101344357
2023-10-20,-0.002559238032293902,19.797593346517193
2023-10-22,0.001661815574858833,19.83049329548516
2023-10-23,0.0022671600320030307,19.875452197299587
2023-10-24,-0.0004150362422976667,19.867203164305653
2023-10-25,-0.004690660218946268,19.774012864761122
2023-10-26,0.0024307179565060564,19.822077912903676
2023-10-27,0.0046475697849209996,19.91420240328604
2023-10-30,-0.00477578344646537,19.819096485098868
2023-10-31,-0.0038822289171942664,19.742154215611755
2023-11-01,0.007630679971386154,19.89280027637684
2023-11-02,0.003097816036986489,19.95442451209357
2023-11-03,0.009504200288409365,20.144075359296455
2023-11-06,0.0054214221580948145,20.253284895803677
2023-11-07,0.0074579277956035835,20.404332432180368
2023-11-08,-5.441397623842355e-05,20.403222151320243
2023-11-09,0.0045351358557556894,20.495753535671646
2023-11-10,0.001324054605556421,20.5228910325349
2023-11-13,0.0020241138814088133,20.564431701160494
2023-11-14,0.008475095328649674,20.738717220207334
2023-11-15,0.011391147379622024,20.974955004527022
2023-11-16,0.011588017112107465,21.218013142045166
2023-11-17,-0.004740597238506143,21.1174270875374
2023-11-20,0.002178864343535887,21.163439096445654
2023-11-21,-0.007140297689754527,21.01232584115804
2023-11-22,-0.0019527442892040526,20.971294141868828
2023-11-23,0.005550922367556393,21.087704167597533
2023-11-24,0.005964671849702372,21.213485403020854
2023-11-27,0.0021712487922175335,21.25954515758089
2023-11-28,-0.002688285921291606,21.202393421640704
2023-11-29,-0.0063881705141389765,21.066948917155404
2023-11-30,0.0050682452459058416,21.17372138085052
2023-12-01,0.003929326462836335,21.25691984458902
2023-12-04,-0.011714357947926036,21.00790867665913
2023-12-05,-0.00342266612200682,20.936005619337315
2023-12-06,0.00011382538696635904,20.938388668278467
2023-12-07,0.004730847848431738,21.03744499925942
2023-12-08,-0.008869659330357417,20.850850028934858
2023-12-11,0.0012857889601552523,20.877659821711912
2023-12-12,0.00447480181642684,20.971083211804853
2023-12-13,0.005429064296770264,21.084936570934662
2023-12-14,-0.003059304293911441,21.02043133394635
2023-12-15,-0.0001225176497486569,21.01785596010261
2023-12-18,-0.0009659680619107946,20.99755338251531
2023-12-19,0.008128154564045706,21.168224741875196
2023-12-20,0.0031229849194446607,21.234332788515488
2023-12-21,0.0014531912196516234,21.26519033447892
2023-12-22,0.004220188313381331,21.354933442210314
2023-12-25,0.003028669314710553,21.419610473844422
2023-12-26,0.0021501638939975367,21.465666146908774
2023-12-27,0.007798595867476881,21.633068202214695
2023-12-28,0.0006345313640246724,21.646795062489083
2023-12-29,-0.00240759775189945,21.594678287360807
2024-01-01,-0.002428549631468415,21.542234539364358
2024-01-02,-0.0022137845797064477,21.494544672728694
2024-01-03,-0.01650873603065622,21.139696908627467
2024-01-04,0.0021968126467589786,21.186136862144995
2024-01-05,0.011333183998797573,21.42624324942739
2024-01-08,0.008698306923919957,21.61261528943748
2024-01-09,-0.005432778930066745,21.495198728469383
2024-01-10,-0.0007488102702609904,21.479102902900205
2024-01-11,0.003497026663900179,21.554215898468307
2024-01-12,0.002365177258650967,21.60519543973942
2024-01-15,0.0015648998253621658,21.63900540630998
2024-01-16,-0.001715419665324917,21.601885430897923
2024-01-17,-0.009185448377887396,21.403462427407373
2024-01-18,0.004647245938058477,21.502929581233527
2024-01-19,0.007087992530291727,21.655342185484702
2024-01-22,-0.002109574754608605,21.609658622307794
2024-01-23,-0.0016596460746224203,21.57379423720135
2024-01-24,-0.0012234549768410064,21.547399671272505
2024-01-25,0.001486835116249221,21.579437101767606
2024-01-26,0.00132118363440406,21.607947500906114
2024-01-29,0.0048600978189465936,21.71296423942718
2024-01-30,-0.009674167415499594,21.502909388288206
2024-01-31,-0.005438203128415023,21.385972199182792
2024-02-01,0.009323685536587667,21.58536827886218
2024-02-02,0.0004106027496887184,21.59423129043052
2024-02-05,-0.006557737511372913,21.452621989868003
2024-02-06,0.006763563579243924,21.597718162637964
2024-02-07,-0.0020523823722061185,21.553391386601092
2024-02-08,-0.003693203548000629,21.47379032506065
2024-02-09,0.0006774455949499281,21.488337649723242
2024-02-12,0.0025703410219054487,21.54357000547688
2024-02-13,-0.011032676150139357,21.3058867744886
2024-02-14,0.004557519595509083,21.402988770963027
2024-02-15,0.005810774950482396,21.527356721978794
2024-02-16,-0.000260188193929637,21.521755557913224
2024-02-19,0.002206709622320122,21.569247822992093
2024-02-20,0.0041886469824742615,21.65959378780011
2024-02-21,0.0016454665184488127,21.69523392418114
2024-02-22,0.007222526397087513,21.851928323889528
2024-02-23,0.004026262906074241,21.9399099323262
2024-02-26,-0.005499806429732682,21.819244674612634
2024-02-27,0.004425862919957124,21.915813660559476
2024-02-28,0.0023879016660842477,21.968146468513115
2024-02-29,-0.00036487518051962455,21.960130837104735
2024-03-01,0.006372573503713392,22.10007338501535
2024-03-04,0.004736473457985101,22.204749796023
2024-03-05,0.005400590044794702,22.324668546718556
2024-03-06,0.0030166826084001134,22.39201498606174
2024-03-07,0.005335147454389861,22.511479687813285
2024-03-08,-6.927673969379689e-05,22.50992016589483
2024-03-11,-0.009806056888515692,22.289186608192118
2024-03-12,0.0016504648486330789,22.32597412719356
2024-03-13,0.0005675402572436093,22.338645016292922
2024-03-14,-0.004605592595484531,22.235762318212725
2024-03-15,-0.00966323822631609,22.020892849788094
2024-03-18,0.003264552941197367,22.092781220308662
2024-03-19,-6.72852537500096e-05,22.091294701918212
2024-03-20,0.015257919282147385,22.42836189331821
2024-03-21,0.006985240891978163,22.585029403955502
2024-03-22,-0.0031816623445080116,22.51317146635133
2024-03-25,-0.008223116069706236,22.328043044286325
2024-03-26,0.007065511017720667,22.485802078419873
2024-03-27,0.00833014662557659,22.673112106726805
2024-03-28,-0.0009910768139936605,22.65064131101675
2024-03-29,-0.0022249798358531282,22.600244090830593
2024-03-31,-0.00011962523589236313,22.5975405313
2024-04-01,0.0019511118372485061,22.641630860123325
2024-04-02,-0.00039150112906727086,22.632766636077662
2024-04-03,-0.003337486769113013,22.55723007688133
2024-04-04,-0.009031877524961209,22.353495937524563
2024-04-05,0.008712677209973317,22.548254732142663
2024-04-07,0.001674008587759329,22.586000704203254
2024-04-08,0.0084939225702561,22.777844445356504
2024-04-09,0.005476949759842864,22.902597555021234
2024-04-10,0.0013805978036388067,22.93421683090332
2024-04-11,0.007929062947415716,23.116063679805237
2024-04-12,-0.012756131655051746,22.82119212815908
2024-04-14,0.002828069524163133,22.8857320461218
2024-04-15,0.002796058929604783,22.949721901569898
2024-04-16,-0.0048512793359703245,22.838386389942546
2024-04-17,-0.0024094124113019336,22.78335929832051
2024-04-18,0.004140360320524379,22.877690615127523
2024-04-19,-0.0012985160539490542,22.8479835665865
2024-04-21,0.0016850091664975843,22.886482628332182
2024-04-22,0.00022588391902866124,22.89165231672105
2024-04-23,-0.0002433321508729256,22.88608204172579
2024-04-24,0.001267534135013219,22.91509093193039
2024-04-25,-0.0007615438110252476,22.8976400862521
2024-04-26,0.0065602791146222115,23.047854996284077
2024-04-28,0.011499622040808384,23.3128966175927
2024-04-29,-0.004812520587274185,23.200702822671538
2024-04-30,-0.005826448479954312,23.065525122976513
2024-05-01,-0.01493926692559746,22.720943086385294
2024-05-02,-0.009098529495843702,22.514215915540433
2024-05-03,0.0040963449123786995,22.606441909362253
2024-05-05,-0.002221359077129565,22.556224884425287
2024-05-06,0.00999893092807934,22.781763019042877
2024-05-07,0.001836227924327483,22.82359552846386
2024-05-08,0.002993661025635518,22.891921636862293
2024-05-09,0.003549745041301461,22.97318212217861
2024-05-10,0.002379704566347299,23.027851508578287
2024-05-12,0.0008752051657733265,23.048005603175252
2024-05-13,0.0022406270443852613,23.09964758784887
2024-05-14,-0.00044644960864631376,23.08933475922341
2024-05-15,-0.0065514244809227185,22.93806672623361
2024-05-16,0.005037406495932574,23.053615092564478
2024-05-17,0.008834453837831395,23.25728119089487
2024-05-19,-0.0009626349673569918,23.234892918774857
2024-05-20,0.00668733305582017,23.390272386239022
2024-05-21,-0.0014564829618459129,23.356204853035532
2024-05-22,-0.007415182075803341,23.183014341450512
2024-05-23,-0.006859293766928973,23.023995235679575
2024-05-24,0.002929405500938087,23.091441853976548
2024-05-26,-0.0005009454917775421,23.079874300281155
2024-05-27,0.0001123370860148033,23.082467026105636
2024-05-28,0.010646638522508073,23.328217708740297
2024-05-29,-0.000774831176013854,23.310142278378727
2024-05-30,-0.01130590841742508,23.04659994458223
2024-05-31,-0.003545192952055181,22.964895300889864
2024-06-02,0.001906578993791096,23.008679687865154
2024-06-03,-0.010359961061963286,22.770310662211685
2024-06-04,-0.00577915531187939,22.63871750039502
2024-06-05,0.007644204834091486,22.81177249414917
2024-06-06,0.00536677447225195,22.934198132437587
2024-06-07,-0.011366143821536568,22.673524738032686
2024-06-09,0.009939166899463227,22.898880684603103
2024-06-10,0.014521560719950644,23.231408170883473
2024-06-11,0.003152518873074968,23.304645623590293
2024-06-12,-0.005396186879205281,23.178889400651745
2024-06-13,-0.001966310397736738,23.13331250941525
2024-06-14,0.0011831281251439352,23.160682182072886
2024-06-16,0.0028030233249853737,23.22560211445181
2024-06-17,0.005745337291156957,23.35904103238954
2024-06-18,0.004646738617531915,23.46758439042326
2024-06-19,0.0006969365048998376,23.483939806666765
2024-06-20,0.011022759073583062,23.742797617254176
2024-06-21,-0.0032459592826577822,23.665729462932184
2024-06-23,0.0017477738782771233,23.70709180669787
2024-06-24,0.00033713221141201487,23.71508423098481
2024-06-25,0.001560139398410402,23.752083068230192
2024-06-26,0.011142121615608541,24.016731666400446
2024-06-27,0.0050007503415448774,24.13683334548399
2024-06-28,-0.00035065346120935844,24.128369681328763
2024-06-30,0.004225985109324844,24.230335812314344
2024-07-01,0.015752557466033962,24.612025569619128
2024-07-02,0.00180366764689125,24.65641748386351
2024-07-03,-0.004516454545649833,24.545057895039076
2024-07-04,-0.0038188360999288854,24.451324341874656
2024-07-05,0.0035063412163038915,24.537059028207786
2024-07-07,-0.003409310238864603,24.453404581631293
2024-07-08,-0.0046079339139387665,24.340724909348328
2024-07-09,0.00038803013538880085,24.350169844130367
2024-07-10,0.003956167930602458,24.446503205172437
2024-07-11,-0.008046566893346537,24.249792781823608
2024-07-12,0.0018795821709646277,24.295372259985914
2024-07-14,-0.0013426340772644384,24.26275246526983
2024-07-15,0.002774596723196839,24.330071818755705
2024-07-16,0.0021060802774337064,24.381312903161735
2024-07-17,-0.01025972172601802,24.131167417460325
2024-07-18,0.00037095520777834565,24.140118999683605
2024-07-19,-0.007695096013511197,23.954358466203455
2024-07-21,-0.000451151480973185,23.943551421905664
2024-07-22,0.008169491867864932,24.13915807053473
2024-07-23,-0.0050461060555452445,24.017349318819242
2024-07-24,-0.008143803709876031,23.821756740335253
2024-07-25,-0.008076196258265592,23.629367557683643
2024-07-26,0.005043630459185103,23.74854535562886
2024-07-28,-0.00017578226532806744,23.744370782528
2024-07-29,-0.0022680044667367557,23.690518443533374
2024-07-30,-0.006284122725751434,23.541644318197534
2024-07-31,0.010950996601417365,23.799448785117892
2024-08-01,0.003976254403376133,23.89408144814764
2024-08-02,0.0031024791851336254,23.96821233848841
2024-08-04,-0.018064235719343888,23.53524490103467
2024-08-05,-0.01442682140959553,23.19570612601635
2024-08-06,-0.0026053811615514375,23.135272470246747
2024-08-07,-0.000657999735534556,23.120049467079802
2024-08-08,0.009996942452676263,23.351179271105227
2024-08-09,0.00783936421375003,23.534237670231988
2024-08-11,-0.0034969707132396642,23.451939130340765
2024-08-12,0.0007898143500293493,23.47046180840192
2024-08-13,0.007459537983057191,23.645540609741587
2024-08-14,0.004690059327357,23.756439598028706
2024-08-15,0.01143181692294735,24.028018866254424
2024-08-16,0.00790475206020082,24.217954397889994
2024-08-18,-0.007158713721691229,24.044584995430526
2024-08-19,-0.0008299873224689831,24.02462829471029
2024-08-20,0.0024552382699920315,24.083614481521796
2024-08-21,0.0024352938631018906,24.142265160069957
2024-08-22,0.001008950177306152,24.16662350278378
2024-08-23,0.004993424904753383,24.28729772244638
2024-08-25,-0.015427410122466203,23.91260761971576
2024-08-26,0.003301875740213127,23.991564078700538
2024-08-27,0.0006350259252424859,24.00679934387763
2024-08-28,0.00867954339867191,24.215167400646028
2024-08-29,0.0019095079011395113,24.261406454124977
2024-08-30,0.002988983159809033,24.33392338944964
2024-09-01,0.004378338273684637,24.44046553757458
2024-09-02,-0.002791278403441292,24.372245393949495
2024-09-03,0.0017018024545889718,24.413722140984763
2024-09-04,0.0032477579556306037,24.493012001294705
2024-09-05,-0.001750592759662083,24.450134711822923
2024-09-06,-0.006054986463717959,24.302089477106755
2024-09-08,0.0010440153543555433,24.32746123166378
2024-09-09,0.008933587580865104,24.54479273719695
2024-09-10,0.0106443002152057,24.806054879811676
2024-09-11,0.0021959308253838056,24.86052726037842
2024-09-12,-0.009767659805473797,24.617698087514334
2024-09-13,0.0070036143355595845,24.790110950748527
2024-09-15,-0.002861897375962475,24.719164197268764
2024-09-16,-0.007019934144617383,24.545637292493954
2024-09-17,-0.002188979697970344,24.49190739078694
2024-09-18,-0.005044015101524608,24.368369840042668
2024-09-19,-0.0030841706261080354,24.293213629575874
2024-09-20,-0.002330959484224041,24.236587132863733
2024-09-22,0.006813567358655777,24.40172475183743
2024-09-23,0.0033158160717499403,24.48263638294799
2024-09-24,-0.00588720588773515,24.33850206188702
2024-09-25,0.00691088640427401,24.506702684886907
2024-09-26,0.004450885950672457,24.615779223564378
2024-09-27,-0.0018567162940246694,24.570074705189874
2024-09-29,-0.004496383770705292,24.459598220040444
2024-09-30,0.0009590122367519021,24.4830552740395
2024-10-01,-0.006522810577770469,24.323356942121855
2024-10-02,-0.0062197827716774885,24.172070945663883
2024-10-03,-0.009765019104216061,23.936030211091012
2024-10-04,-0.003938752141454978,23.841752120839146
2024-10-06,-0.008101920386185615,23.648588143288936
2024-10-07,-0.003865040396976788,23.55718539478366
2024-10-08,0.006945338778861497,23.720798028026877
2024-10-09,-0.003942355493886071,23.627282209601724
2024-10-10,-0.0020304664226379575,23.579307806416935
2024-10-11,0.0036382281724888217,23.665094708366023
2024-10-13,-0.0003282182489312954,23.65732739242005
2024-10-14,0.004163404407415475,23.75582241355332
2024-10-15,0.009061117525597854,23.97107671235976
2024-10-16,0.004242363109844437,24.072770723907528
2024-10-17,-0.006941301202933292,23.90567437152373
2024-10-18,0.005102675850667603,24.027657278833228
2024-10-20,0.002424692819315317,24.085916966902182
2024-10-21,-0.007752305513355125,23.89919558000545
2024-10-22,-0.004876625508949435,23.782648153196625
2024-10-23,-0.00976204400146538,23.55048089545375
2024-10-24,0.009279735259260484,23.76902312339183
2024-10-25,-0.0023548305530356386,23.713051101525053
2024-10-28,0.00590753687999788,23.853136825444587
2024-10-29,0.004916183206070024,23.970403216117926
2024-10-30,-0.0004432971630597263,23.959777204374824
2024-10-31,-0.009122981781678474,23.741192593446236
2024-11-01,-0.00028444208375110776,23.73443959915422
2024-11-04,-9.066165475013808e-05,23.732287795585595
2024-11-05,0.009346165841226368,23.95409369311485
2024-11-06,-0.0033412230909057434,23.874057722145693
2024-11-07,-0.01204757094085199,23.586433318092148
2024-11-08,0.006308479786208966,23.735227855908096
2024-11-11,-0.006749598662493578,23.575024593717878
2024-11-12,-0.009715765217078213,23.34597518977847
2024-11-13,-0.007552314038510393,23.16965905360999
2024-11-14,-0.003989827936700503,23.07721610063407
2024-11-15,-0.007894770537072625,22.895026774885128
2024-11-18,0.00803922348522739,23.079085011828692
2024-11-19,0.007487669835057637,23.251893580492492
2024-11-20,0.002531118853135513,23.31074688670518
2024-11-21,-0.005498824101031965,23.182565189911507
2024-11-22,0.009852216658174498,23.41096484485477
2024-11-25,0.002775054942526195,23.475931558556795
2024-11-26,0.00043703171313615375,23.4861912851433
2024-11-27,0.00454733825075546,23.59299094113879
2024-11-28,0.006561082753483546,23.747786507105786
2024-11-29,0.013593757946274121,24.07060816864318
2024-12-02,-0.006298319239198318,23.919003794115408
2024-12-03,0.004239085624388586,24.02039849924874
2024-12-04,0.005609306283327863,24.15513627147861
2024-12-05,0.004072048264669393,24.25349715221574
2024-12-06,-0.00528096441707258,24.12541529676532
2024-12-09,0.003944045574422589,24.220567034197632
2024-12-10,0.006063191974873054,24.367420981866253
2024-12-11,0.0042953429419676165,24.472087411594668
2024-12-12,-0.015698846645458665,24.087903864225783
2024-12-13,-0.0037622986724744883,23.997277975494715
2024-12-16,0.0035090484913238964,24.0814855875705
2024-12-17,0.008141302297209645,24.27754024150481
2024-12-18,-0.02730879543477411,23.614549861390056
2024-12-19,0.017040450920376787,24.016952439309865
2024-12-20,0.009284083159134418,24.23992782298539
2024-12-23,-0.013282214435965556,23.91796790372817
2024-12-24,0.011470557918547123,24.192320339861837
2024-12-25,-0.0007843344108378555,24.17334547054127
2024-12-26,0.004278573588606082,24.276772908019783
2024-12-27,-0.010423682179019305,24.02371954289436
2024-12-30,-0.00041739149743102847,24.013692246620487
2024-12-31,-0.0029119804986964815,23.94376484309663
2025-01-02,0.012859377561191666,24.251666755450394
2025-01-03,0.0008334866936657366,24.271880196990278
2025-01-06,-0.0014959451786537364,24.23557079483273
2025-01-07,-0.010585173061323458,23.97903308372947
2025-01-08,0.007745499764098791,24.164762678822814
2025-01-09,0.0016749273433655856,24.205236900579514
2025-01-10,-5.5470772173918294e-06,24.20510263226136
2025-01-13,0.003989962041924028,24.301680072984958
2025-01-14,-0.0011299601665458018,24.274220142522346
2025-01-15,0.008651039535354666,24.48421738066521
2025-01-16,-0.0007859032210218316,24.464975155361547
2025-01-17,-0.0014582914554710131,24.42929809113417
2025-01-20,0.003988265240216564,24.52672861155393
2025-01-21,-0.0048890575572987085,24.4068160236798
2025-01-22,0.003555856217483785,24.493603152186584
2025-01-23,-0.0014507750276354456,24.458068444396577
2025-01-24,0.0007568687710972569,24.4765799926035
2025-01-27,-0.01367010265977157,24.1419826313445
2025-01-28,0.0048218999140029655,24.258392855318444
2025-01-29,0.00011584269028233401,24.26120301280873
2025-01-30,-0.00037778626058790126,24.252037463645156
2025-01-31,-0.0009897430189456532,24.228034178870306
2025-02-03,0.00876315659358854,24.440348236334565
2025-02-04,-0.00011438678348450531,24.43755258351257
2025-02-05,-0.009045283841015477,24.21650798401496
2025-02-06,-0.0025683802351089717,24.15431078354546
2025-02-07,-0.0014447420365209418,24.11941403539328
2025-02-10,0.014765728154752859,24.475554746291827
2025-02-11,0.0016295972921416737,24.515440044030047
2025-02-12,0.00279232157444619,24.58389503617203
2025-02-13,0.0041185853775946284,24.685145906792332
2025-02-14,-0.01586915219837098,24.293413569358453
2025-02-17,-0.006271732070656427,24.141051788369786
2025-02-18,0.011347279762669658,24.414987056777516
2025-02-19,0.005987367490436851,24.561168556560705
2025-02-20,-0.0011235796651379347,24.533572127018527
2025-02-21,-0.019085539079359424,24.06533567743203
2025-02-24,0.0029113311730819265,24.13539783938042
2025-02-25,-0.008457058095634021,23.93128337769154
2025-02-26,-0.007060720170536551,23.762311282439846
2025-02-27,-0.002917904185332521,23.69297513489564
2025-02-28,0.009318361773710527,23.913754848698126
2025-03-03,0.00044546480083069474,23.924407584738915
2025-03-04,-0.0025381026680489564,23.863684982016597
2025-03-05,-0.009175296624914356,23.644728593743082
2025-03-06,-0.019865822505084476,23.175006612318885
2025-03-07,0.00046864980315105154,23.185867574605773
2025-03-10,-0.007998947329884152,23.00040504107883
2025-03-11,0.0042615940760417255,23.098423430948454
2025-03-12,-0.001314194952200043,23.06806759947172
2025-03-13,0.0014054960933103287,23.100489678362997
2025-03-14,0.0008201557215394611,23.11943567714307
2025-03-17,0.0017266408755707034,23.159354639803354
2025-03-18,-0.0019023404895979219,23.115297661759097
2025-03-19,0.0049943929550034065,23.230744541553793
2025-03-20,-0.0005270600619431793,23.218500543896738
2025-03-21,-0.0005465559062518058,23.20581033529016
2025-03-24,0.008012262889412935,23.391741388258364
2025-03-25,0.007031965743888073,23.556231312390484
2025-03-26,-0.007919847836950935,23.36966954478433
2025-03-27,0.0065188959341184564,23.52201398856152
2025-03-28,0.0014377883687810432,23.555833666684578
2025-03-30,-0.002875662085321313,23.488095048921156
2025-03-31,0.011281991423612218,23.75308753582007
2025-04-01,0.0006566308297478022,23.76868454539779
2025-04-02,0.00379101382439331,23.858791957097036
2025-04-03,-0.021516307075438005,23.345438862899144
2025-04-04,-0.02312759864734769,22.80551492263182
2025-04-06,0.015111619214683215,23.150143180137405
2025-04-07,-0.01597031131624061,22.780428186535065
2025-04-08,-0.0010850648764125029,22.75570994404022
2025-04-09,0.02592747987605561,23.34570815567968
2025-04-10,-0.006481966951844731,23.19438204694715
2025-04-11,0.009083151509512203,23.405060133249084
2025-04-13,-0.004150768684874541,23.307911142580387
2025-04-14,0.004105179990549985,23.403594313024428
2025-04-15,0.00622687029623683,23.54932545927738
2025-04-16,0.011740501662839105,23.825806353990767
2025-04-17,-0.0011935693665573084,23.797368601393117
2025-04-21,-0.0066174709976082515,23.639890204854005
2025-04-22,-0.0004533541732541122,23.629172961974366
2025-04-23,-0.009061917715886637,23.4150473408985
2025-04-24,0.009897434463333573,23.646796237410896
2025-04-25,0.0015333870044848183,23.683055927459044
2025-04-27,-0.0014085461492449008,23.64969725023007
2025-04-28,0.005689649705184286,23.78425574321754
2025-04-29,-0.004123836059086568,23.68617337174512
2025-04-30,-0.003408783818373181,23.605432327236333
2025-05-01,-0.011326639629227128,23.33806210197362
2025-05-02,-1.7200708419541546e-05,23.337660670772326
2025-05-04,0.0020072117689805343,23.384504297931173
2025-05-05,0.002986488585204716,23.454341853087612
2025-05-06,0.011144163287597115,23.715720868501542
2025-05-07,-0.004219182107548367,23.61565992334555
2025-05-08,-0.008637243800133712,23.411685711086566
2025-05-09,0.003706134227728396,23.498452560829246
2025-05-11,9.069450789456267e-05,23.500583741420538
2025-05-12,-0.0104594495411074,23.25478057159058
2025-05-13,0.00931119615498155,23.47131039503371
2025-05-14,-0.0033399309082131974,23.392917839989074
2025-05-15,0.010055784093100196,23.628151971095637
2025-05-16,-0.0015435950909490652,23.591679671704856
2025-05-18,-0.00029348414040153165,23.584755887875776
2025-05-19,0.004301119104895074,23.686196732009407
2025-05-20,0.009152781623554443,23.902991318190036
2025-05-21,-0.004848409809293943,23.787099820611456
2025-05-22,1.58530215711223e-05,23.787476918018026
2025-05-23,0.0065891885361073965,23.94421708822915
2025-05-25,0.0020819951154312753,23.994068831249667
2025-05-26,0.0025565582050901155,24.055411064793695
2025-05-27,-0.0033568255813387015,23.97466124556178
2025-05-28,-0.007256784414167681,23.80068229750004
2025-05-29,0.009401116128061202,24.024435275705926
2025-05-30,-0.002675741250517351,23.960152103218334
2025-06-01,0.0009529663453420167,23.982985321801976
2025-06-02,0.0025807621167999255,24.044879701768252
2025-06-03,-0.006933149644199286,23.87817295261912
2025-06-04,0.008228223282486902,24.074647891251107
2025-06-05,-0.007215738295625666,23.9009315325085
2025-06-06,-0.006333932977920745,23.74954463407172
2025-06-08,-0.004603574160537007,23.64021184406979
2025-06-09,0.0020971368096045417,23.689788602514838
2025-06-10,0.004208978367059606,23.789498410263036
2025-06-11,0.003196015608187539,23.865530018493192
2025-06-12,0.011104473044942189,24.130544153286806
2025-06-13,-0.007613290341799797,23.946831314542212
2025-06-15,-0.003001532554099467,23.874954120784086
2025-06-16,-0.0016410774154676246,23.835773472781142
2025-06-17,-0.005726978051608178,23.69926652125942
2025-06-18,-0.0003407400764508314,23.69119123137314
2025-06-19,0.0007719755943698494,23.709480252805307
2025-06-20,-0.0031668563743250345,23.634395734134777
2025-06-22,-0.0010556386249892253,23.609446353119544
2025-06-23,0.012510051000290356,23.90480173108569
2025-06-24,0.009923423595446419,24.142019204628415
2025-06-25,0.0034770567980596514,24.225962376622753
2025-06-26,0.0019175094187067912,24.27241588765716
2025-06-27,-0.0024893434818399115,24.211993507378715
2025-06-29,0.0014516004134945528,24.247139647165554
2025-06-30,0.009389538838378744,24.474809106602205
2025-07-01,0.003843226326671987,24.56887133730097
2025-07-02,-0.00488862518833722,24.448763334032424
2025-07-03,-0.0011157145654490817,24.421485492673426
2025-07-04,0.00158133315144737,24.46010399729058
2025-07-06,0.001235222101889301,24.490317658362542
2025-07-07,-0.006594655374817892,24.328812453385826
2025-07-08,-0.007407538048295115,24.148595849467537
2025-07-09,0.011498561228135923,24.42626995741615
2025-07-10,-0.003670086909683342,24.336623423793046
2025-07-11,-0.0047588272400110035,24.220809637314012
2025-07-13,-0.0003827107235141198,24.211540073733616
2025-07-14,-0.0006404554400108967,24.19603366118235
2025-07-15,-0.008675180521581687,23.98612870126533
2025-07-16,0.007040573394489086,24.155004800836252
2025-07-17,-0.0025280670053036067,24.09393933018631
2025-07-18,-0.0023073481385458847,24.038346224122566
2025-07-20,0.002258674443357726,24.092641022399576
2025-07-21,0.010433738715952608,24.344017343804534
2025-07-22,0.006150113499320805,24.493735813498365
2025-07-23,0.0011771686427145005,24.522569071240948
2025-07-24,-0.005941578367475857,24.376866305332328
2025-07-25,0.0026850012811261937,24.442318222591986
2025-07-27,0.0009551480844067455,24.465664256020755
2025-07-28,-0.011549363946851587,24.183101395326492
2025-07-29,0.0006011156379743339,24.19763823574994
2025-07-30,-0.006617468522999392,24.03751112639394
2025-07-31,-0.0010252216904708261,24.012867348602228
2025-08-01,0.0004278243380127255,24.02314063767943
2025-08-03,0.01451994910944715,24.37195541718763
2025-08-04,0.010175830916963077,24.619960314628692
2025-08-05,-0.004360079568607394,24.512615328680955
2025-08-06,0.009446254939542863,24.744167742310623
2025-08-07,0.008603142936027472,24.957045354230758
2025-08-08,0.0006022982273046316,24.97207693840637
2025-08-10,-0.0033761252244171435,24.887768079548533
2025-08-11,-0.005029654633153239,24.76259120151839
2025-08-12,0.011169576159200821,25.039178849842905
2025-08-13,0.004519527516953056,25.152344107656678
2025-08-14,-0.005977450687416431,25.00199721108023
2025-08-15,-0.001652749586048066,24.96067517053924
2025-08-17,0.0029275393437640652,25.033748529147907
2025-08-18,-0.002546140488017651,24.970009088450993
2025-08-19,-0.01021600349315897,24.714915388379165
2025-08-20,0.00699387345069146,24.88776837895003
2025-08-21,-0.005254078869958855,24.75700608098976
2025-08-22,0.016762274780016753,25.171989819649855
2025-08-24,0.007256755013184632,25.35465678296543
2025-08-25,-0.004766776118338386,25.233796810523724
2025-08-26,0.0031751693609985837,25.31391838901816
2025-08-27,0.006359055562125271,25.474891002549032
2025-08-28,0.01062248582775458,25.745497671187202
2025-08-29,0.000897694716247765,25.768609268413798
2025-08-31,-0.0012105181434304358,25.737415899363413
2025-09-01,-0.00012354810127309583,25.73423609049737
2025-09-02,0.006489685119679069,25.90124317952018
2025-09-03,0.006204419804473552,26.06194536566368
2025-09-04,0.0029900869977469696,26.139872849637545
2025-09-05,0.0015554873038698305,26.180533089979928
2025-09-07,0.0040205912410094,26.28579431200646
2025-09-08,0.008961694819294583,26.521359578713408
2025-09-09,-0.0032015610195851715,26.4364498276998
2025-09-10,0.006596467193397868,26.61083700169813
2025-09-11,0.0028166962097384927,26.68579164541878
2025-09-12,0.0019051847462801823,26.73663300860404
2025-09-14,0.0030294161971909997,26.81762939769866
2025-09-15,0.009429278835807645,27.070500303004913
2025-09-16,0.005491659582904304,27.21916227540792
2025-09-17,-0.010024924595075072,26.946292226055846
2025-09-18,-0.00025894976983537694,26.93931448988599
2025-09-19,0.002303434910559833,27.001367447348542
2025-09-21,-0.002718685107540597,26.927959231786204
2025-09-22,0.007768556515291754,27.13715060491981
2025-09-23,0.005318191827201652,27.281471177480434
2025-09-24,-0.005971142877992323,27.11856961515787
2025-09-25,-0.00017435058257037647,27.11384147674699
2025-09-26,0.003728928312620718,27.214947047893542
2025-09-28,0.0018934826813167757,27.266478078801683
2025-09-29,0.004448930807432599,27.387784753136653
2025-09-30,0.0018276653816994592,27.4378404592114
2025-10-01,-0.0011175068295681187,27.407178485109633
2025-10-02,-0.004513943541432569,27.283464028797884
2025-10-03,0.002464416967088109,27.350701860471393
2025-10-05,0.005956493073279678,27.513616126652625
2025-10-06,0.009763838688151968,27.782254636241
2025-10-07,-0.0014743218116145794,27.74129465225496
2025-10-08,0.010664529029154685,28.03714249438027
2025-10-09,-0.013562743028192641,27.656881935484172
2025-10-10,-0.010408066986031084,27.369027255674897
2025-10-12,-0.011714440098643796,27.048414425330144
2025-10-13,0.021713849942509474,27.635739637344575
2025-10-14,-0.001567379623287707,27.592423942162515
2025-10-15,0.01020019662818351,27.873872091820772
2025-10-16,0.006011258300888449,28.04142913681063
2025-10-17,-0.0011792561781550084,28.00836110825675
2025-10-19,0.0029983426088526764,28.09233977077177
2025-10-20,0.020647139985583575,28.67236624254147
2025-10-21,-0.017348265304509617,28.174950426057798
2025-10-22,0.004311923548145369,28.296438658267746
2025-10-23,0.01089957852921374,28.60485791352061
2025-10-24,0.004199176056444697,28.724974747969068
2025-10-27,6.298533085429838e-05,28.72678400000735
2025-10-28,-0.0005489849970857958,28.71101342657682
2025-10-29,-0.0019659482588882836,28.654569059719922
2025-10-30,0.001197316773002512,28.688877655878287
2025-10-31,0.004025404555596315,28.804361994689202
2025-11-03,0.0007225471868512493,28.82517450541751
2025-11-04,-0.0038027590998151147,28.715559310763275
2025-11-05,0.0010201769741592817,28.744854263172222
2025-11-06,0.0026144289003863985,28.820005640895257
2025-11-07,0.007969759709529756,29.049694160680488
2025-11-10,0.009458486236003073,29.32446029305938
2025-11-11,0.010478873910776175,29.631747614971914
2025-11-12,0.002401207720638886,29.702899596121004
2025-11-13,-0.0100764754240794,29.403599058316793
2025-11-14,0.00017738372750134782,29.408814778319716
2025-11-17,-0.004073811595908242,29.28900880765388
2025-11-18,-0.002741773132140673,29.208704990238022
2025-11-19,-0.002991053047961263,29.12134020414997
2025-11-20,-0.008939523628607133,28.861009295298263
2025-11-21,0.0014183518527235383,28.90194436130372
2025-11-24,0.005288070890008128,29.054779891945362
2025-11-25,0.005007263649100162,29.200264835130906
2025-11-26,0.013173430427863727,29.584932492411696
2025-11-27,0.004020179695006625,29.70386923729583
2025-11-28,0.004510662282691428,29.837853359914497
2025-12-01,-0.005322387875268398,29.679044730967654
2025-12-02,0.0027037748399466807,29.7592901853849
2025-12-03,0.00867388613070548,30.017418879783545
2025-12-04,0.005388265583369222,30.17916070483506
2025-12-05,-0.013633357950525053,29.767717404299624
2025-12-08,-0.010802241114544232,29.446159343468764
2025-12-09,0.0006910110528643627,29.466506965039507
2025-12-10,0.010471133220932204,29.77505468502596
2025-12-11,0.0015417837317143852,29.82096137995024
2025-12-12,0.00258290659914382,29.897986137891326
2025-12-15,0.0029794058931422894,29.987064373983646
2025-12-16,-0.00839158274357754,29.735425442052374
2025-12-17,-0.006994791102551095,29.527432352739737
2025-12-18,0.004482638879924128,29.659793169028458
2025-12-19,0.003002704504910016,29.748852763591795
2025-12-22,0.009751578000871473,30.0389510217524
2025-12-23,0.008176820678311587,30.284574137621853
2025-12-24,0.006656713076108337,30.486169858288132
2025-12-26,0.003515760641045804,30.59335193437214
2025-12-29,-0.008592561264449251,30.33047668359119
2025-12-30,-0.00031916042724514635,30.320796395694305
2025-12-31,-0.0027430031220429087,30.23762635651809
2026-01-02,-0.0031246728863795845,30.143143665293398
2026-01-05,0.013379712247043813,30.546450253756326
2026-01-06,0.00678992507274302,30.753858362217603
2026-01-07,-0.004090127110520523,30.62807117237719
2026-01-08,0.001514915042426295,30.67447009811673
2026-01-09,0.002669539657411851,30.756356812513747
2026-01-12,-0.00013387947317203676,30.752239167666996
2026-01-13,0.004082310979974139,30.877779371279953
2026-01-14,0.0016092142766614573,30.92746833467582
2026-01-15,-0.0011513765612764639,30.89185917253565
2026-01-16,-0.005803007870610363,30.712593470619638
2026-01-19,0.004342620339783975,30.845966603712668
2026-01-20,0.001352376393423689,30.88768196077987
2026-01-21,0.020797569736973755,31.530070680372656
2026-01-22,0.006154092774000199,31.724109660510454
2026-01-23,0.017441900374307925,32.277438420672695
2026-01-26,0.01995198626179005,32.92143742860773
2026-01-27,0.013463579052129979,33.364677803937546
2026-01-28,0.02788404653483667,34.29502003244237
2026-01-29,-0.00208804063408719,34.2234106370678
2026-01-30,-0.022017246078250875,33.46990538343445
2026-02-02,-0.01374989513900322,33.00969769409986
2026-02-03,0.010178532920286426,33.345687988767956
2026-02-04,-0.001305549247237307,33.302153550915605
2026-02-05,-0.0014170135468479833,33.25496394819475
2026-02-06,0.007820303456353919,33.51502785769974
2026-02-09,0.014422945722030945,33.998413285363696
2026-02-10,0.0037081254259220256,34.124483666108155
2026-02-11,-0.0002551535637131412,34.115776682490875
2026-02-12,-0.010678403310248177,33.75147465983288
2026-02-13,0.0036492269784201238,33.874641451723
2026-02-16,-0.0003184770265710708,33.8638531566373
2026-02-17,-0.004892942330396718,33.69815927605685
2026-02-18,0.006727107226724131,33.92485040685011
2026-02-19,0.0044986984013446665,34.07746807714126
2026-02-20,0.008281713694223052,34.359687911180174
2026-02-23,0.00584025332008324,34.56035719258047
2026-02-24,0.0018628863917857614,34.624739211689786
2026-02-25,0.004466996140822794,34.7794077881254
2026-02-26,0.005771878984267674,34.98015032102295
2026-02-27,0.00259517758831027,35.07093002317179
2026-03-02,0.00157806503973164,35.126274231752234
2026-03-03,-0.013979579556419073,34.63522368660886
2026-03-04,-0.003127625114845293,34.526897691148335
2026-03-05,-0.004461585673004308,34.37285297907622
2026-03-06,0.0007853397070659337,34.39984734536583
2026-03-09,0.003608763386678698,34.52398825497312
2026-03-10,0.007863108641906561,34.79545412537388
2026-03-11,0.002012115959059894,34.86546661392228
2026-03-12,-0.008063262814239334,34.58433719347314
2026-03-13,-0.010181722862226808,34.23220905679539
2026-03-16,-0.000519053798319568,34.214440698659594
2026-03-17,0.011719326603350585,34.61541090375816
2026-03-18,-0.004094095184188985,34.47369211667836
2026-03-19,-0.009957940126473391,34.13040515464199
2026-03-20,-0.012497243549479795,33.70386916898201
2026-03-23,0.00018795364752338987,33.71020393412797
2026-03-24,0.004400965429969908,33.858561376279305
2026-03-25,0.011442198299172751,34.245977749671404
2026-03-26,-0.015571991167705766,33.71269968662407
2026-03-27,0.0008723895227148957,33.74211029261312
2026-03-29,-0.0009497712791900345,33.71006300535793
2026-03-30,0.0034237684917932973,33.82547845693204
2026-03-31,0.021219909676235053,34.54325205454357
2026-04-01,0.003979442669059584,34.6807149456975
2026-04-02,0.003300070206113777,34.79516373981652
2026-04-05,-0.000568399062036222,34.77538620138341
2026-04-06,0.0021551841399475406,34.850333562185185
2026-04-07,0.004783882405322246,35.017053459732935
2026-04-08,0.008116781589993538,35.301279234590716
2026-04-09,0.006869504873783396,35.543781544343524
2026-04-10,-3.7373109825588886e-05,35.542453162692254
2026-04-12,0.004641592348940532,35.70742674135478
2026-04-13,0.008535030167336203,36.01219070579019
2026-04-14,0.0069770548432316355,36.263449735369406
2026-04-15,-0.00021073092520621742,36.255807905055505
2026-04-16,0.0003990252766137613,36.270274888833676
2026-04-17,0.0029160441203727283,36.376040610667566
2026-04-19,-0.0022959427473353547,36.292523304050725
2026-04-20,0.004144020909025793,36.44292027946402
2026-04-21,-0.006388900551646977,36.21009008598693
2026-04-22,0.0031757335115650356,36.32508368252978
2026-04-23,-0.00365256882096732,36.19240381445194
2026-04-24,0.0030407850584662113,36.3024571352009
2026-04-26,0.002768768708628533,36.40297024256318
2026-04-27,-0.0016379222924327729,36.343345006092115
2026-04-28,-0.001520561332838261,36.28808272096985
2026-04-29,-0.0036470883867239334,36.155736875901724
2026-04-30,0.004146323613018897,36.30565026145637
2026-05-01,-0.0005882619499187969,36.284293028840494
2026-05-03,0.00041285174340922935,36.29927306247582
2026-05-04,-0.005736228821062723,36.09105212615122
2026-05-05,0.009292567745915902,36.42643067305486
2026-05-06,0.004189102918761898,36.579024740107435
2026-05-07,-0.005760422018349022,36.368314120584785
2026-05-08,0.005338372482086137,36.562461727905976
2026-05-10,0.003001315835129824,36.67219722326127
2026-05-11,0.0023418318351937683,36.75807734218521
2026-05-12,-0.0016177533427291124,36.698611839692596
2026-05-13,-0.008904987245703244,36.37181116932512
2026-05-14,0.0015088419603952567,36.42669048419297
2026-05-15,-0.009926076804678753,36.06511635670661
2026-05-17,-0.003333664177966291,35.94488737023407
2026-05-18,0.005113588587028588,36.12869473605253
2026-05-19,-0.010212670226997251,35.759724290981374
2026-05-20,0.010458471276471957,36.13371634033316
2026-05-21,0.0006308710693833901,36.156512056601585
2026-05-22,-0.0008911598092924681,36.124290826212544
2026-05-24,0.00022207773400078755,36.13231322686161
2026-05-25,0.0021253018790225136,36.209105300056095
2026-05-26,0.0006944848525986075,36.234251975213134
2026-05-27,-0.005019964023436816,36.05235733388142
2026-05-28,0.006175687649836053,36.27500543181574
2026-05-29,0.0006144404620972139,36.29729426291584
2026-05-31,0.0006424299634836219,36.32061273234372
2026-06-01,-0.0007530360332968527,36.29326200220484
2026-06-02,0.0052328649814413816,36.48317974199846
2026-06-03,-0.010133170433518699,36.11348946371609
2026-06-04,0.0018712418664571454,36.18106653714445
2026-06-05,-0.017002729904242016,35.56588963516598
2026-06-07,-0.008701610500157896,35.256409116469165
2026-06-08,0.00010125529067121222,35.25997901442228
2026-06-09,0.0002646457206536022,35.26931041697878
2026-06-10,-0.00907422354689196,34.94926880991039
2026-06-11,0.017967345992850447,35.57721441481519
2026-06-12,-0.0008970282824424407,35.54530064727458
2026-06-14,0.003267435464853273,35.661442623218356
2026-06-15,0.005697806193054663,35.86463461185019
2026-06-16,-0.0014047667822068366,35.81425316449148
2026-06-17,-0.015156871212025327,35.27142114172241
2026-06-18,0.0007478138516144939,35.297797599018324
2026-06-19,0.0008255372237691056,35.32693724485338
2026-06-21,0.002019244463753492,35.398270967306416
2026-06-22,-0.003863734829390889,35.26150143486982
2026-06-23,-0.008904146735353783,34.94752785198485
2026-06-24,-0.004852925265468771,34.77793011110628
2026-06-25,0.007402168496379088,35.03536220974398
2026-06-26,0.0012087629627559595,35.07771165796986
2026-06-28,0.002138807755753802,35.152736139718016
2026-06-29,0.0040799867839081926,35.29615883858627
2026-06-30,0.0005269509928300259,35.31475818452935
2026-07-01,-0.004245562734019493,35.1648271632202
2026-07-02,-0.001189427742790421,35.12300114222184
2026-07-03,0.0023918477356007443,35.20701001297136
2026-07-05,0.0009560368340040059,35.240669211358906
2026-07-06,0.009024091761181387,35.558684244047654
2026-07-07,-0.0019651817912265156,35.488804965251276
2026-07-08,-0.00184524344004095,35.42331948069425
2026-07-09,0.006847729755987024,35.66588879955804
2026-07-10,0.0067117596735427896,35.90526967372398
2026-07-12,0.0014416029676610665,35.95703081704029
2026-07-13,-0.003842368512122418,35.81887065403948
2026-07-14,0.0075053060979662495,36.0877022423815
2026-07-15,-0.00023395939577461702,36.07925918536998
2026-07-16,-0.00693634597685687,35.82900096107156
2026-07-17,0.002571436829000091,35.92113297368914
